player_a,player_b,condition,round_type,score_a,score_b,gap,recommendation,color_a,color_b,exec_a,exec_b,upside_a,upside_b,exec_a_bucket,exec_b_bucket,upside_a_bucket,upside_b_bucket,exec_a_roi,exec_b_roi,upside_a_roi,upside_b_roi
Harry Hall,Ryo Hisatsune,Tough,Closing,0.0,-26.847826086956523,26.847826086956523,BET A,Green,Green,25,50,75,50,25-50,50-75,75-100,50-75,0.0,-25.000000000000004,0.0,-28.695652173913043
Sam Stevens,Corey Conners,Tough,Closing,-21.968478022379877,0.0,-21.968478022379877,BET B,Yellow,Green,50,25,75,75,50-75,25-50,75-100,75-100,-20.79646017699115,0.0,-23.1404958677686,0.0
Ludvig Aberg,Sam Burns,Tough,Closing,-17.170918943328065,0.0,-17.170918943328065,BET B,Purple,Green,50,25,50,75,50-75,25-50,50-75,75-100,-20.388349514563107,0.0,-13.953488372093023,0.0
Thomas Detry,Marc Leishman,Moderate,Open,-16.457663080453408,0.0,-16.457663080453408,BET B,Blue,nan,50,50,25,25,50-75,50-75,25-50,25-50,-9.557661927330177,0.0,-23.35766423357664,0.0
Caleb Surratt,Anthony Kim,Moderate,Open,-16.457663080453408,0.0,-16.457663080453408,BET B,Blue,nan,50,50,25,50,50-75,50-75,25-50,50-75,-9.557661927330177,0.0,-23.35766423357664,0.0
Keegan Bradley,Pierceson Coody,Tough,Closing,-19.05493425095244,-4.0,-15.054934250952439,BET B,Purple,Orange,50,25,75,50,50-75,25-50,75-100,50-75,-20.388349514563107,0.0,-17.72151898734177,-8.0
Sebastian Munoz,Joaquin Niemann,Moderate,Open,-14.882386606837976,0.0,-14.882386606837976,BET B,Yellow,nan,50,50,25,50,50-75,50-75,25-50,50-75,-10.011686793922866,0.0,-19.753086419753085,0.0
Kurt Kitayama,Ben Griffin,Moderate,Open,-13.99490841106625,0.0,-13.99490841106625,BET B,Blue,nan,25,50,25,75,25-50,50-75,25-50,75-100,-4.6321525885558605,0.0,-23.35766423357664,0.0
Harris English,Robert MacIntyre,Moderate,Open,-13.935419213444785,0.0,-13.935419213444785,BET B,Yellow,nan,25,50,25,75,25-50,50-75,25-50,75-100,-8.117752007136486,0.0,-19.753086419753085,0.0
Christiaan Bezuidenhout,Thorbjorn Olesen,Moderate,Open,-13.935419213444785,0.0,-13.935419213444785,BET B,Yellow,nan,25,25,25,25,25-50,25-50,25-50,25-50,-8.117752007136486,0.0,-19.753086419753085,0.0
Alex Fitzpatrick,Jacob Olesen,Calm,Open,-13.47647287232165,0.0,-13.47647287232165,BET B,Orange,nan,25,25,50,75,25-50,25-50,50-75,75-100,-15.048183839881396,0.0,-11.904761904761903,0.0
Tom Hoge,Sahith Theegala,Tough,Open,11.986426999266325,0.0,11.986426999266325,BET A,Yellow,nan,25,25,50,75,25-50,25-50,50-75,75-100,11.206896551724135,0.0,12.765957446808512,0.0
Min Woo Lee,Michael Thorbjornsen,Calm,Open,-11.386304863573269,0.0,-11.386304863573269,BET B,Orange,nan,25,50,75,50,25-50,50-75,75-100,50-75,-15.048183839881396,0.0,-7.72442588726514,0.0
Matt Killeen,Adri Arnaus,Calm,Open,-10.621714015079947,0.0,-10.621714015079947,BET B,Blue,nan,50,50,75,75,50-75,50-75,75-100,75-100,-7.70901194353963,0.0,-13.534416086620263,0.0
Brian Campbell,Patrick Rodgers,Calm,Open,-10.621714015079947,0.0,-10.621714015079947,BET B,Blue,nan,50,50,75,75,50-75,50-75,75-100,75-100,-7.70901194353963,0.0,-13.534416086620263,0.0
Cameron Smith,Lucas Herbert,Calm,Open,-10.621714015079947,0.0,-10.621714015079947,BET B,Blue,nan,50,25,75,50,50-75,25-50,75-100,50-75,-7.70901194353963,0.0,-13.534416086620263,0.0
Dustin Johnson,Paul Casey,Calm,Open,-10.621714015079947,0.0,-10.621714015079947,BET B,Blue,nan,50,25,75,50,50-75,25-50,75-100,50-75,-7.70901194353963,0.0,-13.534416086620263,0.0
Nicolai Hojgaard,Austin Smotherman,Calm,Open,-10.453679052615788,0.0,-10.453679052615788,BET B,Blue,nan,25,25,75,75,25-50,25-50,75-100,75-100,-7.372942018611314,0.0,-13.534416086620263,0.0
Harris English,Patrick Cantlay,Calm,Open,-10.453679052615788,0.0,-10.453679052615788,BET B,Blue,nan,25,50,75,50,25-50,50-75,75-100,50-75,-7.372942018611314,0.0,-13.534416086620263,0.0
Rory McIlroy,Viktor Hovland,Calm,Open,-10.453679052615788,0.0,-10.453679052615788,BET B,Blue,nan,25,50,75,50,25-50,50-75,75-100,50-75,-7.372942018611314,0.0,-13.534416086620263,0.0
Kurt Kitayama,Pierceson Coody,Calm,Open,-10.453679052615788,0.0,-10.453679052615788,BET B,Blue,nan,25,25,75,75,25-50,25-50,75-100,75-100,-7.372942018611314,0.0,-13.534416086620263,0.0
Rory McIlroy,Hideki Matsuyama,Tough,Closing,-4.0,-14.443811152275105,10.443811152275105,BET A,Orange,Yellow,25,25,50,75,25-50,25-50,50-75,75-100,0.0,-5.747126436781609,-8.0,-23.1404958677686
Jordan Spieth,Matt McCarty,Tough,Closing,-16.925232709438497,-26.847826086956523,9.922593377518027,BET A,Blue,Green,50,50,50,50,50-75,50-75,50-75,50-75,-14.43298969072165,-25.000000000000004,-19.417475728155345,-28.695652173913043
Thorbjorn Olesen,Will Zalatoris,Calm,Open,-9.789553822772817,0.0,-9.789553822772817,BET B,Green,nan,50,50,50,50,50-75,50-75,50-75,50-75,-9.87284966342558,0.0,-9.706257982120055,0.0
Kristoffer Reitan,Michael Brennan,Calm,Open,-9.789553822772817,0.0,-9.789553822772817,BET B,Green,nan,50,50,50,50,50-75,50-75,50-75,50-75,-9.87284966342558,0.0,-9.706257982120055,0.0
Lucas Glover,Ryo Hisatsune,Calm,Open,-9.789553822772817,0.0,-9.789553822772817,BET B,Green,nan,50,25,50,50,50-75,25-50,50-75,50-75,-9.87284966342558,0.0,-9.706257982120055,0.0
Matt Fitzpatrick,Harris English,Tough,Closing,0.0,-9.593993325917687,9.593993325917687,BET A,Green,Yellow,25,25,75,50,25-50,25-50,75-100,50-75,0.0,-5.747126436781609,0.0,-13.440860215053764
J.T. Poston,Jacob Bridgeman,Tough,Closing,-12.500000000000002,-21.968478022379877,9.468478022379875,BET A,Green,Yellow,50,50,75,75,50-75,50-75,75-100,75-100,-25.000000000000004,-20.79646017699115,0.0,-23.1404958677686
Jake Knapp,Sam Burns,Tough,Open,-4.459308807134894,4.937862468931233,-9.397171276066128,BET B,Purple,Green,50,25,50,75,50-75,25-50,50-75,75-100,-5.072463768115943,2.816901408450704,-3.846153846153845,7.058823529411763
Antoine Rozner,JC Ritchie,Calm,Open,-13.47647287232165,-4.599156562439124,-8.877316309882527,BET B,Orange,Green,25,25,50,75,25-50,25-50,50-75,75-100,-15.048183839881396,-3.812316715542521,-11.904761904761903,-5.385996409335728
Jayden Schaper,Hennie du Plessis,Moderate,Open,-8.815040377057523,0.0,-8.815040377057523,BET B,Yellow,nan,50,25,75,75,50-75,25-50,75-100,75-100,-10.011686793922866,0.0,-7.618393960192178,0.0
Patrick Cantlay,Maverick McNealy,Moderate,Open,-8.815040377057523,0.0,-8.815040377057523,BET B,Yellow,nan,50,50,75,75,50-75,50-75,75-100,75-100,-10.011686793922866,0.0,-7.618393960192178,0.0
Rickie Fowler,Shane Lowry,Moderate,Open,-8.815040377057523,0.0,-8.815040377057523,BET B,Yellow,nan,50,25,75,75,50-75,25-50,75-100,75-100,-10.011686793922866,0.0,-7.618393960192178,0.0
Ryan Gerard,Michael Thorbjornsen,Moderate,Open,-8.815040377057523,0.0,-8.815040377057523,BET B,Yellow,nan,50,50,75,75,50-75,50-75,75-100,75-100,-10.011686793922866,0.0,-7.618393960192178,0.0
Jacob Bridgeman,Pierceson Coody,Moderate,Open,-8.815040377057523,0.0,-8.815040377057523,BET B,Yellow,nan,50,25,75,25,50-75,25-50,75-100,25-50,-10.011686793922866,0.0,-7.618393960192178,0.0
Sepp Straka,Chris Gotterup,Moderate,Open,-8.815040377057523,0.0,-8.815040377057523,BET B,Yellow,nan,50,50,75,75,50-75,50-75,75-100,75-100,-10.011686793922866,0.0,-7.618393960192178,0.0
Aaron Rai,Keegan Bradley,Moderate,Open,-8.815040377057523,0.0,-8.815040377057523,BET B,Yellow,nan,50,50,75,75,50-75,50-75,75-100,75-100,-10.011686793922866,0.0,-7.618393960192178,0.0
Tony Finau,Jordan Smith,Calm,Open,-8.363221328763021,0.0,-8.363221328763021,BET B,Purple,nan,75,25,50,50,75-100,25-50,50-75,50-75,-10.067114093959727,0.0,-6.6593285635663175,0.0
Keith Mitchell,Max McGreevy,Calm,Open,-8.363221328763021,0.0,-8.363221328763021,BET B,Purple,nan,75,50,50,50,75-100,50-75,50-75,50-75,-10.067114093959727,0.0,-6.6593285635663175,0.0
Matt Wallace,Matti Schmid,Calm,Open,-8.363221328763021,0.0,-8.363221328763021,BET B,Purple,nan,75,50,50,50,75-100,50-75,50-75,50-75,-10.067114093959727,0.0,-6.6593285635663175,0.0
Wenyi Ding,Alex Fitzpatrick,Calm,Open,-8.363221328763021,0.0,-8.363221328763021,BET B,Purple,nan,75,50,50,50,75-100,50-75,50-75,50-75,-10.067114093959727,0.0,-6.6593285635663175,0.0
Seamus Power,Mackenzie Hughes,Calm,Open,-8.363221328763021,0.0,-8.363221328763021,BET B,Purple,nan,75,75,50,50,75-100,75-100,50-75,50-75,-10.067114093959727,0.0,-6.6593285635663175,0.0
Matthew Wolff,Richard T. Lee,Moderate,Open,-8.127067722374239,0.0,-8.127067722374239,BET B,Yellow,nan,50,50,50,50,50-75,50-75,50-75,50-75,-10.011686793922866,0.0,-6.2424486508256125,0.0
Davis Thompson,Corey Conners,Moderate,Open,-8.127067722374239,0.0,-8.127067722374239,BET B,Yellow,nan,50,25,50,75,50-75,25-50,50-75,75-100,-10.011686793922866,0.0,-6.2424486508256125,0.0
Calum Hill,Ewen Ferguson,Moderate,Open,-8.127067722374239,0.0,-8.127067722374239,BET B,Yellow,nan,50,25,50,75,50-75,25-50,50-75,75-100,-10.011686793922866,0.0,-6.2424486508256125,0.0
Alejandro Del Rey,Julien Guerrier,Moderate,Open,-8.127067722374239,0.0,-8.127067722374239,BET B,Yellow,nan,50,75,50,75,50-75,75-100,50-75,75-100,-10.011686793922866,0.0,-6.2424486508256125,0.0
Daniel Berger,Alex Noren,Moderate,Open,-8.127067722374239,0.0,-8.127067722374239,BET B,Yellow,nan,50,50,50,75,50-75,50-75,50-75,75-100,-10.011686793922866,0.0,-6.2424486508256125,0.0
Dean Burmester,Thomas Pieters,Moderate,Open,-8.127067722374239,0.0,-8.127067722374239,BET B,Yellow,nan,50,50,50,50,50-75,50-75,50-75,50-75,-10.011686793922866,0.0,-6.2424486508256125,0.0
Nick Taylor,Max McGreevy,Moderate,Open,-8.127067722374239,0.0,-8.127067722374239,BET B,Yellow,nan,50,25,50,25,50-75,25-50,50-75,25-50,-10.011686793922866,0.0,-6.2424486508256125,0.0
Richard Bland,Charl Schwartzel,Moderate,Open,-8.127067722374239,0.0,-8.127067722374239,BET B,Yellow,nan,50,50,50,50,50-75,50-75,50-75,50-75,-10.011686793922866,0.0,-6.2424486508256125,0.0
Lucas Herbert,Cameron Smith,Moderate,Open,-8.127067722374239,0.0,-8.127067722374239,BET B,Yellow,nan,50,50,50,50,50-75,50-75,50-75,50-75,-10.011686793922866,0.0,-6.2424486508256125,0.0
Aaron Rai,Davis Thompson,Calm,Open,-7.936829431588663,0.0,-7.936829431588663,SKIP,Green,nan,75,50,50,50,75-100,50-75,50-75,50-75,-6.167400881057271,0.0,-9.706257982120055,0.0
Doug Ghim,Garrick Higgo,Calm,Open,-7.936829431588663,0.0,-7.936829431588663,SKIP,Green,nan,75,50,50,50,75-100,50-75,50-75,50-75,-6.167400881057271,0.0,-9.706257982120055,0.0
Calum Hill,Frederic Lacroix,Calm,Open,-7.936829431588663,0.0,-7.936829431588663,SKIP,Green,nan,75,50,50,50,75-100,50-75,50-75,50-75,-6.167400881057271,0.0,-9.706257982120055,0.0
Angel Ayora,Casey Jarvis,Moderate,Open,-7.868072983664332,0.0,-7.868072983664332,SKIP,Yellow,nan,25,50,75,50,25-50,50-75,75-100,50-75,-8.117752007136486,0.0,-7.618393960192178,0.0
Hideki Matsuyama,Min Woo Lee,Moderate,Open,-7.868072983664332,0.0,-7.868072983664332,SKIP,Yellow,nan,25,25,75,25,25-50,25-50,75-100,25-50,-8.117752007136486,0.0,-7.618393960192178,0.0
Nico Echavarria,Wyndham Clark,Moderate,Open,-7.67494000252621,0.0,-7.67494000252621,SKIP,Green,nan,25,25,75,25,25-50,25-50,75-100,25-50,-9.890109890109889,0.0,-5.459770114942531,0.0
Taylor Pendrith,Rasmus Hojgaard,Moderate,Open,-7.67494000252621,0.0,-7.67494000252621,SKIP,Green,nan,25,25,75,25,25-50,25-50,75-100,25-50,-9.890109890109889,0.0,-5.459770114942531,0.0
Sam Burns,Jason Day,Moderate,Open,-7.67494000252621,0.0,-7.67494000252621,SKIP,Green,nan,25,25,75,25,25-50,25-50,75-100,25-50,-9.890109890109889,0.0,-5.459770114942531,0.0
Sahith Theegala,Justin Rose,Moderate,Open,-7.67494000252621,0.0,-7.67494000252621,SKIP,Green,nan,25,25,75,25,25-50,25-50,75-100,25-50,-9.890109890109889,0.0,-5.459770114942531,0.0
Calum Hill,Brandon Robinson Thompson,Calm,Open,-7.629423036380654,0.0,-7.629423036380654,SKIP,Green,nan,50,50,75,75,50-75,50-75,75-100,75-100,-9.87284966342558,0.0,-5.385996409335728,0.0
Michael Kim,Patrick Rodgers,Tough,Closing,-9.593993325917687,-16.925232709438497,7.33123938352081,SKIP,Yellow,Blue,25,50,50,50,25-50,50-75,50-75,50-75,-5.747126436781609,-14.43298969072165,-13.440860215053764,-19.417475728155345
Jason Scrivener,Joe Dean,Moderate,Open,-7.18010032898105,0.0,-7.18010032898105,SKIP,Yellow,nan,25,75,50,75,25-50,75-100,50-75,75-100,-8.117752007136486,0.0,-6.2424486508256125,0.0
Joel Girrbach,Tapio Pulkkanen,Calm,Open,0.04897972911897308,-7.076348631915785,7.125328361034758,SKIP,Purple,Purple,25,50,75,50,25-50,50-75,75-100,50-75,2.2049286640726304,-7.493368700265252,-2.1069692058346843,-6.6593285635663175
Niklas Norgaard,Daniel van Tonder,Calm,Open,-7.076348631915785,0.04897972911897308,-7.125328361034758,SKIP,Purple,Purple,50,25,50,75,50-75,25-50,50-75,75-100,-7.493368700265252,2.2049286640726304,-6.6593285635663175,-2.1069692058346843
Kurt Kitayama,Sahith Theegala,Tough,Closing,-4.0,-11.09956546382014,7.09956546382014,SKIP,Orange,Purple,25,25,50,75,25-50,25-50,50-75,75-100,0.0,-4.477611940298508,-8.0,-17.72151898734177
Angel Ayora,Antoine Rozner,Calm,Open,-7.076348631915785,0.0,-7.076348631915785,SKIP,Purple,nan,50,50,50,50,50-75,50-75,50-75,50-75,-7.493368700265252,0.0,-6.6593285635663175,0.0
Joakim Lagergren,Jacques Kruyswijk,Calm,Open,-7.076348631915785,0.0,-7.076348631915785,SKIP,Purple,nan,50,25,50,50,50-75,25-50,50-75,50-75,-7.493368700265252,0.0,-6.6593285635663175,0.0
Niklas Norgaard,Ewen Ferguson,Calm,Open,-7.076348631915785,0.0,-7.076348631915785,SKIP,Purple,nan,50,25,50,50,50-75,25-50,50-75,50-75,-7.493368700265252,0.0,-6.6593285635663175,0.0
Johnny Keefer,Mac Meissner,Calm,Open,-7.076348631915785,0.0,-7.076348631915785,SKIP,Purple,nan,50,50,50,25,50-75,50-75,50-75,25-50,-7.493368700265252,0.0,-6.6593285635663175,0.0
Patrick Reed,Alex Fitzpatrick,Moderate,Open,-7.004717196146538,0.0,-7.004717196146538,SKIP,Blue,nan,50,25,50,75,50-75,25-50,50-75,75-100,-9.557661927330177,0.0,-4.451772464962899,0.0
Peter Uihlein,Paul Casey,Moderate,Open,-7.004717196146538,0.0,-7.004717196146538,SKIP,Blue,nan,50,50,50,50,50-75,50-75,50-75,50-75,-9.557661927330177,0.0,-4.451772464962899,0.0
Victor Perez,Dustin Johnson,Moderate,Open,-7.004717196146538,0.0,-7.004717196146538,SKIP,Blue,nan,50,50,50,50,50-75,50-75,50-75,50-75,-9.557661927330177,0.0,-4.451772464962899,0.0
Denny McCarthy,Ryan Fox,Tough,Open,7.0023356090549775,0.0,7.0023356090549775,SKIP,Orange,nan,25,25,50,75,25-50,25-50,50-75,75-100,10.743801652892564,0.0,3.2608695652173907,0.0
Angel Ayora,Calum Hill,Calm,Open,-13.47647287232165,-6.654587793268107,-6.821885079053544,SKIP,Orange,Yellow,25,50,50,75,25-50,50-75,50-75,75-100,-15.048183839881396,-5.978538579458352,-11.904761904761903,-7.33063700707786
Xander Schauffele,Shane Lowry,Calm,Open,-6.759287348831288,0.0,-6.759287348831288,SKIP,Green,nan,25,75,50,75,25-50,75-100,50-75,75-100,-3.812316715542521,0.0,-9.706257982120055,0.0
Joost Luiten,Sean Crocker,Calm,Open,-6.759287348831288,0.0,-6.759287348831288,SKIP,Green,nan,25,25,50,50,25-50,25-50,50-75,50-75,-3.812316715542521,0.0,-9.706257982120055,0.0
Ashun Wu,Francesco Molinari,Calm,Open,-6.759287348831288,0.0,-6.759287348831288,SKIP,Green,nan,25,50,50,50,25-50,50-75,50-75,50-75,-3.812316715542521,0.0,-9.706257982120055,0.0
Joost Luiten,Joel Girrbach,Calm,Open,-6.759287348831288,0.0,-6.759287348831288,SKIP,Green,nan,25,25,50,50,25-50,25-50,50-75,50-75,-3.812316715542521,0.0,-9.706257982120055,0.0
Nathan Kimsey,Niklas Norgaard,Calm,Open,-6.759287348831288,0.0,-6.759287348831288,SKIP,Green,nan,25,50,50,75,25-50,50-75,50-75,75-100,-3.812316715542521,0.0,-9.706257982120055,0.0
Matt McCarty,Max Greyserman,Calm,Open,-6.654587793268107,0.0,-6.654587793268107,SKIP,Yellow,nan,50,50,75,50,50-75,50-75,75-100,50-75,-5.978538579458352,0.0,-7.33063700707786,0.0
Bud Cauley,Michael Kim,Calm,Open,-6.654587793268107,0.0,-6.654587793268107,SKIP,Yellow,nan,50,50,75,50,50-75,50-75,75-100,50-75,-5.978538579458352,0.0,-7.33063700707786,0.0
Elvis Smylie,Branden Grace,Calm,Open,-6.654587793268107,0.0,-6.654587793268107,SKIP,Yellow,nan,50,50,75,50,50-75,50-75,75-100,50-75,-5.978538579458352,0.0,-7.33063700707786,0.0
Wenyi Ding,Yanhan Zhou,Calm,Open,-6.654587793268107,0.0,-6.654587793268107,SKIP,Yellow,nan,50,50,75,50,50-75,50-75,75-100,50-75,-5.978538579458352,0.0,-7.33063700707786,0.0
Oihan Guillamoundeguy,Rocco Repetto Taylor,Calm,Open,-6.654587793268107,0.0,-6.654587793268107,SKIP,Yellow,nan,50,25,75,75,50-75,25-50,75-100,75-100,-5.978538579458352,0.0,-7.33063700707786,0.0
Wenyi Ding,Eugenio Chacarra,Calm,Open,-6.654587793268107,0.0,-6.654587793268107,SKIP,Yellow,nan,50,25,75,75,50-75,25-50,75-100,75-100,-5.978538579458352,0.0,-7.33063700707786,0.0
Mikael Lindberg,Martin Couvra,Calm,Open,-6.654587793268107,0.0,-6.654587793268107,SKIP,Yellow,nan,50,25,75,50,50-75,25-50,75-100,50-75,-5.978538579458352,0.0,-7.33063700707786,0.0
Jorge Campillo,Adrian Otaegui,Calm,Open,-6.654587793268107,0.0,-6.654587793268107,SKIP,Yellow,nan,50,25,75,50,50-75,25-50,75-100,50-75,-5.978538579458352,0.0,-7.33063700707786,0.0
Niklas Lemke,Ivan Cantero Gutierrez,Calm,Open,-6.654587793268107,0.0,-6.654587793268107,SKIP,Yellow,nan,50,50,75,75,50-75,50-75,75-100,75-100,-5.978538579458352,0.0,-7.33063700707786,0.0
Nacho Elvira,Sean Crocker,Calm,Open,-6.654587793268107,0.0,-6.654587793268107,SKIP,Yellow,nan,50,25,75,50,50-75,25-50,75-100,50-75,-5.978538579458352,0.0,-7.33063700707786,0.0
Jeong Weon Ko,Taehoon Ok,Calm,Open,-6.654587793268107,0.0,-6.654587793268107,SKIP,Yellow,nan,50,25,75,75,50-75,25-50,75-100,75-100,-5.978538579458352,0.0,-7.33063700707786,0.0
Aaron Cockerill,Stefano Mazzoli,Calm,Open,-6.654587793268107,0.0,-6.654587793268107,SKIP,Yellow,nan,50,25,75,75,50-75,25-50,75-100,75-100,-5.978538579458352,0.0,-7.33063700707786,0.0
Darius van Driel,Freddy Schott,Calm,Open,-6.654587793268107,0.0,-6.654587793268107,SKIP,Yellow,nan,50,25,75,50,50-75,25-50,75-100,50-75,-5.978538579458352,0.0,-7.33063700707786,0.0
Eugenio Chacarra,Taichi Kho,Calm,Open,-6.564241027910402,0.0,-6.564241027910402,SKIP,Yellow,nan,25,50,75,50,25-50,50-75,75-100,50-75,-5.797845048742943,0.0,-7.33063700707786,0.0
Dan Bradbury,Niklas Norgaard,Calm,Open,-6.564241027910402,0.0,-6.564241027910402,SKIP,Yellow,nan,25,50,75,75,25-50,50-75,75-100,75-100,-5.797845048742943,0.0,-7.33063700707786,0.0
David Puig,Tyrrell Hatton,Calm,Open,-6.564241027910402,0.0,-6.564241027910402,SKIP,Yellow,nan,25,50,75,75,25-50,50-75,75-100,75-100,-5.797845048742943,0.0,-7.33063700707786,0.0
Sebastian Munoz,Joaquin Niemann,Calm,Open,-6.564241027910402,0.0,-6.564241027910402,SKIP,Yellow,nan,25,25,75,50,25-50,25-50,75-100,50-75,-5.797845048742943,0.0,-7.33063700707786,0.0
Oliver Lindell,Jorge Campillo,Calm,Open,-6.564241027910402,0.0,-6.564241027910402,SKIP,Yellow,nan,25,50,75,75,25-50,50-75,75-100,75-100,-5.797845048742943,0.0,-7.33063700707786,0.0
Albin Bergstrom,Andreas Halvorsen,Calm,Open,-6.564241027910402,0.0,-6.564241027910402,SKIP,Yellow,nan,25,25,75,75,25-50,25-50,75-100,75-100,-5.797845048742943,0.0,-7.33063700707786,0.0
Andy Sullivan,Rafa Cabrera Bello,Calm,Open,-6.564241027910402,0.0,-6.564241027910402,SKIP,Yellow,nan,25,25,75,75,25-50,25-50,75-100,75-100,-5.797845048742943,0.0,-7.33063700707786,0.0
Aldrich Potgieter,Adam Scott,Calm,Open,-6.564241027910402,0.0,-6.564241027910402,SKIP,Yellow,nan,25,25,75,50,25-50,25-50,75-100,50-75,-5.797845048742943,0.0,-7.33063700707786,0.0
Jhonattan Vegas,Tom Hoge,Calm,Open,-6.564241027910402,0.0,-6.564241027910402,SKIP,Yellow,nan,25,25,75,75,25-50,25-50,75-100,75-100,-5.797845048742943,0.0,-7.33063700707786,0.0
Maximilian Steinlechner,Joshua Berry,Calm,Open,-6.564241027910402,0.0,-6.564241027910402,SKIP,Yellow,nan,25,50,75,75,25-50,50-75,75-100,75-100,-5.797845048742943,0.0,-7.33063700707786,0.0
Daniel Bennett,Joel Dahmen,Calm,Open,-6.564241027910402,0.0,-6.564241027910402,SKIP,Yellow,nan,25,25,75,75,25-50,25-50,75-100,75-100,-5.797845048742943,0.0,-7.33063700707786,0.0
Frederic Lacroix,Joakim Lagergren,Calm,Open,-13.47647287232165,-7.076348631915785,-6.400124240405866,SKIP,Orange,Purple,25,50,50,50,25-50,50-75,50-75,50-75,-15.048183839881396,-7.493368700265252,-11.904761904761903,-6.6593285635663175
Nick Taylor,Corey Conners,Tough,Open,6.382978723404256,0.0,6.382978723404256,SKIP,Yellow,nan,50,25,50,75,50-75,25-50,50-75,75-100,0.0,0.0,12.765957446808512,0.0
Tommy Fleetwood,Rory McIlroy,Tough,Open,6.382978723404256,0.0,6.382978723404256,SKIP,Yellow,nan,50,25,50,50,50-75,25-50,50-75,50-75,0.0,0.0,12.765957446808512,0.0
Xander Schauffele,Russell Henley,Tough,Open,6.382978723404256,0.06690340178065957,6.316075321623597,SKIP,Yellow,Blue,50,50,50,75,50-75,50-75,50-75,75-100,0.0,-0.6535947712418311,12.765957446808512,0.7874015748031502
Ben Griffin,Tommy Fleetwood,Calm,Open,-6.2880345882637325,0.0,-6.2880345882637325,SKIP,Blue,nan,50,25,50,50,50-75,25-50,50-75,50-75,-7.70901194353963,0.0,-4.867057232987835,0.0
Keegan Bradley,Maverick McNealy,Calm,Open,-6.2880345882637325,0.0,-6.2880345882637325,SKIP,Blue,nan,50,50,50,50,50-75,50-75,50-75,50-75,-7.70901194353963,0.0,-4.867057232987835,0.0
Sebastian Munoz,Thomas Detry,Calm,Open,-6.2880345882637325,0.0,-6.2880345882637325,SKIP,Blue,nan,50,50,50,50,50-75,50-75,50-75,50-75,-7.70901194353963,0.0,-4.867057232987835,0.0
Carlos Ortiz,Tom McKibbin,Calm,Open,-6.2880345882637325,0.0,-6.2880345882637325,SKIP,Blue,nan,50,50,50,75,50-75,50-75,50-75,75-100,-7.70901194353963,0.0,-4.867057232987835,0.0
Frederic Lacroix,Martin Couvra,Calm,Open,-6.2880345882637325,0.0,-6.2880345882637325,SKIP,Blue,nan,50,25,50,50,50-75,25-50,50-75,50-75,-7.70901194353963,0.0,-4.867057232987835,0.0
Jordan Gumberg,David Law,Calm,Open,-6.2880345882637325,0.0,-6.2880345882637325,SKIP,Blue,nan,50,50,50,50,50-75,50-75,50-75,50-75,-7.70901194353963,0.0,-4.867057232987835,0.0
David Puig,Dean Burmester,Calm,Open,-6.2880345882637325,0.0,-6.2880345882637325,SKIP,Blue,nan,50,25,50,25,50-75,25-50,50-75,25-50,-7.70901194353963,0.0,-4.867057232987835,0.0
Marc Leishman,Louis Oosthuizen,Calm,Open,-6.2880345882637325,0.0,-6.2880345882637325,SKIP,Blue,nan,50,50,50,50,50-75,50-75,50-75,50-75,-7.70901194353963,0.0,-4.867057232987835,0.0
Justin Walters,Louis Albertse,Calm,Open,-6.2880345882637325,0.0,-6.2880345882637325,SKIP,Blue,nan,50,50,50,25,50-75,50-75,50-75,25-50,-7.70901194353963,0.0,-4.867057232987835,0.0
Ryan Gerard,Rasmus Hojgaard,Calm,Open,-6.2880345882637325,0.0,-6.2880345882637325,SKIP,Blue,nan,50,50,50,50,50-75,50-75,50-75,50-75,-7.70901194353963,0.0,-4.867057232987835,0.0
Kevin Yu,Matt Wallace,Calm,Open,-6.2880345882637325,0.0,-6.2880345882637325,SKIP,Blue,nan,50,50,50,50,50-75,50-75,50-75,50-75,-7.70901194353963,0.0,-4.867057232987835,0.0
Francesco Laporta,Nathan Kimsey,Calm,Open,-6.2880345882637325,0.0,-6.2880345882637325,SKIP,Blue,nan,50,50,50,25,50-75,50-75,50-75,25-50,-7.70901194353963,0.0,-4.867057232987835,0.0
Antoine Rozner,Marcus Armitage,Moderate,Open,-6.2492659494503435,0.0,-6.2492659494503435,SKIP,Blue,nan,25,25,75,75,25-50,25-50,75-100,75-100,-4.6321525885558605,0.0,-7.866379310344826,0.0
Xander Schauffele,Viktor Hovland,Calm,Open,-6.119999625799575,0.0,-6.119999625799575,SKIP,Blue,nan,25,25,50,25,25-50,25-50,50-75,25-50,-7.372942018611314,0.0,-4.867057232987835,0.0
Daniel Berger,Alex Noren,Calm,Open,-6.119999625799575,0.0,-6.119999625799575,SKIP,Blue,nan,25,50,50,75,25-50,50-75,50-75,75-100,-7.372942018611314,0.0,-4.867057232987835,0.0
Collin Morikawa,Justin Rose,Calm,Open,-6.119999625799575,0.0,-6.119999625799575,SKIP,Blue,nan,25,25,50,75,25-50,25-50,50-75,75-100,-7.372942018611314,0.0,-4.867057232987835,0.0
Adrian Otaegui,Dylan Frittelli,Calm,Open,-6.119999625799575,0.0,-6.119999625799575,SKIP,Blue,nan,25,25,50,50,25-50,25-50,50-75,50-75,-7.372942018611314,0.0,-4.867057232987835,0.0
Talor Gooch,Dustin Johnson,Calm,Open,-6.119999625799575,0.0,-6.119999625799575,SKIP,Blue,nan,25,75,50,50,25-50,75-100,50-75,50-75,-7.372942018611314,0.0,-4.867057232987835,0.0
Ben Griffin,Jake Knapp,Tough,Closing,-11.06264869151467,-17.170918943328065,6.108270251813394,SKIP,Blue,Purple,50,50,75,50,50-75,50-75,75-100,50-75,-14.43298969072165,-20.388349514563107,-7.692307692307693,-13.953488372093023
Jayden Schaper,Thriston Lawrence,Calm,Open,-6.103294108272843,0.0,-6.103294108272843,SKIP,Yellow,nan,50,50,50,50,50-75,50-75,50-75,50-75,-5.978538579458352,0.0,-6.228049637087334,0.0
Oliver Lindell,Charl Schwartzel,Calm,Open,-6.103294108272843,0.0,-6.103294108272843,SKIP,Yellow,nan,50,50,50,50,50-75,50-75,50-75,50-75,-5.978538579458352,0.0,-6.228049637087334,0.0
Jorge Campillo,Martin Couvra,Calm,Open,-6.103294108272843,0.0,-6.103294108272843,SKIP,Yellow,nan,50,50,50,25,50-75,50-75,50-75,25-50,-5.978538579458352,0.0,-6.228049637087334,0.0
Ewen Ferguson,Matthew Jordan,Calm,Open,-6.103294108272843,0.0,-6.103294108272843,SKIP,Yellow,nan,50,50,50,50,50-75,50-75,50-75,50-75,-5.978538579458352,0.0,-6.228049637087334,0.0
Rasmus Neergaard-Petersen,Alex Smalley,Calm,Open,-6.103294108272843,0.0,-6.103294108272843,SKIP,Yellow,nan,50,50,50,25,50-75,50-75,50-75,25-50,-5.978538579458352,0.0,-6.228049637087334,0.0
Nicolai Hojgaard,Sahith Theegala,Calm,Open,-6.103294108272843,0.0,-6.103294108272843,SKIP,Yellow,nan,50,50,50,75,50-75,50-75,50-75,75-100,-5.978538579458352,0.0,-6.228049637087334,0.0
Guido Migliozzi,Freddy Schott,Calm,Open,-6.103294108272843,0.0,-6.103294108272843,SKIP,Yellow,nan,50,25,50,75,50-75,25-50,50-75,75-100,-5.978538579458352,0.0,-6.228049637087334,0.0
Jacob Bridgeman,Chris Gotterup,Calm,Open,-6.103294108272843,0.0,-6.103294108272843,SKIP,Yellow,nan,50,50,50,50,50-75,50-75,50-75,50-75,-5.978538579458352,0.0,-6.228049637087334,0.0
Rickie Fowler,Michael Kim,Calm,Open,-6.103294108272843,0.0,-6.103294108272843,SKIP,Yellow,nan,50,25,50,75,50-75,25-50,50-75,75-100,-5.978538579458352,0.0,-6.228049637087334,0.0
Zander Lombard,Daniel Van Tonder,Calm,Open,-6.103294108272843,0.0,-6.103294108272843,SKIP,Yellow,nan,50,25,50,75,50-75,25-50,50-75,75-100,-5.978538579458352,0.0,-6.228049637087334,0.0
Thomas Pieters,Anthony Kim,Calm,Open,-6.103294108272843,0.0,-6.103294108272843,SKIP,Yellow,nan,50,25,50,50,50-75,25-50,50-75,50-75,-5.978538579458352,0.0,-6.228049637087334,0.0
Thriston Lawrence,Frederic Lacroix,Calm,Open,-6.103294108272843,0.0,-6.103294108272843,SKIP,Yellow,nan,50,50,50,50,50-75,50-75,50-75,50-75,-5.978538579458352,0.0,-6.228049637087334,0.0
Thriston Lawrence,Zhao Jin,Calm,Open,-6.103294108272843,0.0,-6.103294108272843,SKIP,Yellow,nan,50,50,50,50,50-75,50-75,50-75,50-75,-5.978538579458352,0.0,-6.228049637087334,0.0
John Parry,Tom Kim,Calm,Open,-6.103294108272843,0.0,-6.103294108272843,SKIP,Yellow,nan,50,50,50,50,50-75,50-75,50-75,50-75,-5.978538579458352,0.0,-6.228049637087334,0.0
Marcus Armitage,Alejandro Del Rey,Calm,Open,-6.103294108272843,0.0,-6.103294108272843,SKIP,Yellow,nan,50,75,50,50,50-75,75-100,50-75,50-75,-5.978538579458352,0.0,-6.228049637087334,0.0
Austin Smotherman,Christiaan Bezuidenhout,Calm,Open,-6.103294108272843,0.0,-6.103294108272843,SKIP,Yellow,nan,50,50,50,50,50-75,50-75,50-75,50-75,-5.978538579458352,0.0,-6.228049637087334,0.0
Caleb Surratt,Richard T. Lee,Calm,Open,-6.103294108272843,0.0,-6.103294108272843,SKIP,Yellow,nan,50,75,50,50,50-75,75-100,50-75,50-75,-5.978538579458352,0.0,-6.228049637087334,0.0
Daniel Berger,Michael Thorbjornsen,Calm,Open,-6.103294108272843,0.0,-6.103294108272843,SKIP,Yellow,nan,50,75,50,50,50-75,75-100,50-75,50-75,-5.978538579458352,0.0,-6.228049637087334,0.0
Christiaan Bezuidenhout,Haotong Li,Calm,Open,-6.103294108272843,0.0,-6.103294108272843,SKIP,Yellow,nan,50,50,50,50,50-75,50-75,50-75,50-75,-5.978538579458352,0.0,-6.228049637087334,0.0
J.T. Poston,Keith Mitchell,Calm,Open,-6.103294108272843,0.0,-6.103294108272843,SKIP,Yellow,nan,50,50,50,50,50-75,50-75,50-75,50-75,-5.978538579458352,0.0,-6.228049637087334,0.0
Jordan Smith,Rico Hoey,Calm,Open,-6.103294108272843,0.0,-6.103294108272843,SKIP,Yellow,nan,50,75,50,50,50-75,75-100,50-75,50-75,-5.978538579458352,0.0,-6.228049637087334,0.0
Kiradech Aphibarnrat,Shubhankar Sharma,Calm,Open,-6.103294108272843,0.0,-6.103294108272843,SKIP,Yellow,nan,50,25,50,75,50-75,25-50,50-75,75-100,-5.978538579458352,0.0,-6.228049637087334,0.0
Jack Senior,Felix Mory,Calm,Open,-6.103294108272843,0.0,-6.103294108272843,SKIP,Yellow,nan,50,25,50,50,50-75,25-50,50-75,50-75,-5.978538579458352,0.0,-6.228049637087334,0.0
Angel Ayora,Oliver Lindell,Calm,Open,-6.103294108272843,0.0,-6.103294108272843,SKIP,Yellow,nan,50,25,50,75,50-75,25-50,50-75,75-100,-5.978538579458352,0.0,-6.228049637087334,0.0
Marcus Armitage,Jason Scrivener,Calm,Open,-6.103294108272843,0.0,-6.103294108272843,SKIP,Yellow,nan,50,25,50,75,50-75,25-50,50-75,75-100,-5.978538579458352,0.0,-6.228049637087334,0.0
Cameron Smith,Lucas Herbert,Calm,Open,-6.0870416498972055,0.0,-6.0870416498972055,SKIP,Purple,nan,75,25,75,50,75-100,25-50,75-100,50-75,-10.067114093959727,0.0,-2.1069692058346843,0.0
Akshay Bhatia,Shane Lowry,Tough,Closing,-17.118660196022457,-11.09956546382014,-6.019094732202317,SKIP,Yellow,Purple,50,25,50,75,50-75,25-50,50-75,75-100,-20.79646017699115,-4.477611940298508,-13.440860215053764,-17.72151898734177
Brian Harman,Akshay Bhatia,Calm,Open,-6.0129473429151385,0.0,-6.0129473429151385,SKIP,Yellow,nan,25,25,50,50,25-50,25-50,50-75,50-75,-5.797845048742943,0.0,-6.228049637087334,0.0
Davis Thompson,Matt McCarty,Calm,Open,-6.0129473429151385,0.0,-6.0129473429151385,SKIP,Yellow,nan,25,75,50,50,25-50,75-100,50-75,50-75,-5.797845048742943,0.0,-6.228049637087334,0.0
Thriston Lawrence,Casey Jarvis,Calm,Open,-6.0129473429151385,0.0,-6.0129473429151385,SKIP,Yellow,nan,25,50,50,75,25-50,50-75,50-75,75-100,-5.797845048742943,0.0,-6.228049637087334,0.0
Jordan Spieth,Rasmus Hojgaard,Calm,Open,-6.0129473429151385,0.0,-6.0129473429151385,SKIP,Yellow,nan,25,50,50,50,25-50,50-75,50-75,50-75,-5.797845048742943,0.0,-6.228049637087334,0.0
Eric Cole,Kevin Roy,Calm,Open,-6.0129473429151385,0.0,-6.0129473429151385,SKIP,Yellow,nan,25,25,50,50,25-50,25-50,50-75,50-75,-5.797845048742943,0.0,-6.228049637087334,0.0
Si Woo Kim,Bud Cauley,Calm,Open,-6.0129473429151385,0.0,-6.0129473429151385,SKIP,Yellow,nan,25,75,50,75,25-50,75-100,50-75,75-100,-5.797845048742943,0.0,-6.228049637087334,0.0
Cameron Young,Sepp Straka,Calm,Open,-6.0129473429151385,0.0,-6.0129473429151385,SKIP,Yellow,nan,25,50,50,50,25-50,50-75,50-75,50-75,-5.797845048742943,0.0,-6.228049637087334,0.0
Scottie Scheffler,Russell Henley,Calm,Open,-6.0129473429151385,0.0,-6.0129473429151385,SKIP,Yellow,nan,25,50,50,50,25-50,50-75,50-75,50-75,-5.797845048742943,0.0,-6.228049637087334,0.0
Jordan Spieth,Sam Stevens,Calm,Open,-6.0129473429151385,0.0,-6.0129473429151385,SKIP,Yellow,nan,25,50,50,50,25-50,50-75,50-75,50-75,-5.797845048742943,0.0,-6.228049637087334,0.0
Brooks Koepka,J.J. Spaun,Calm,Open,-6.0129473429151385,0.0,-6.0129473429151385,SKIP,Yellow,nan,25,25,50,50,25-50,25-50,50-75,50-75,-5.797845048742943,0.0,-6.228049637087334,0.0
Abraham Ancer,Carlos Ortiz,Calm,Open,-6.0129473429151385,0.0,-6.0129473429151385,SKIP,Yellow,nan,25,25,50,75,25-50,25-50,50-75,75-100,-5.797845048742943,0.0,-6.228049637087334,0.0
J.J. Spaun,Nick Taylor,Calm,Open,-6.0129473429151385,0.0,-6.0129473429151385,SKIP,Yellow,nan,25,25,50,50,25-50,25-50,50-75,50-75,-5.797845048742943,0.0,-6.228049637087334,0.0
Maverick McNealy,Adam Scott,Tough,Closing,-11.06264869151467,-16.925232709438497,5.862584017923826,SKIP,Blue,Blue,50,50,75,50,50-75,50-75,75-100,50-75,-14.43298969072165,-14.43298969072165,-7.692307692307693,-19.417475728155345
Shane Lowry,Adam Scott,Tough,Open,-5.8573853989813225,0.0,-5.8573853989813225,SKIP,Purple,nan,25,50,75,50,25-50,50-75,75-100,50-75,-6.451612903225805,0.0,-5.26315789473684,0.0
Alex Fitzpatrick,Casey Jarvis,Calm,Open,-13.47647287232165,-7.629423036380654,-5.847049835940997,SKIP,Orange,Green,25,50,50,75,25-50,50-75,50-75,75-100,-15.048183839881396,-9.87284966342558,-11.904761904761903,-5.385996409335728
Sergio Garcia,Peter Uihlein,Calm,Open,-5.7766986451965,0.0,-5.7766986451965,SKIP,Green,nan,75,75,75,75,75-100,75-100,75-100,75-100,-6.167400881057271,0.0,-5.385996409335728,0.0
Andrew Novak,Robert MacIntyre,Calm,Open,-5.569408771522003,0.0,-5.569408771522003,SKIP,Yellow,nan,75,50,75,50,75-100,50-75,75-100,50-75,-3.808180535966146,0.0,-7.33063700707786,0.0
Jon Rahm,Bryson DeChambeau,Calm,Open,-5.569408771522003,0.0,-5.569408771522003,SKIP,Yellow,nan,75,75,75,75,75-100,75-100,75-100,75-100,-3.808180535966146,0.0,-7.33063700707786,0.0
Justin Thomas,Hideki Matsuyama,Calm,Open,-5.569408771522003,0.0,-5.569408771522003,SKIP,Yellow,nan,75,75,75,75,75-100,75-100,75-100,75-100,-3.808180535966146,0.0,-7.33063700707786,0.0
Sam Burns,Sungjae Im,Calm,Open,-5.569408771522003,0.0,-5.569408771522003,SKIP,Yellow,nan,75,25,75,75,75-100,25-50,75-100,75-100,-3.808180535966146,0.0,-7.33063700707786,0.0
Nico Echavarria,Ludvig Aberg,Calm,Open,-5.569408771522003,0.0,-5.569408771522003,SKIP,Yellow,nan,75,50,75,75,75-100,50-75,75-100,75-100,-3.808180535966146,0.0,-7.33063700707786,0.0
Taylor Pendrith,Denny McCarthy,Calm,Open,-5.569408771522003,0.0,-5.569408771522003,SKIP,Yellow,nan,75,25,75,75,75-100,25-50,75-100,75-100,-3.808180535966146,0.0,-7.33063700707786,0.0
Harry Hall,Corey Conners,Calm,Open,-5.569408771522003,0.0,-5.569408771522003,SKIP,Yellow,nan,75,75,75,75,75-100,75-100,75-100,75-100,-3.808180535966146,0.0,-7.33063700707786,0.0
Ryan Fox,Billy Horschel,Calm,Open,-5.569408771522003,0.0,-5.569408771522003,SKIP,Yellow,nan,75,25,75,75,75-100,25-50,75-100,75-100,-3.808180535966146,0.0,-7.33063700707786,0.0
Taylor Moore,Andrew Putnam,Calm,Open,-5.569408771522003,0.0,-5.569408771522003,SKIP,Yellow,nan,75,25,75,75,75-100,25-50,75-100,75-100,-3.808180535966146,0.0,-7.33063700707786,0.0
Jose Luis Ballester,Sergio Garcia,Calm,Open,-5.169521856763286,0.0,-5.169521856763286,SKIP,Blue,nan,25,50,25,75,25-50,50-75,25-50,75-100,-7.372942018611314,0.0,-2.966101694915256,0.0
Jacob Bridgeman,Justin Thomas,Calm,Open,-5.169521856763286,0.0,-5.169521856763286,SKIP,Blue,nan,25,50,25,75,25-50,50-75,25-50,75-100,-7.372942018611314,0.0,-2.966101694915256,0.0
Robert MacIntyre,Justin Rose,Tough,Open,-5.167810831426392,0.0,-5.167810831426392,SKIP,Purple,nan,50,25,75,50,50-75,25-50,75-100,50-75,-5.072463768115943,0.0,-5.26315789473684,0.0
Keegan Bradley,Akshay Bhatia,Tough,Open,-5.167810831426392,0.0,-5.167810831426392,SKIP,Purple,nan,50,50,75,50,50-75,50-75,75-100,50-75,-5.072463768115943,0.0,-5.26315789473684,0.0
Rickie Fowler,Jason Day,Tough,Closing,-21.968478022379877,-16.851595006934815,-5.116883015445062,SKIP,Yellow,Blue,50,25,75,50,50-75,25-50,75-100,50-75,-20.79646017699115,-14.285714285714285,-23.1404958677686,-19.417475728155345
Taylor Pendrith,Pierceson Coody,Tough,Open,5.071533382245045,0.0,5.071533382245045,SKIP,Yellow,nan,25,25,75,50,25-50,25-50,75-100,50-75,11.206896551724135,0.0,-1.0638297872340448,0.0
Hideki Matsuyama,Collin Morikawa,Tough,Open,5.071533382245045,0.0,5.071533382245045,SKIP,Yellow,nan,25,50,75,50,25-50,50-75,75-100,50-75,11.206896551724135,0.0,-1.0638297872340448,0.0
Nico Echavarria,Matt McCarty,Tough,Open,5.071533382245045,0.0,5.071533382245045,SKIP,Yellow,nan,25,50,75,50,25-50,50-75,75-100,50-75,11.206896551724135,0.0,-1.0638297872340448,0.0
Tyrrell Hatton,Thomas Pieters,Calm,Open,-5.01811508652674,0.0,-5.01811508652674,SKIP,Yellow,nan,75,25,50,25,75-100,25-50,50-75,25-50,-3.808180535966146,0.0,-6.228049637087334,0.0
Patrick Reed,Branden Grace,Calm,Open,-5.01811508652674,0.0,-5.01811508652674,SKIP,Yellow,nan,75,50,50,50,75-100,50-75,50-75,50-75,-3.808180535966146,0.0,-6.228049637087334,0.0
Ricky Castillo,Stephan Jaeger,Calm,Open,-5.01811508652674,0.0,-5.01811508652674,SKIP,Yellow,nan,75,50,50,25,75-100,50-75,50-75,25-50,-3.808180535966146,0.0,-6.228049637087334,0.0
Dean Burmester,Hennie du Plessis,Calm,Open,-5.01811508652674,0.0,-5.01811508652674,SKIP,Yellow,nan,75,50,50,50,75-100,50-75,50-75,50-75,-3.808180535966146,0.0,-6.228049637087334,0.0
Casey Jarvis,Dan Bradbury,Calm,Open,-5.01811508652674,0.0,-5.01811508652674,SKIP,Yellow,nan,75,50,50,50,75-100,50-75,50-75,50-75,-3.808180535966146,0.0,-6.228049637087334,0.0
Min Woo Lee,Wyndham Clark,Tough,Open,11.986426999266325,7.0023356090549775,4.984091390211347,SKIP,Yellow,Orange,25,25,50,50,25-50,25-50,50-75,50-75,11.206896551724135,10.743801652892564,12.765957446808512,3.2608695652173907
Matt Fitzpatrick,Jason Day,Tough,Open,4.937862468931233,0.0,4.937862468931233,SKIP,Green,nan,25,25,75,50,25-50,25-50,75-100,50-75,2.816901408450704,0.0,7.058823529411763,0.0
Collin Morikawa,Viktor Hovland,Tough,Closing,-17.118660196022457,-21.968478022379877,4.84981782635742,SKIP,Yellow,Yellow,50,50,50,75,50-75,50-75,50-75,75-100,-20.79646017699115,-20.79646017699115,-13.440860215053764,-23.1404958677686
Alex Noren,Nick Taylor,Tough,Open,1.5388742561701303,6.382978723404256,-4.844104467234126,SKIP,Blue,Yellow,50,50,50,50,50-75,50-75,50-75,50-75,-0.6535947712418311,0.0,3.731343283582092,12.765957446808512
Ewen Ferguson,Mikael Lindberg,Calm,Open,-6.0129473429151385,-10.621714015079947,4.608766672164808,SKIP,Yellow,Blue,25,50,50,75,25-50,50-75,50-75,75-100,-5.797845048742943,-7.70901194353963,-6.228049637087334,-13.534416086620263
Marc Leishman,Elvis Smylie,Calm,Open,-4.599156562439124,0.0,-4.599156562439124,SKIP,Green,nan,25,75,75,75,25-50,75-100,75-100,75-100,-3.812316715542521,0.0,-5.385996409335728,0.0
Zander Lombard,James Morrison,Calm,Open,-4.599156562439124,0.0,-4.599156562439124,SKIP,Green,nan,25,50,75,75,25-50,50-75,75-100,75-100,-3.812316715542521,0.0,-5.385996409335728,0.0
Dan Bradbury,Johannes Veerman,Moderate,Open,-4.54196252675938,0.0,-4.54196252675938,SKIP,Blue,nan,25,50,50,50,25-50,50-75,50-75,50-75,-4.6321525885558605,0.0,-4.451772464962899,0.0
Andy Sullivan,Jacques Kruyswijk,Moderate,Open,-4.54196252675938,0.0,-4.54196252675938,SKIP,Blue,nan,25,25,50,75,25-50,25-50,50-75,75-100,-4.6321525885558605,0.0,-4.451772464962899,0.0
Ryan Gerard,Max Homa,Tough,Open,-4.459308807134894,0.0,-4.459308807134894,SKIP,Purple,nan,50,50,50,50,50-75,50-75,50-75,50-75,-5.072463768115943,0.0,-3.846153846153845,0.0
Ludvig Aberg,Rickie Fowler,Tough,Open,-4.459308807134894,0.0,-4.459308807134894,SKIP,Purple,nan,50,50,50,75,50-75,50-75,50-75,75-100,-5.072463768115943,0.0,-3.846153846153845,0.0
Cameron Young,Viktor Hovland,Tough,Open,-4.459308807134894,0.0,-4.459308807134894,SKIP,Purple,nan,50,50,50,75,50-75,50-75,50-75,75-100,-5.072463768115943,0.0,-3.846153846153845,0.0
Keegan Bradley,Aaron Rai,Calm,Open,4.227464332036318,0.0,4.227464332036318,SKIP,Purple,nan,25,25,25,25,25-50,25-50,25-50,25-50,2.2049286640726304,0.0,6.250000000000004,0.0
JC Ritchie,Rafa Cabrera Bello,Moderate,Open,-4.117013184584176,0.0,-4.117013184584176,SKIP,Blue,nan,75,25,75,50,75-100,25-50,75-100,50-75,-0.3676470588235264,0.0,-7.866379310344826,0.0
Richard Sterne,Deon Germishuys,Moderate,Open,-3.976915936331122,0.0,-3.976915936331122,SKIP,Green,nan,50,50,75,75,50-75,50-75,75-100,75-100,-2.4940617577197126,0.0,-5.459770114942531,0.0
Wenyi Ding,Alejandro Del Rey,Calm,Open,-10.621714015079947,-6.654587793268107,-3.9671262218118404,SKIP,Blue,Yellow,50,50,75,75,50-75,50-75,75-100,75-100,-7.70901194353963,-5.978538579458352,-13.534416086620263,-7.33063700707786
Si Woo Kim,Chris Gotterup,Tough,Open,-4.459308807134894,-0.5319148936170224,-3.9273939135178715,SKIP,Purple,Yellow,50,50,50,75,50-75,50-75,50-75,75-100,-5.072463768115943,0.0,-3.846153846153845,-1.0638297872340448
Ludvig Aberg,Russell Henley,Moderate,Open,-3.8630792336381194,0.0,-3.8630792336381194,SKIP,Purple,nan,50,50,75,75,50-75,50-75,75-100,75-100,-1.803607214428857,0.0,-5.922551252847382,0.0
Andrew Novak,Rico Hoey,Tough,Closing,-14.443811152275105,-11.06264869151467,-3.381162460760434,SKIP,Yellow,Blue,25,50,75,75,25-50,50-75,75-100,75-100,-5.747126436781609,-14.43298969072165,-23.1404958677686,-7.692307692307693
Nathan Kimsey,Ben Schmidt,Calm,Open,-6.564241027910402,-9.789553822772817,3.2253127948624147,SKIP,Yellow,Green,25,50,75,50,25-50,50-75,75-100,50-75,-5.797845048742943,-9.87284966342558,-7.33063700707786,-9.706257982120055
Max Homa,Kristoffer Reitan,Moderate,Open,-3.1430222114709085,0.0,-3.1430222114709085,SKIP,Green,nan,50,25,50,25,50-75,25-50,50-75,25-50,-2.4940617577197126,0.0,-3.791982665222105,0.0
Bryson DeChambeau,Tyrrell Hatton,Moderate,Open,-3.1430222114709085,0.0,-3.1430222114709085,SKIP,Green,nan,50,50,50,50,50-75,50-75,50-75,50-75,-2.4940617577197126,0.0,-3.791982665222105,0.0
Harold Varner III,Jose Luis Ballester,Moderate,Open,-3.1430222114709085,0.0,-3.1430222114709085,SKIP,Green,nan,50,50,50,50,50-75,50-75,50-75,50-75,-2.4940617577197126,0.0,-3.791982665222105,0.0
Akshay Bhatia,Viktor Hovland,Moderate,Open,-3.1430222114709085,0.0,-3.1430222114709085,SKIP,Green,nan,50,50,50,75,50-75,50-75,50-75,75-100,-2.4940617577197126,0.0,-3.791982665222105,0.0
Elvis Smylie,Abraham Ancer,Moderate,Open,-3.1430222114709085,0.0,-3.1430222114709085,SKIP,Green,nan,50,50,50,50,50-75,50-75,50-75,50-75,-2.4940617577197126,0.0,-3.791982665222105,0.0
Jon Rahm,David Puig,Moderate,Open,-3.1430222114709085,0.0,-3.1430222114709085,SKIP,Green,nan,50,50,50,25,50-75,50-75,50-75,25-50,-2.4940617577197126,0.0,-3.791982665222105,0.0
Ryan Gerard,Jason Day,Calm,Open,-2.801460773912223,0.0,-2.801460773912223,SKIP,Orange,nan,50,25,75,75,50-75,25-50,75-100,75-100,2.121504339440694,0.0,-7.72442588726514,0.0
Jake Knapp,Matt Fitzpatrick,Calm,Open,-2.801460773912223,0.0,-2.801460773912223,SKIP,Orange,nan,50,75,75,75,50-75,75-100,75-100,75-100,2.121504339440694,0.0,-7.72442588726514,0.0
Bryson DeChambeau,Joaquin Niemann,Calm,Open,-2.801460773912223,0.0,-2.801460773912223,SKIP,Orange,nan,50,25,75,50,50-75,25-50,75-100,50-75,2.121504339440694,0.0,-7.72442588726514,0.0
Chris Kirk,Sahith Theegala,Calm,Open,-2.801460773912223,0.0,-2.801460773912223,SKIP,Orange,nan,50,75,75,75,50-75,75-100,75-100,75-100,2.121504339440694,0.0,-7.72442588726514,0.0
Jorge Campillo,Francesco Laporta,Calm,Open,-7.076348631915785,-9.789553822772817,2.713205190857032,SKIP,Purple,Green,50,50,50,50,50-75,50-75,50-75,50-75,-7.493368700265252,-9.87284966342558,-6.6593285635663175,-9.706257982120055
Todd Clements,Romain Langasque,Calm,Open,-7.076348631915785,-9.789553822772817,2.713205190857032,SKIP,Purple,Green,50,50,50,50,50-75,50-75,50-75,50-75,-7.493368700265252,-9.87284966342558,-6.6593285635663175,-9.706257982120055
Francesco Laporta,Thriston Lawrence,Moderate,Open,2.438259551103861,0.0,2.438259551103861,SKIP,Purple,nan,25,25,50,75,25-50,25-50,50-75,75-100,1.5189873417721524,0.0,3.35753176043557,0.0
Sepp Straka,Justin Rose,Tough,Open,-0.5319148936170224,1.8589011546758027,-2.390816048292825,SKIP,Yellow,Green,50,25,75,50,50-75,25-50,75-100,50-75,0.0,2.816901408450704,-1.0638297872340448,0.9009009009009016
Grant Forrest,Junghwan Lee,Calm,Open,-2.2271999497468435,0.0,-2.2271999497468435,SKIP,Purple,nan,25,25,50,75,25-50,25-50,50-75,75-100,2.2049286640726304,0.0,-6.6593285635663175,0.0
Talor Gooch,Byeong-Hun An,Calm,Open,-2.2271999497468435,0.0,-2.2271999497468435,SKIP,Purple,nan,25,25,50,50,25-50,25-50,50-75,50-75,2.2049286640726304,0.0,-6.6593285635663175,0.0
Grant Forrest,Dan Bradbury,Calm,Open,-2.2271999497468435,0.0,-2.2271999497468435,SKIP,Purple,nan,25,25,50,75,25-50,25-50,50-75,75-100,2.2049286640726304,0.0,-6.6593285635663175,0.0
Tom Vaillant,Kazuma Kobori,Calm,Open,-2.2271999497468435,0.0,-2.2271999497468435,SKIP,Purple,nan,25,25,50,50,25-50,25-50,50-75,50-75,2.2049286640726304,0.0,-6.6593285635663175,0.0
Tobias Jonsson,Nathan Kimsey,Calm,Open,-2.2271999497468435,0.0,-2.2271999497468435,SKIP,Purple,nan,25,25,50,50,25-50,25-50,50-75,50-75,2.2049286640726304,0.0,-6.6593285635663175,0.0
Cameron Adam,Matthew Baldwin,Calm,Open,-2.2271999497468435,0.0,-2.2271999497468435,SKIP,Purple,nan,25,25,50,50,25-50,25-50,50-75,50-75,2.2049286640726304,0.0,-6.6593285635663175,0.0
Ryan Fox,Alex Smalley,Moderate,Open,-2.201781955537615,0.0,-2.201781955537615,SKIP,Purple,nan,25,25,75,75,25-50,25-50,75-100,75-100,1.5189873417721524,0.0,-5.922551252847382,0.0
Matt Fitzpatrick,Jake Knapp,Moderate,Open,-2.201781955537615,0.0,-2.201781955537615,SKIP,Purple,nan,25,50,75,75,25-50,50-75,75-100,75-100,1.5189873417721524,0.0,-5.922551252847382,0.0
Bud Cauley,Mac Meissner,Moderate,Open,-2.201781955537615,0.0,-2.201781955537615,SKIP,Purple,nan,25,25,75,75,25-50,25-50,75-100,75-100,1.5189873417721524,0.0,-5.922551252847382,0.0
Ben Griffin,Wyndham Clark,Calm,Open,2.0411972361075694,0.0,2.0411972361075694,SKIP,Yellow,nan,25,50,25,50,25-50,50-75,25-50,50-75,-5.797845048742943,0.0,9.880239520958082,0.0
Ricky Castillo,Alex Smalley,Calm,Open,2.0411972361075694,0.0,2.0411972361075694,SKIP,Yellow,nan,25,50,25,75,25-50,50-75,25-50,75-100,-5.797845048742943,0.0,9.880239520958082,0.0
Patrick Cantlay,Corey Conners,Calm,Open,2.0411972361075694,0.0,2.0411972361075694,SKIP,Yellow,nan,25,50,25,75,25-50,50-75,25-50,75-100,-5.797845048742943,0.0,9.880239520958082,0.0
Doug Ghim,Austin Eckroat,Calm,Open,2.0411972361075694,0.0,2.0411972361075694,SKIP,Yellow,nan,25,50,25,50,25-50,50-75,25-50,50-75,-5.797845048742943,0.0,9.880239520958082,0.0
Scottie Scheffler,Xander Schauffele,Tough,Open,2.0129504504504516,0.0,2.0129504504504516,SKIP,Green,nan,50,50,50,50,50-75,50-75,50-75,50-75,3.1250000000000018,0.0,0.9009009009009016,0.0
Nico Echavarria,Chris Kirk,Calm,Open,1.9508504707498648,0.0,1.9508504707498648,SKIP,Yellow,nan,50,50,25,50,50-75,50-75,25-50,50-75,-5.978538579458352,0.0,9.880239520958082,0.0
Shane Lowry,Nicolai Hojgaard,Calm,Open,1.9508504707498648,0.0,1.9508504707498648,SKIP,Yellow,nan,50,50,25,50,50-75,50-75,25-50,50-75,-5.978538579458352,0.0,9.880239520958082,0.0
Jacob Olesen,Julien Guerrier,Calm,Open,1.9508504707498648,0.0,1.9508504707498648,SKIP,Yellow,nan,50,50,25,25,50-75,50-75,25-50,25-50,-5.978538579458352,0.0,9.880239520958082,0.0
Sami Valimaki,Max Homa,Calm,Open,1.9508504707498648,0.0,1.9508504707498648,SKIP,Yellow,nan,50,50,25,50,50-75,50-75,25-50,50-75,-5.978538579458352,0.0,9.880239520958082,0.0
JC Ritchie,Brandon Stone,Calm,Open,1.9508504707498648,0.0,1.9508504707498648,SKIP,Yellow,nan,50,50,25,25,50-75,50-75,25-50,25-50,-5.978538579458352,0.0,9.880239520958082,0.0
Scottie Scheffler,Patrick Cantlay,Tough,Open,2.0129504504504516,0.06690340178065957,1.946047048669792,SKIP,Green,Blue,50,50,50,75,50-75,50-75,50-75,75-100,3.1250000000000018,-0.6535947712418311,0.9009009009009016,0.7874015748031502
J.T. Poston,Kurt Kitayama,Tough,Open,5.091911764705882,7.0023356090549775,-1.9104238443490953,SKIP,Green,Orange,50,25,75,50,50-75,25-50,75-100,50-75,3.1250000000000018,10.743801652892564,7.058823529411763,3.2608695652173907
Patrick Rodgers,Sam Stevens,Tough,Open,1.5388742561701303,0.0,1.5388742561701303,SKIP,Blue,nan,50,50,50,75,50-75,50-75,50-75,75-100,-0.6535947712418311,0.0,3.731343283582092,0.0
Alex Noren,Ryo Hisatsune,Tough,Open,1.5388742561701303,0.0,1.5388742561701303,SKIP,Blue,nan,50,50,50,50,50-75,50-75,50-75,50-75,-0.6535947712418311,0.0,3.731343283582092,0.0
Scottie Scheffler,Collin Morikawa,Moderate,Open,0.7769622730033564,0.0,0.7769622730033564,SKIP,Purple,nan,50,50,50,50,50-75,50-75,50-75,50-75,-1.803607214428857,0.0,3.35753176043557,0.0
Byeong-Hun An,Branden Grace,Moderate,Open,0.7769622730033564,0.0,0.7769622730033564,SKIP,Purple,nan,50,50,50,25,50-75,50-75,50-75,25-50,-1.803607214428857,0.0,3.35753176043557,0.0
Anirban Lahiri,Jason Kokrak,Moderate,Open,0.7769622730033564,0.0,0.7769622730033564,SKIP,Purple,nan,50,50,50,50,50-75,50-75,50-75,50-75,-1.803607214428857,0.0,3.35753176043557,0.0
Sergio Garcia,Talor Gooch,Moderate,Open,0.7769622730033564,0.0,0.7769622730033564,SKIP,Purple,nan,50,50,50,50,50-75,50-75,50-75,50-75,-1.803607214428857,0.0,3.35753176043557,0.0
Adam Scott,Harry Hall,Moderate,Open,0.7769622730033564,0.0,0.7769622730033564,SKIP,Purple,nan,50,25,50,75,50-75,25-50,50-75,75-100,-1.803607214428857,0.0,3.35753176043557,0.0
Jordan Spieth,J.J. Spaun,Moderate,Open,0.7769622730033564,0.0,0.7769622730033564,SKIP,Purple,nan,50,50,50,50,50-75,50-75,50-75,50-75,-1.803607214428857,0.0,3.35753176043557,0.0
Xander Schauffele,Cameron Young,Moderate,Open,0.7769622730033564,0.0,0.7769622730033564,SKIP,Purple,nan,50,50,50,50,50-75,50-75,50-75,50-75,-1.803607214428857,0.0,3.35753176043557,0.0
Tommy Fleetwood,Si Woo Kim,Moderate,Open,0.7769622730033564,0.0,0.7769622730033564,SKIP,Purple,nan,50,50,50,50,50-75,50-75,50-75,50-75,-1.803607214428857,0.0,3.35753176043557,0.0
Joost Luiten,Jacques Kruyswijk,Calm,Open,-0.5713454666334234,0.0,-0.5713454666334234,SKIP,Green,nan,50,50,25,50,50-75,50-75,25-50,50-75,-9.87284966342558,0.0,8.730158730158733,0.0
Jacob Olesen,Jacques Kruyswijk,Calm,Open,-6.564241027910402,-6.0129473429151385,-0.5512936849952634,SKIP,Yellow,Yellow,25,25,75,50,25-50,25-50,75-100,50-75,-5.797845048742943,-5.797845048742943,-7.33063700707786,-6.228049637087334
Jacob Bridgeman,J.J. Spaun,Tough,Open,-0.5319148936170224,0.0,-0.5319148936170224,SKIP,Yellow,nan,50,50,75,50,50-75,50-75,75-100,50-75,0.0,0.0,-1.0638297872340448,0.0
Max Greyserman,Max McGreevy,Tough,Open,-0.5319148936170224,0.0,-0.5319148936170224,SKIP,Yellow,nan,50,25,75,50,50-75,25-50,75-100,50-75,0.0,0.0,-1.0638297872340448,0.0
Freddy Schott,Guido Migliozzi,Calm,Open,-6.564241027910402,-6.103294108272843,-0.46094691963755885,SKIP,Yellow,Yellow,25,50,75,50,25-50,50-75,75-100,50-75,-5.797845048742943,-5.978538579458352,-7.33063700707786,-6.228049637087334
Dan Bradbury,Joost Luiten,Calm,Open,-6.103294108272843,-6.564241027910402,0.46094691963755885,SKIP,Yellow,Yellow,50,25,50,75,50-75,25-50,50-75,75-100,-5.978538579458352,-5.797845048742943,-6.228049637087334,-7.33063700707786
Manuel Elvira,Ricardo Gouveia,Calm,Open,-6.654587793268107,-6.2880345882637325,-0.36655320500437405,SKIP,Yellow,Blue,50,50,75,50,50-75,50-75,75-100,50-75,-5.978538579458352,-7.70901194353963,-7.33063700707786,-4.867057232987835
J.J. Spaun,Ryan Gerard,Tough,Closing,-16.925232709438497,-17.170918943328065,0.24568623388956823,SKIP,Blue,Purple,50,50,50,50,50-75,50-75,50-75,50-75,-14.43298969072165,-20.388349514563107,-19.417475728155345,-13.953488372093023
Sam Bairstow,Ugo Coussaud,Moderate,Open,-0.12067238993215401,0.0,-0.12067238993215401,SKIP,Yellow,nan,75,25,75,50,75-100,25-50,75-100,50-75,7.37704918032787,0.0,-7.618393960192178,0.0
Kieran Vincent,Jorge Campillo,Moderate,Open,-0.12067238993215401,0.0,-0.12067238993215401,SKIP,Yellow,nan,75,50,75,75,75-100,50-75,75-100,75-100,7.37704918032787,0.0,-7.618393960192178,0.0
Jacob Olesen,Martin Couvra,Moderate,Open,-0.12067238993215401,0.0,-0.12067238993215401,SKIP,Yellow,nan,75,75,75,75,75-100,75-100,75-100,75-100,7.37704918032787,0.0,-7.618393960192178,0.0
Brandon Stone,Romain Langasque,Moderate,Open,-0.12067238993215401,0.0,-0.12067238993215401,SKIP,Yellow,nan,75,25,75,50,75-100,25-50,75-100,50-75,7.37704918032787,0.0,-7.618393960192178,0.0
Ben Griffin,Maverick McNealy,Tough,Open,0.06690340178065957,0.0,0.06690340178065957,SKIP,Blue,nan,50,50,75,75,50-75,50-75,75-100,75-100,-0.6535947712418311,0.0,0.7874015748031502,0.0
Russell Henley,Harris English,Tough,Open,0.06690340178065957,0.0,0.06690340178065957,SKIP,Blue,nan,50,25,75,50,50-75,25-50,75-100,50-75,-0.6535947712418311,0.0,0.7874015748031502,0.0
Patrick Cantlay,Chris Gotterup,Tough,Open,0.06690340178065957,0.0,0.06690340178065957,SKIP,Blue,nan,50,50,75,75,50-75,50-75,75-100,75-100,-0.6535947712418311,0.0,0.7874015748031502,0.0
Tommy Fleetwood,Cameron Young,Tough,Closing,-17.118660196022457,-17.170918943328065,0.052258747305607756,SKIP,Yellow,Purple,50,50,50,50,50-75,50-75,50-75,50-75,-20.79646017699115,-20.388349514563107,-13.440860215053764,-13.953488372093023
Ugo Coussaud,Sebastian Garcia Rodriguez,Calm,Open,0.04897972911897308,0.0,0.04897972911897308,SKIP,Purple,nan,25,50,75,75,25-50,50-75,75-100,75-100,2.2049286640726304,0.0,-2.1069692058346843,0.0
Thriston Lawrence,Hennie du Plessis,Calm,Open,-6.0129473429151385,-6.0129473429151385,0.0,SKIP,Yellow,Yellow,25,25,50,50,25-50,25-50,50-75,50-75,-5.797845048742943,-5.797845048742943,-6.228049637087334,-6.228049637087334
nan,nan,nan,nan,0.0,0.0,0.0,SKIP,nan,nan,50,50,75,50,50-75,50-75,75-100,50-75,0.0,0.0,0.0,0.0
