condition,round_type,moon,life_path,n,edge,roi,conf,mean_error
Moderate,Positioning,Shukla Purna,7.0,76,46.05263157894737,27.77777777777778,HIGH,-2.073580610988158
Moderate,Positioning,Shukla Rikta,6.0,43,51.162790697674424,23.655913978494624,HIGH,-2.1722028339353234
Calm,Positioning,Shukla Rikta,1.0,148,31.081081081081084,23.232323232323235,HIGH,-1.5320998136796624
Moderate,Positioning,Shukla Rikta,9.0,63,41.26984126984127,23.008849557522126,HIGH,-1.5674696977577778
Moderate,Positioning,Shukla Purna,3.0,88,29.54545454545454,18.840579710144922,HIGH,-1.5389257676090908
Moderate,Closing,Krishna Jaya,9.0,61,32.78688524590164,18.01801801801802,HIGH,-1.4968449684934424
Moderate,Closing,Shukla Jaya,1.0,90,27.777777777777775,17.857142857142858,HIGH,-1.4918269307544445
Moderate,Closing,Krishna Jaya,8.0,51,35.29411764705882,17.82178217821782,HIGH,-1.1627548936625491
Moderate,Closing,Shukla Jaya,9.0,78,28.205128205128204,17.1875,HIGH,-1.2482790083448718
Moderate,Survival,Krishna Bhadra,8.0,81,27.160493827160494,16.793893129770993,HIGH,-0.7762020556625925
Moderate,Survival,Krishna Jaya,1.0,129,23.25581395348837,16.75977653631285,HIGH,-0.8703306106807751
Moderate,Closing,Krishna Nanda,5.0,94,25.531914893617024,16.666666666666668,HIGH,-0.9885355004606383
Tough,Positioning,Krishna Purna,3.0,23,52.17391304347826,16.43835616438356,EXPLORATORY,-2.4875788129487826
Moderate,Positioning,Krishna Purna,1.0,49,32.6530612244898,16.161616161616163,HIGH,-1.7054484064510205
Moderate,Survival,Krishna Bhadra,7.0,106,23.584905660377363,16.02564102564103,HIGH,-1.0505055311989233
Moderate,Positioning,Krishna Purna,8.0,57,29.82456140350877,15.887850467289717,HIGH,-0.9040317891321054
Moderate,Closing,Shukla Jaya,2.0,90,24.444444444444446,15.714285714285717,HIGH,-1.095945345441111
Moderate,Closing,Krishna Nanda,1.0,98,23.46938775510204,15.54054054054054,HIGH,-0.9549020947475511
Moderate,Survival,Shukla Jaya,2.0,150,20.666666666666664,15.499999999999998,HIGH,-0.9628537845213331
Moderate,Positioning,Shukla Rikta,7.0,60,28.333333333333332,15.454545454545453,HIGH,-1.1237379973733332
Moderate,Positioning,Shukla Purna,9.0,73,26.027397260273972,15.447154471544716,HIGH,-1.3631691430054795
Moderate,Positioning,Krishna Purna,4.0,42,33.33333333333333,15.217391304347823,HIGH,-1.246220612147619
Calm,Closing,Shukla Rikta,5.0,115,21.73913043478261,15.151515151515152,HIGH,-0.8805131825701739
Calm,Closing,Krishna Purna,1.0,113,21.238938053097346,14.723926380368098,HIGH,-0.960703709519469
Tough,Open,Shukla Bhadra,7.0,39,33.333333333333336,14.606741573033709,HIGH,-1.6536567336287176
Moderate,Positioning,Krishna Purna,5.0,53,28.301886792452834,14.563106796116507,HIGH,-1.614989237386792
Moderate,Closing,Krishna Jaya,6.0,48,29.166666666666668,14.285714285714286,HIGH,-1.7701009908551857
Calm,Closing,Shukla Rikta,1.0,156,18.58974358974359,14.077669902912623,HIGH,-0.8561350105474358
Moderate,Open,Krishna Nanda,4.0,78,23.076923076923077,14.0625,HIGH,-0.6578654989720513
Calm,Positioning,Shukla Rikta,7.0,121,19.834710743801654,14.035087719298247,HIGH,-0.9008421900206611
Moderate,Closing,Krishna Jaya,4.0,50,27.999999999999996,13.999999999999998,HIGH,-0.5003488125124
Calm,Closing,Shukla Rikta,3.0,160,18.124999999999996,13.809523809523807,HIGH,-0.713909747477625
Moderate,Closing,Krishna Jaya,1.0,60,25.0,13.636363636363635,HIGH,-1.288688239896
Moderate,Positioning,Shukla Rikta,8.0,60,24.999999999999996,13.636363636363633,HIGH,-0.32561163454333336
Moderate,Positioning,Shukla Rikta,4.0,53,26.415094339622648,13.59223300970874,HIGH,-1.0634416891154717
Moderate,Positioning,Shukla Purna,6.0,68,23.52941176470588,13.559322033898304,HIGH,-1.549633761672925
Tough,Survival,Krishna Nanda,7.0,24,41.66666666666667,13.513513513513516,EXPLORATORY,-1.6080668176296669
Moderate,Survival,Krishna Bhadra,9.0,107,19.626168224299064,13.375796178343947,HIGH,-0.5985166820794391
Tough,Positioning,Krishna Bhadra,3.0,40,30.000000000000004,13.333333333333334,HIGH,-2.3323639149316002
Calm,Positioning,Shukla Jaya,2.0,154,17.532467532467532,13.235294117647058,HIGH,-0.656809217664935
Tough,Positioning,Krishna Purna,5.0,26,38.46153846153846,13.157894736842104,EXPLORATORY,-1.7130361597447694
Moderate,Closing,Krishna Nanda,8.0,88,20.454545454545453,13.043478260869563,HIGH,-0.5853627275432954
Moderate,Open,Shukla Nanda,8.0,159,16.9811320754717,12.91866028708134,HIGH,-0.5873362981063524
Moderate,Closing,Shukla Jaya,6.0,52,25.0,12.745098039215685,HIGH,-0.9265504317295943
Moderate,Open,Shukla Nanda,9.0,172,16.279069767441857,12.61261261261261,HIGH,-0.7515346981705814
Moderate,Open,Shukla Nanda,2.0,194,15.463917525773196,12.295081967213115,HIGH,-0.5454348567076289
Moderate,Positioning,Shukla Purna,5.0,64,21.875,12.280701754385964,HIGH,-1.4045882355767185
Calm,Positioning,Shukla Rikta,5.0,122,17.21311475409836,12.209302325581396,HIGH,-0.7831508236352458
Moderate,Survival,Krishna Jaya,2.0,153,15.686274509803924,11.822660098522169,HIGH,-0.7640679637224835
Moderate,Survival,Krishna Nanda,2.0,187,14.973262032085563,11.814345991561183,HIGH,-0.7131047131209625
Moderate,Survival,Krishna Jaya,9.0,146,15.753424657534248,11.734693877551022,HIGH,-0.7418573738369862
Moderate,Closing,Shukla Jaya,7.0,70,20.000000000000004,11.66666666666667,HIGH,-0.5061828320751429
Moderate,Closing,Krishna Jaya,3.0,70,20.0,11.666666666666668,HIGH,-1.0899899976172862
Calm,Positioning,Shukla Purna,6.0,88,18.181818181818183,11.594202898550725,HIGH,-0.6386201202985228
Calm,Closing,Shukla Rikta,9.0,151,15.231788079470196,11.442786069651739,HIGH,-1.0768782236980132
Calm,Closing,Shukla Rikta,7.0,127,15.748031496062994,11.29943502824859,HIGH,-0.6586474160921258
Calm,Positioning,Shukla Rikta,4.0,120,15.833333333333332,11.176470588235293,HIGH,-0.5226332234969167
Tough,Survival,Krishna Nanda,3.0,22,36.36363636363637,11.111111111111112,EXPLORATORY,-2.0764422537518183
Tough,Survival,Krishna Nanda,5.0,24,33.333333333333336,10.810810810810812,EXPLORATORY,-1.5021813032401667
Tough,Survival,Krishna Nanda,1.0,24,33.33333333333333,10.81081081081081,EXPLORATORY,-1.7253393194761666
Tough,Survival,Krishna Nanda,6.0,24,33.33333333333333,10.81081081081081,EXPLORATORY,-1.7432955291466667
Moderate,Positioning,Shukla Purna,1.0,89,16.85393258426966,10.791366906474819,HIGH,-0.6431136208489887
Tough,Positioning,Krishna Jaya,7.0,16,43.75,10.606060606060606,EXPLORATORY,-1.69636613674675
Moderate,Positioning,Shukla Purna,2.0,101,15.841584158415841,10.596026490066224,HIGH,-0.3618431198633664
Tough,Positioning,Krishna Bhadra,7.0,26,30.76923076923077,10.526315789473685,EXPLORATORY,-1.037544081595846
Calm,Survival,Shukla Nanda,9.0,235,12.76595744680851,10.526315789473685,HIGH,-0.5593919636374469
Tough,Positioning,Krishna Purna,1.0,26,30.76923076923077,10.526315789473685,EXPLORATORY,-1.774241801287231
Calm,Closing,Krishna Purna,5.0,84,16.666666666666664,10.44776119402985,HIGH,-0.5014234675357143
Moderate,Closing,Krishna Nanda,4.0,94,15.957446808510637,10.416666666666666,HIGH,-0.8233321234978724
Tough,Survival,Krishna Nanda,9.0,28,28.57142857142857,10.256410256410255,EXPLORATORY,-1.429219846041429
Moderate,Positioning,Shukla Rikta,3.0,68,17.647058823529413,10.16949152542373,HIGH,-1.0594623398688239
Moderate,Open,Shukla Purna,9.0,68,17.647058823529413,10.16949152542373,HIGH,-0.35590130289911776
Tough,Survival,Krishna Nanda,4.0,10,60.00000000000001,10.0,WEAK,-1.7916077617446
Calm,Closing,Shukla Purna,6.0,101,14.851485148514854,9.933774834437088,HIGH,-0.3706388701145545
Moderate,Survival,Krishna Nanda,7.0,142,13.380281690140846,9.895833333333334,HIGH,-0.41488587652490533
Tough,Positioning,Krishna Jaya,2.0,21,33.333333333333336,9.859154929577466,EXPLORATORY,-1.2026536194771427
Tough,Positioning,Shukla Bhadra,2.0,11,54.54545454545454,9.83606557377049,WEAK,-2.0171602630618177
Tough,Survival,Krishna Nanda,2.0,32,25.0,9.75609756097561,HIGH,-1.2974881683993749
Moderate,Positioning,Shukla Rikta,1.0,54,18.51851851851852,9.615384615384617,HIGH,-0.900572832811111
Tough,Open,Shukla Bhadra,8.0,54,18.51851851851852,9.615384615384617,HIGH,-0.38205781652822224
Moderate,Survival,Shukla Nanda,9.0,75,15.999999999999998,9.599999999999998,HIGH,-1.5884016450186669
Moderate,Survival,Krishna Bhadra,2.0,128,13.28125,9.550561797752808,HIGH,-0.3671741382958594
Calm,Closing,Shukla Bhadra,2.0,162,12.34567901234568,9.433962264150946,HIGH,-0.43341284453827167
Moderate,Open,Shukla Jaya,1.0,156,12.179487179487177,9.223300970873785,HIGH,-0.22883828894929478
Moderate,Closing,Shukla Jaya,4.0,70,15.714285714285714,9.166666666666666,HIGH,-0.7804690990814287
Moderate,Survival,Shukla Jaya,7.0,117,12.820512820512823,8.982035928143715,HIGH,-0.5807954359005592
Moderate,Closing,Krishna Jaya,7.0,51,17.64705882352941,8.91089108910891,HIGH,-0.7360461481799999
Moderate,Closing,Shukla Purna,4.0,63,15.873015873015872,8.849557522123893,HIGH,-0.473559151583492
Calm,Positioning,Krishna Nanda,6.0,87,13.793103448275865,8.759124087591243,HIGH,-0.4405356483697701
Tough,Open,Shukla Bhadra,3.0,53,16.9811320754717,8.737864077669903,HIGH,-0.7304329209790942
Moderate,Survival,Shukla Purna,1.0,76,14.473684210526319,8.730158730158731,HIGH,-0.5727146861723683
Tough,Positioning,Krishna Bhadra,2.0,42,19.047619047619047,8.695652173913043,HIGH,-0.7675873329605712
Moderate,Positioning,Shukla Purna,4.0,66,15.151515151515149,8.620689655172413,HIGH,-1.0488066922342425
Calm,Positioning,Shukla Rikta,6.0,101,12.871287128712869,8.609271523178807,HIGH,-0.3539210902388712
Tough,Survival,Krishna Bhadra,9.0,20,30.0,8.571428571428571,EXPLORATORY,-1.2024295656599997
Moderate,Closing,Krishna Nanda,3.0,126,11.904761904761903,8.522727272727272,HIGH,-0.6250184367702384
Moderate,Positioning,Shukla Purna,8.0,68,14.705882352941178,8.474576271186441,HIGH,-0.7360547053198531
Moderate,Open,Shukla Nanda,6.0,116,12.06896551724138,8.433734939759038,HIGH,-0.44868697242847755
Moderate,Survival,Shukla Jaya,9.0,140,11.428571428571429,8.421052631578947,HIGH,-0.4644279509990714
Tough,Positioning,Shukla Nanda,6.0,22,27.27272727272727,8.333333333333334,EXPLORATORY,-0.6057150339759091
Moderate,Closing,Shukla Bhadra,8.0,94,12.765957446808512,8.333333333333334,HIGH,-0.04133337989212768
Calm,Positioning,Shukla Rikta,3.0,166,10.843373493975905,8.333333333333334,HIGH,-0.5491357352725301
Calm,Closing,Shukla Rikta,4.0,119,11.764705882352938,8.284023668639051,HIGH,-0.3950503193845378
Moderate,Closing,Krishna Nanda,9.0,95,12.63157894736842,8.275862068965516,HIGH,-0.5007475182351578
Calm,Positioning,Shukla Purna,3.0,132,11.363636363636362,8.24175824175824,HIGH,-0.5258857022716668
Moderate,Closing,Shukla Jaya,5.0,60,15.0,8.181818181818182,HIGH,-0.6116266273483334
Moderate,Survival,Shukla Nanda,7.0,60,14.999999999999996,8.18181818181818,HIGH,-0.42218396268452724
Calm,Open,Shukla Jaya,2.0,159,10.691823899371066,8.133971291866025,HIGH,-0.3828680706880504
Moderate,Positioning,Krishna Purna,3.0,73,13.698630136986301,8.130081300813009,HIGH,-0.4508940769167123
Calm,Closing,Shukla Bhadra,7.0,125,11.200000000000001,8.000000000000002,HIGH,-0.39224321974239995
Calm,Positioning,Shukla Rikta,8.0,138,10.869565217391305,7.9787234042553195,HIGH,-0.562041716731884
Calm,Positioning,Shukla Rikta,2.0,164,10.365853658536583,7.943925233644857,HIGH,-0.4930732919073171
Moderate,Positioning,Shukla Jaya,8.0,90,12.222222222222223,7.8571428571428585,HIGH,-0.42955571458600006
Moderate,Survival,Krishna Nanda,6.0,129,10.852713178294577,7.821229050279332,HIGH,-0.8348430896806552
Calm,Survival,Shukla Bhadra,6.0,91,12.08791208791209,7.801418439716313,HIGH,-0.4497028864743956
Calm,Survival,Shukla Bhadra,9.0,105,11.428571428571432,7.74193548387097,HIGH,-0.763467573877143
Moderate,Open,Krishna Nanda,3.0,121,10.743801652892559,7.602339181286548,HIGH,-0.39786437873140484
Calm,Closing,Shukla Rikta,2.0,175,9.714285714285714,7.555555555555555,HIGH,-0.44545464027714293
Tough,Positioning,Shukla Nanda,3.0,30,20.0,7.5,HIGH,-0.48238337814359994
Moderate,Survival,Shukla Jaya,6.0,97,11.34020618556701,7.482993197278911,HIGH,-0.8735595489382133
Moderate,Closing,Shukla Nanda,1.0,44,15.909090909090912,7.4468085106382995,HIGH,0.13526571202272733
Moderate,Survival,Shukla Purna,3.0,85,11.764705882352938,7.407407407407406,HIGH,-0.5171661100562353
Moderate,Open,Krishna Nanda,5.0,73,12.32876712328767,7.317073170731707,HIGH,-0.7032799647132878
Tough,Positioning,Krishna Purna,4.0,19,26.31578947368421,7.246376811594202,EXPLORATORY,-2.0483811329408423
Calm,Closing,Shukla Rikta,6.0,118,10.16949152542373,7.142857142857143,HIGH,-0.4115157793221187
Tough,Survival,Krishna Rikta,5.0,20,24.999999999999996,7.1428571428571415,EXPLORATORY,-1.41830349447245
Moderate,Closing,Krishna Jaya,5.0,49,14.285714285714288,7.070707070707073,HIGH,-0.45335404246244904
Moderate,Positioning,Krishna Jaya,2.0,49,14.285714285714285,7.070707070707071,HIGH,-0.16890355409999977
Calm,Positioning,Shukla Purna,4.0,79,11.392405063291136,6.97674418604651,HIGH,-0.4327656518437974
Calm,Positioning,Krishna Nanda,1.0,109,10.091743119266056,6.918238993710692,HIGH,-0.3487146428954128
Moderate,Open,Shukla Purna,8.0,66,12.12121212121212,6.896551724137931,HIGH,-0.3501877347713636
Calm,Positioning,Shukla Jaya,6.0,81,11.11111111111111,6.870229007633588,HIGH,-0.4016646888671605
Moderate,Positioning,Shukla Rikta,5.0,52,13.461538461538463,6.862745098039216,HIGH,-1.0702624864301922
Tough,Open,Krishna Bhadra,1.0,23,21.73913043478261,6.8493150684931505,EXPLORATORY,-0.8984043335669566
Calm,Positioning,Shukla Purna,8.0,126,9.523809523809526,6.81818181818182,HIGH,-0.30454661542793665
Moderate,Survival,Krishna Jaya,7.0,127,9.448818897637794,6.779661016949152,HIGH,-0.04074459958922214
Tough,Positioning,Krishna Purna,9.0,24,20.833333333333336,6.756756756756758,EXPLORATORY,-1.2624734928499997
Calm,Open,Shukla Nanda,6.0,277,7.942238267148016,6.727828746177371,HIGH,0.017761506757184173
Moderate,Open,Shukla Nanda,7.0,159,8.805031446540879,6.698564593301434,HIGH,-0.465286799889203
Moderate,Open,Shukla Bhadra,4.0,40,15.0,6.666666666666666,HIGH,-0.26147853653249997
Tough,Survival,Krishna Rikta,6.0,26,19.230769230769234,6.578947368421054,EXPLORATORY,-0.8807824223246923
Calm,Closing,Krishna Rikta,1.0,58,12.06896551724138,6.481481481481483,HIGH,-0.9849056742275862
Moderate,Closing,Shukla Jaya,8.0,74,10.81081081081081,6.451612903225807,HIGH,-0.263578147564865
Moderate,Survival,Shukla Purna,7.0,76,10.526315789473687,6.349206349206351,HIGH,-0.33370959214707796
Calm,Closing,Shukla Bhadra,1.0,128,8.59375,6.179775280898876,HIGH,-0.43749628882734376
Tough,Positioning,Krishna Jaya,6.0,15,26.66666666666667,6.153846153846155,EXPLORATORY,-0.8781353944406
Tough,Positioning,Krishna Purna,8.0,15,26.666666666666668,6.153846153846154,EXPLORATORY,-0.8037052446048
Moderate,Survival,Shukla Purna,5.0,64,10.9375,6.140350877192982,HIGH,-0.4104681263089063
Calm,Closing,Shukla Jaya,1.0,180,7.777777777777778,6.086956521739131,HIGH,-0.2801558749448889
Calm,Positioning,Krishna Nanda,8.0,115,8.695652173913043,6.0606060606060606,HIGH,-0.09480998150347827
Moderate,Positioning,Krishna Rikta,2.0,100,9.000000000000002,6.000000000000001,HIGH,0.16070121098499995
Calm,Positioning,Shukla Nanda,5.0,68,10.294117647058826,5.93220338983051,HIGH,-0.44051754061764703
Calm,Closing,Shukla Bhadra,9.0,136,8.088235294117649,5.913978494623657,HIGH,-0.14555903651911759
Moderate,Positioning,Shukla Bhadra,9.0,18,22.22222222222222,5.88235294117647,EXPLORATORY,-0.27761828455555565
Moderate,Closing,Krishna Nanda,7.0,107,8.411214953271026,5.732484076433119,HIGH,-0.5559906915492329
Moderate,Open,Krishna Nanda,8.0,91,8.79120879120879,5.673758865248226,HIGH,-0.05388936069395609
Moderate,Open,Shukla Purna,2.0,93,8.602150537634406,5.594405594405592,HIGH,-0.07750920928258064
Calm,Positioning,Shukla Rikta,9.0,165,7.272727272727275,5.581395348837211,HIGH,-0.6218745655078788
Tough,Closing,Krishna Jaya,7.0,22,18.18181818181818,5.555555555555555,EXPLORATORY,-0.04013367907709089
Tough,Survival,Krishna Bhadra,4.0,22,18.18181818181818,5.555555555555555,EXPLORATORY,-0.908729662226727
Calm,Survival,Shukla Nanda,1.0,221,6.787330316742082,5.535055350553506,HIGH,-0.3019400483692307
Tough,Positioning,Krishna Jaya,3.0,23,17.391304347826086,5.47945205479452,EXPLORATORY,-1.3178126443373914
Calm,Survival,Shukla Nanda,8.0,224,6.696428571428573,5.474452554744527,HIGH,-0.37815862702553565
Moderate,Closing,Shukla Rikta,4.0,5,60.0,5.454545454545455,WEAK,-1.9736663974800002
Moderate,Closing,Shukla Nanda,3.0,60,9.999999999999998,5.454545454545453,HIGH,-0.21837004921757508
Calm,Positioning,Shukla Jaya,4.0,97,8.247422680412372,5.442176870748299,HIGH,-0.3538369851672167
Calm,Closing,Shukla Jaya,4.0,137,7.299270072992697,5.347593582887698,HIGH,-0.17313334802379557
Calm,Closing,Shukla Jaya,3.0,231,6.493506493506493,5.338078291814946,HIGH,-0.3178726948782684
Moderate,Survival,Shukla Nanda,2.0,83,8.433734939759038,5.263157894736843,HIGH,-0.23053425680481932
Tough,Survival,Krishna Bhadra,1.0,26,15.384615384615385,5.2631578947368425,EXPLORATORY,-0.8661774381365384
Calm,Positioning,Krishna Purna,1.0,179,6.703910614525138,5.240174672489082,HIGH,0.09976419335027926
Calm,Closing,Krishna Purna,3.0,123,7.317073170731706,5.202312138728323,HIGH,-0.14864431881707316
Moderate,Positioning,Shukla Nanda,5.0,48,10.416666666666668,5.102040816326531,HIGH,-0.19535262340124993
Tough,Survival,Krishna Rikta,3.0,29,13.793103448275861,5.063291139240506,EXPLORATORY,-0.6954261145131034
Tough,Survival,Krishna Rikta,9.0,29,13.79310344827586,5.063291139240506,EXPLORATORY,-0.4905304111251723
Tough,Positioning,Krishna Bhadra,9.0,30,13.333333333333336,5.000000000000001,HIGH,-0.6587680221700001
Moderate,Survival,Shukla Rikta,1.0,90,7.777777777777778,5.0,HIGH,-0.19587828219544437
Moderate,Closing,Shukla Jaya,3.0,70,8.57142857142857,4.999999999999999,HIGH,-0.3726400228270001
Tough,Positioning,Shukla Nanda,7.0,30,13.33333333333333,4.999999999999999,HIGH,-0.7014747591642662
Moderate,Survival,Shukla Jaya,3.0,151,6.622516556291391,4.975124378109453,HIGH,-0.24236357440301004
Calm,Closing,Shukla Jaya,9.0,214,6.074766355140188,4.924242424242425,HIGH,-0.039369435695794396
Tough,Positioning,Krishna Jaya,5.0,11,27.27272727272727,4.918032786885245,WEAK,-0.3940065862163637
Moderate,Survival,Shukla Jaya,1.0,113,7.079646017699112,4.907975460122697,HIGH,-0.2164861439566371
Tough,Positioning,Shukla Nanda,5.0,32,12.5,4.878048780487805,HIGH,-0.16132230698243755
Calm,Open,Shukla Nanda,1.0,347,5.47550432276657,4.785894206549118,HIGH,-0.24155645890317004
Calm,Closing,Krishna Purna,9.0,97,7.216494845360821,4.761904761904759,HIGH,-0.5745429377216494
Moderate,Survival,Krishna Nanda,4.0,121,6.611570247933882,4.678362573099413,HIGH,-0.35557334638173554
Tough,Open,Krishna Bhadra,6.0,15,20.0,4.615384615384616,EXPLORATORY,-0.8812122179866666
Moderate,Survival,Shukla Purna,6.0,60,8.333333333333332,4.545454545454544,HIGH,-0.0012974074775933264
Moderate,Open,Krishna Nanda,9.0,104,6.730769230769229,4.545454545454544,HIGH,-0.04298462904134614
Calm,Survival,Shukla Nanda,2.0,286,5.244755244755245,4.464285714285714,HIGH,-0.05744098986818179
Moderate,Open,Shukla Jaya,8.0,152,5.921052631578943,4.455445544554452,HIGH,0.03823779980901308
Calm,Positioning,Shukla Nanda,3.0,108,6.481481481481483,4.4303797468354436,HIGH,-0.177140502005926
Moderate,Positioning,Shukla Nanda,4.0,63,7.936507936507936,4.424778761061947,HIGH,-0.23421732978190468
Tough,Positioning,Krishna Jaya,1.0,18,16.666666666666664,4.411764705882352,EXPLORATORY,-0.4708131987444444
Tough,Open,Krishna Bhadra,8.0,19,15.789473684210526,4.3478260869565215,EXPLORATORY,-1.2671777255868422
Moderate,Closing,Krishna Nanda,6.0,88,6.8181818181818175,4.347826086956521,HIGH,-0.34478815636142723
Calm,Positioning,Krishna Bhadra,7.0,112,6.25,4.320987654320987,HIGH,0.16385010111142867
Moderate,Survival,Shukla Rikta,2.0,68,7.35294117647059,4.2372881355932215,HIGH,0.29959023920294126
Calm,Positioning,Shukla Purna,9.0,139,5.755395683453235,4.232804232804232,HIGH,-0.09507544876978415
Moderate,Survival,Shukla Bhadra,5.0,163,5.521472392638035,4.225352112676055,HIGH,-0.08315373583355837
Calm,Closing,Shukla Jaya,7.0,163,5.521472392638035,4.225352112676055,HIGH,-0.1704170232631902
Moderate,Survival,Shukla Nanda,8.0,69,7.246376811594201,4.201680672268907,HIGH,0.454751595657826
Moderate,Positioning,Shukla Nanda,6.0,46,8.695652173913043,4.166666666666667,HIGH,-0.3764947436016914
Calm,Open,Krishna Nanda,7.0,289,4.844290657439449,4.129793510324486,HIGH,-0.1267504962823529
Calm,Positioning,Shukla Jaya,8.0,124,5.645161290322581,4.022988505747127,HIGH,-0.02722171477016135
Tough,Positioning,Krishna Purna,7.0,25,12.000000000000002,4.0,EXPLORATORY,-0.48226508920632016
Tough,Open,Shukla Bhadra,1.0,50,7.999999999999999,3.9999999999999996,HIGH,-0.10531632453380003
Moderate,Positioning,Krishna Bhadra,6.0,52,7.6923076923076925,3.9215686274509802,HIGH,-0.2380896649943384
Moderate,Closing,Shukla Rikta,5.0,2,100.0,3.8461538461538463,WEAK,-3.48416798655
Moderate,Survival,Shukla Purna,4.0,54,7.4074074074074066,3.846153846153846,HIGH,-0.6085786336629627
Calm,Closing,Shukla Rikta,8.0,133,5.263157894736842,3.8251366120218577,HIGH,-0.10481024907533847
Calm,Positioning,Krishna Purna,4.0,133,5.263157894736842,3.8251366120218577,HIGH,-0.14100761275473683
Calm,Positioning,Shukla Jaya,5.0,81,6.172839506172839,3.816793893129771,HIGH,-0.42461548557037043
Moderate,Closing,Shukla Rikta,6.0,3,66.66666666666666,3.773584905660377,WEAK,-4.1759217422
Moderate,Survival,Shukla Jaya,4.0,113,5.309734513274339,3.6809815950920264,HIGH,-0.3495504531998231
Calm,Closing,Shukla Bhadra,5.0,86,5.813953488372093,3.676470588235294,HIGH,-0.3059841412790698
Moderate,Closing,Shukla Nanda,7.0,33,9.090909090909092,3.6144578313253017,HIGH,-0.22425419870272725
Calm,Positioning,Krishna Nanda,3.0,116,5.1724137931034475,3.614457831325301,HIGH,-0.36868859287586214
Calm,Closing,Shukla Nanda,4.0,116,5.1724137931034475,3.614457831325301,HIGH,-0.7609324486261205
Moderate,Positioning,Krishna Purna,2.0,89,5.61797752808989,3.597122302158275,HIGH,-0.14149172740224716
Calm,Closing,Shukla Bhadra,3.0,146,4.794520547945208,3.5714285714285734,HIGH,-0.12444177090630133
Moderate,Positioning,Krishna Bhadra,1.0,62,6.451612903225809,3.571428571428573,HIGH,-0.41024111272032254
Calm,Positioning,Krishna Jaya,7.0,90,5.555555555555555,3.5714285714285716,HIGH,-0.08331873579555557
Moderate,Open,Shukla Nanda,5.0,118,5.0847457627118615,3.571428571428569,HIGH,-0.45737163626440674
Calm,Open,Shukla Purna,8.0,234,4.273504273504275,3.521126760563382,HIGH,-0.15824931759316235
Moderate,Survival,Krishna Bhadra,5.0,93,5.376344086021506,3.4965034965034967,HIGH,-0.28220863828623655
Moderate,Open,Shukla Purna,3.0,93,5.376344086021503,3.496503496503495,HIGH,-0.3137885833310753
Calm,Positioning,Krishna Purna,6.0,122,4.918032786885243,3.488372093023254,HIGH,-0.0346863521210656
Tough,Positioning,Krishna Jaya,9.0,8,25.0,3.4482758620689653,WEAK,-1.9187959848770002
Calm,Survival,Shukla Nanda,5.0,183,4.371584699453554,3.4334763948497873,HIGH,-0.11879160290655737
Moderate,Survival,Krishna Jaya,5.0,126,4.761904761904762,3.409090909090909,HIGH,-0.1457603583096826
Moderate,Open,Shukla Jaya,4.0,159,4.402515723270439,3.349282296650717,HIGH,0.21191428678779872
Calm,Open,Krishna Purna,8.0,161,4.3478260869565215,3.3175355450236963,HIGH,-0.18644560661801246
Calm,Closing,Krishna Jaya,9.0,101,4.95049504950495,3.3112582781456945,HIGH,0.1449535991920792
Moderate,Survival,Shukla Purna,2.0,102,4.901960784313725,3.2894736842105257,HIGH,-0.009501585060588237
Moderate,Positioning,Krishna Jaya,8.0,42,7.142857142857145,3.260869565217392,HIGH,-0.45971820896952387
Moderate,Closing,Krishna Nanda,2.0,134,4.4776119402985035,3.2608695652173885,HIGH,-0.0032099195425373222
Tough,Positioning,Krishna Jaya,4.0,12,16.666666666666668,3.2258064516129035,WEAK,-0.7262504995128332
Calm,Closing,Shukla Nanda,3.0,168,4.166666666666666,3.2110091743119265,HIGH,-0.1543899324119048
Moderate,Survival,Krishna Jaya,4.0,106,4.716981132075471,3.205128205128205,HIGH,-0.22967199021679255
Calm,Closing,Shukla Bhadra,4.0,106,4.716981132075471,3.205128205128205,HIGH,-0.27186965206367925
Calm,Closing,Shukla Purna,9.0,138,4.3478260869565215,3.1914893617021276,HIGH,0.01814720191811601
Tough,Positioning,Shukla Bhadra,8.0,13,15.384615384615385,3.1746031746031744,WEAK,-0.649060627457077
Calm,Closing,Shukla Jaya,6.0,140,4.285714285714287,3.157894736842106,HIGH,0.12446700535624282
Moderate,Open,Shukla Purna,7.0,77,5.194805194805194,3.149606299212598,HIGH,-0.13548057552805198
Tough,Open,Shukla Jaya,6.0,14,14.285714285714285,3.125,WEAK,-0.3932817790414285
Calm,Open,Shukla Nanda,9.0,335,3.582089552238804,3.116883116883115,HIGH,0.03574774748238811
Calm,Survival,Shukla Nanda,4.0,176,3.9772727272727293,3.0973451327433645,HIGH,-0.11350254579511367
Tough,Closing,Krishna Jaya,4.0,16,12.5,3.0303030303030303,EXPLORATORY,-0.9272655763425001
Tough,Open,Krishna Bhadra,4.0,16,12.5,3.0303030303030303,EXPLORATORY,-0.6362962930012499
Moderate,Positioning,Krishna Purna,9.0,52,5.769230769230771,2.941176470588236,HIGH,-0.383013545525
Calm,Survival,Shukla Rikta,4.0,197,3.5532994923857864,2.8340080971659916,HIGH,-0.4571989874264467
Calm,Closing,Shukla Bhadra,6.0,94,4.255319148936171,2.7777777777777786,HIGH,-0.22162503306638293
Calm,Positioning,Krishna Jaya,1.0,97,4.123711340206185,2.721088435374149,HIGH,-0.014699428650515513
Moderate,Positioning,Shukla Jaya,1.0,98,4.081632653061226,2.702702702702704,HIGH,-0.02796114436428568
Calm,Positioning,Shukla Purna,2.0,136,3.676470588235292,2.688172043010751,HIGH,-0.13442755892573532
Moderate,Open,Shukla Jaya,9.0,174,3.448275862068967,2.6785714285714297,HIGH,0.2168539732602874
Tough,Positioning,Krishna Purna,6.0,25,8.000000000000002,2.666666666666667,EXPLORATORY,-0.17191498661760002
Tough,Positioning,Krishna Bhadra,1.0,26,7.6923076923076925,2.6315789473684212,EXPLORATORY,-0.45048581952
Moderate,Open,Shukla Purna,4.0,65,4.615384615384616,2.608695652173913,HIGH,-0.16389770977676926
Calm,Survival,Shukla Rikta,6.0,219,3.1963470319634704,2.6022304832713754,HIGH,0.2007694344530959
Moderate,Survival,Krishna Jaya,8.0,145,3.448275862068967,2.564102564102565,HIGH,0.06659166500793103
Calm,Open,Shukla Jaya,8.0,109,3.669724770642202,2.5157232704402515,HIGH,-0.062023744070642234
Tough,Positioning,Shukla Nanda,9.0,30,6.666666666666665,2.4999999999999996,HIGH,-0.3402063627073332
Moderate,Closing,Krishna Jaya,2.0,72,4.166666666666669,2.4590163934426243,HIGH,-0.16046559887500003
Moderate,Survival,Krishna Purna,1.0,160,3.125,2.380952380952381,HIGH,0.12457825601325004
Calm,Open,Shukla Nanda,2.0,415,2.6506024096385556,2.365591397849464,HIGH,-0.14432810473084343
Calm,Survival,Shukla Bhadra,2.0,122,3.2786885245901622,2.325581395348836,HIGH,-0.19000560394016397
Moderate,Open,Shukla Nanda,3.0,170,2.941176470588236,2.2727272727272734,HIGH,-0.11563758468194114
Calm,Closing,Shukla Purna,1.0,127,3.149606299212598,2.2598870056497176,HIGH,-0.009915423490551198
Calm,Positioning,Krishna Purna,9.0,136,2.941176470588236,2.1505376344086025,HIGH,0.24289578309558818
Moderate,Closing,Shukla Nanda,8.0,43,4.651162790697675,2.150537634408602,HIGH,-0.15104967978674422
Calm,Open,Shukla Purna,7.0,231,2.5974025974025983,2.1352313167259793,HIGH,0.01610971596623378
Calm,Closing,Krishna Purna,7.0,91,3.296703296703296,2.127659574468085,HIGH,-0.09284824551758247
Calm,Open,Shukla Nanda,4.0,281,2.491103202846973,2.114803625377642,HIGH,0.029950684520854084
Calm,Closing,Krishna Purna,6.0,93,3.225806451612903,2.0979020979020975,HIGH,-0.4886497993846236
Calm,Closing,Shukla Jaya,8.0,189,2.6455026455026456,2.092050209205021,HIGH,0.00876910765767201
Calm,Closing,Shukla Jaya,5.0,147,2.72108843537415,2.0304568527918785,HIGH,-0.20929629298639457
Calm,Positioning,Shukla Purna,7.0,101,2.9702970297029703,1.9867549668874172,HIGH,-0.03583074069306931
Tough,Open,Shukla Bhadra,9.0,51,3.9215686274509802,1.9801980198019802,HIGH,-0.08789794897349018
Calm,Closing,Shukla Nanda,6.0,102,2.9411764705882333,1.9736842105263144,HIGH,-0.4426260283600002
Calm,Survival,Krishna Nanda,7.0,104,2.8846153846153855,1.9480519480519487,HIGH,0.09819009305576912
Moderate,Survival,Krishna Bhadra,6.0,104,2.8846153846153855,1.9480519480519487,HIGH,0.013325129401014447
Calm,Open,Shukla Nanda,7.0,313,2.236421725239615,1.9283746556473818,HIGH,-0.055994701918849865
Calm,Survival,Krishna Purna,7.0,158,2.53164556962025,1.9230769230769205,HIGH,-0.21133953372025327
Calm,Closing,Krishna Purna,2.0,117,2.564102564102566,1.7964071856287438,HIGH,-0.4006998993572651
Moderate,Positioning,Shukla Nanda,2.0,62,3.225806451612903,1.7857142857142858,HIGH,-0.016059438803225964
Calm,Closing,Krishna Bhadra,6.0,65,3.076923076923077,1.7391304347826086,HIGH,-0.27624397589292304
Calm,Survival,Shukla Nanda,3.0,241,2.074688796680499,1.718213058419245,HIGH,-0.15274094746298755
Moderate,Closing,Shukla Purna,9.0,67,2.985074626865675,1.709401709401711,HIGH,-0.18150003631194017
Moderate,Closing,Shukla Rikta,1.0,9,11.11111111111111,1.6949152542372883,WEAK,0.44009328952222204
Tough,Positioning,Krishna Jaya,8.0,11,9.090909090909092,1.6393442622950822,WEAK,-0.9487476276505454
Moderate,Closing,Shukla Rikta,8.0,11,9.090909090909088,1.6393442622950816,WEAK,-0.06482687874181826
Calm,Open,Shukla Nanda,3.0,381,1.8372703412073506,1.6241299303944328,HIGH,-0.040909161290761185
Moderate,Positioning,Shukla Rikta,2.0,74,2.7027027027027026,1.6129032258064517,HIGH,-0.05059258428918922
Moderate,Closing,Krishna Rikta,9.0,76,2.631578947368418,1.5873015873015854,HIGH,0.01732954256973682
Moderate,Open,Shukla Jaya,5.0,140,2.1428571428571406,1.5789473684210509,HIGH,0.10004227537178573
Calm,Open,Shukla Rikta,2.0,340,1.7647058823529405,1.5384615384615379,HIGH,-0.15141850013382355
Moderate,Positioning,Shukla Jaya,4.0,83,2.409638554216867,1.5037593984962403,HIGH,-0.03873329706265065
Tough,Survival,Shukla Jaya,8.0,17,5.882352941176469,1.4925373134328355,EXPLORATORY,-0.2105896965318823
Calm,Open,Shukla Rikta,6.0,228,1.7543859649122806,1.4388489208633093,HIGH,-0.03798016360530703
Calm,Open,Shukla Rikta,8.0,237,1.6877637130801704,1.3937282229965169,HIGH,-0.06674729532118145
Calm,Positioning,Krishna Nanda,7.0,97,2.061855670103091,1.3605442176870735,HIGH,0.21676083715463906
Tough,Survival,Krishna Rikta,4.0,27,3.7037037037037033,1.2987012987012985,EXPLORATORY,-0.5717810382625185
Moderate,Closing,Krishna Rikta,2.0,111,1.8018018018018,1.2422360248447193,HIGH,0.14707146366846846
Tough,Positioning,Krishna Purna,2.0,31,3.2258064516129057,1.2345679012345687,HIGH,-0.5467785523993548
Tough,Open,Shukla Bhadra,5.0,31,3.2258064516129057,1.2345679012345687,HIGH,-0.15018034301909672
Calm,Positioning,Shukla Bhadra,1.0,201,1.4925373134328346,1.195219123505975,HIGH,0.03867120543134344
Moderate,Survival,Krishna Jaya,6.0,122,1.6393442622950782,1.162790697674416,HIGH,-0.4269428914917402
Moderate,Open,Krishna Nanda,2.0,123,1.6260162601625994,1.1560693641618482,HIGH,0.10420495919918699
Moderate,Open,Krishna Jaya,9.0,124,1.6129032258064502,1.1494252873563209,HIGH,0.15213009285887105
Calm,Survival,Shukla Rikta,8.0,214,1.4018691588785048,1.1363636363636365,HIGH,-0.07261477592056076
Moderate,Open,Shukla Nanda,1.0,130,1.5384615384615385,1.1111111111111112,HIGH,-0.11437432982384609
Calm,Open,Krishna Nanda,4.0,222,1.3513513513513513,1.102941176470588,HIGH,0.08924851960981975
Tough,Open,Shukla Bhadra,6.0,42,2.380952380952381,1.0869565217391304,HIGH,0.1341666694695238
Calm,Survival,Krishna Purna,4.0,138,1.4492753623188415,1.0638297872340432,HIGH,-0.4317970693584058
Calm,Open,Shukla Rikta,3.0,327,1.2232415902140636,1.0610079575596787,HIGH,0.1102796749042202
Calm,Open,Shukla Jaya,9.0,143,1.3986013986014012,1.0362694300518154,HIGH,0.011654603764335626
Calm,Survival,Krishna Purna,5.0,148,1.3513513513513487,1.0101010101010082,HIGH,-0.03529205784729729
Calm,Open,Shukla Rikta,7.0,253,1.1857707509881439,0.9900990099009914,HIGH,0.012107011294466294
Tough,Open,Shukla Bhadra,4.0,51,1.9607843137254888,0.9900990099009894,HIGH,-0.019547618057333307
Moderate,Open,Shukla Purna,5.0,55,1.8181818181818188,0.9523809523809528,HIGH,0.16821795446563642
Calm,Survival,Krishna Rikta,4.0,59,1.6949152542372892,0.917431192660551,HIGH,0.6770216136457626
Moderate,Positioning,Krishna Bhadra,9.0,61,1.6393442622950838,0.900900900900902,HIGH,0.023048276484590235
Moderate,Closing,Shukla Purna,2.0,67,1.4925373134328346,0.8547008547008539,HIGH,0.13951347678656711
Calm,Closing,Krishna Rikta,2.0,69,1.4492753623188415,0.8403361344537821,HIGH,0.38574486084347814
Moderate,Closing,Shukla Purna,3.0,78,1.282051282051283,0.7812500000000006,HIGH,-0.20579247081717952
Moderate,Survival,Shukla Purna,9.0,82,1.2195121951219496,0.7575757575757566,HIGH,0.18968959864024393
Calm,Open,Shukla Rikta,5.0,222,0.9009009009009028,0.7352941176470603,HIGH,-0.06384823520675678
Moderate,Open,Krishna Nanda,7.0,88,1.136363636363641,0.7246376811594232,HIGH,0.2508001858015243
Calm,Closing,Krishna Jaya,8.0,88,1.1363636363636354,0.7246376811594196,HIGH,0.08459162995909084
Calm,Survival,Krishna Nanda,6.0,91,1.0989010989010977,0.7092198581560276,HIGH,-0.13637699212351653
Moderate,Survival,Krishna Nanda,8.0,126,0.7936507936507936,0.5681818181818181,HIGH,0.0758527440509524
Moderate,Survival,Shukla Jaya,8.0,129,0.7751937984496138,0.5586592178770959,HIGH,-0.004894429574496226
Moderate,Survival,Krishna Jaya,3.0,153,0.6535947712418305,0.492610837438424,HIGH,-0.1999639073397386
