condition,round_type,color,upside_bucket,n,good,bad,good_rate,bad_rate,edge,roi,confidence,mean_error
Moderate,REMOVE,Orange,25-50,20,20,0,100.0,0.0,100.0,28.57142857142857,EXPLORATORY,-4.8790315853
Moderate,REMOVE,Orange,50-75,50,22,1,44.0,2.0,42.0,21.0,HIGH,-1.8857639489774
Moderate,REMOVE,Blue,75-100,69,29,7,42.028985507246375,10.144927536231885,31.884057971014492,18.487394957983195,HIGH,-1.7355611006675362
Moderate,REMOVE,Yellow,75-100,105,51,23,48.57142857142857,21.904761904761905,26.666666666666664,18.064516129032256,HIGH,-1.448103745252381
Calm,REMOVE,Red,75-100,18,13,1,72.22222222222221,5.555555555555555,66.66666666666666,17.64705882352941,EXPLORATORY,-2.746027157477778
Moderate,Positioning,Red,50-75,100,38,14,38.0,14.000000000000002,24.0,16.0,HIGH,-0.7583790988078001
Moderate,REMOVE,Purple,75-100,36,17,4,47.22222222222222,11.11111111111111,36.111111111111114,15.116279069767444,HIGH,-2.406673056841667
Calm,Closing,Blue,25-50,136,45,17,33.088235294117645,12.5,20.588235294117645,15.053763440860214,HIGH,-0.5317299176573531
Moderate,REMOVE,Purple,25-50,10,8,0,80.0,0.0,80.0,13.333333333333332,WEAK,-5.10586640668
Moderate,REMOVE,Blue,25-50,12,10,2,83.33333333333334,16.666666666666664,66.66666666666669,12.903225806451616,WEAK,-5.637101542976666
Moderate,REMOVE,Yellow,50-75,113,32,11,28.31858407079646,9.734513274336283,18.58407079646018,12.883435582822086,HIGH,-0.6833425065654867
Tough,Open,Yellow,50-75,91,27,9,29.67032967032967,9.89010989010989,19.78021978021978,12.765957446808512,HIGH,-0.8205133648461868
Calm,Closing,Green,75-100,288,99,57,34.375,19.791666666666664,14.583333333333336,12.426035502958582,HIGH,-0.5063520520651736
Tough,Survival,Yellow,50-75,77,31,16,40.25974025974026,20.77922077922078,19.480519480519483,11.811023622047246,HIGH,-0.6546757192430128
Moderate,Closing,Green,50-75,363,127,79,34.9862258953168,21.763085399449036,13.223140495867764,11.622276029055685,HIGH,-0.35597603961994484
Moderate,Positioning,Purple,25-50,21,8,0,38.095238095238095,0.0,38.095238095238095,11.267605633802816,EXPLORATORY,-1.87474592790619
Tough,Open,Orange,75-100,48,15,4,31.25,8.333333333333332,22.916666666666668,11.224489795918368,HIGH,-0.662758830320625
Moderate,Closing,Yellow,25-50,209,63,34,30.14354066985646,16.267942583732058,13.875598086124402,11.196911196911199,HIGH,-1.0741951219647847
Moderate,REMOVE,Red,75-100,23,10,2,43.47826086956522,8.695652173913043,34.78260869565217,10.95890410958904,EXPLORATORY,-1.956695090178261
Tough,Survival,Purple,25-50,34,11,2,32.35294117647059,5.88235294117647,26.470588235294116,10.714285714285714,HIGH,-1.4117717749195293
Calm,Mixed,Brown,50-75,6,6,0,100.0,0.0,100.0,10.714285714285714,WEAK,-3.2266051798666666
Moderate,Survival,Purple,75-100,298,100,65,33.557046979865774,21.812080536912752,11.744966442953022,10.057471264367818,HIGH,-0.39349149268803973
Calm,Closing,Purple,25-50,41,14,5,34.146341463414636,12.195121951219512,21.951219512195124,9.89010989010989,HIGH,-0.9329025270365855
Calm,Open,Yellow,25-50,284,84,51,29.577464788732392,17.95774647887324,11.619718309859152,9.880239520958082,HIGH,-0.4541150854129578
Calm,REMOVE,Purple,25-50,12,6,0,50.0,0.0,50.0,9.67741935483871,WEAK,-2.052087801766667
Moderate,REMOVE,Yellow,25-50,12,8,2,66.66666666666666,16.666666666666664,49.99999999999999,9.677419354838708,WEAK,-2.6981956908083333
Moderate,Closing,Orange,25-50,92,34,21,36.95652173913043,22.82608695652174,14.130434782608692,9.154929577464786,HIGH,-0.3040038797176086
Tough,Survival,Green,50-75,104,29,15,27.884615384615387,14.423076923076922,13.461538461538465,9.090909090909093,HIGH,-0.7605940757221347
Tough,Positioning,Green,75-100,40,14,6,35.0,15.0,20.0,8.88888888888889,HIGH,-0.90423388017275
Calm,Closing,Yellow,25-50,302,99,68,32.78145695364238,22.516556291390728,10.264900662251655,8.806818181818182,HIGH,-0.3916087472913576
Calm,Open,Green,25-50,76,25,14,32.89473684210527,18.421052631578945,14.473684210526322,8.730158730158733,HIGH,-0.5933305197894738
Moderate,Positioning,Pink,50-75,20,9,3,45.0,15.0,30.0,8.571428571428571,EXPLORATORY,-0.75011678403
Calm,REMOVE,Purple,50-75,168,49,31,29.166666666666668,18.452380952380953,10.714285714285715,8.256880733944955,HIGH,-0.2699054381621429
Tough,Positioning,Orange,75-100,48,14,6,29.166666666666668,12.5,16.666666666666668,8.16326530612245,HIGH,-0.928503046305125
Calm,Positioning,Yellow,25-50,255,73,50,28.627450980392155,19.607843137254903,9.019607843137251,7.540983606557375,HIGH,-0.6330804969886275
Tough,Open,Orange,25-50,17,7,2,41.17647058823529,11.76470588235294,29.411764705882348,7.462686567164178,EXPLORATORY,-0.7312712367929413
Moderate,REMOVE,Blue,50-75,99,32,21,32.323232323232325,21.21212121212121,11.111111111111114,7.382550335570472,HIGH,-0.5206950090979798
Moderate,REMOVE,Pink,50-75,5,4,0,80.0,0.0,80.0,7.272727272727273,WEAK,-3.01377826502
Moderate,Closing,Blue,50-75,671,211,159,31.445603576751118,23.69597615499255,7.749627421758568,7.212205270457696,HIGH,-0.1710348613770476
Calm,Closing,Pink,50-75,48,15,8,31.25,16.666666666666664,14.583333333333336,7.142857142857144,HIGH,-0.5783730900020833
Moderate,Closing,Orange,50-75,398,121,89,30.402010050251256,22.36180904522613,8.040201005025125,7.1428571428571415,HIGH,-0.2684771705475125
Calm,Positioning,Brown,25-50,6,4,0,66.66666666666666,0.0,66.66666666666666,7.1428571428571415,WEAK,-2.3602621654333333
Calm,REMOVE,Blue,50-75,304,82,57,26.973684210526315,18.75,8.223684210526315,7.062146892655367,HIGH,-0.46230444416427635
Tough,Open,Green,75-100,35,10,4,28.57142857142857,11.428571428571429,17.14285714285714,7.058823529411763,HIGH,-0.9644806495353714
Moderate,REMOVE,Green,75-100,37,8,2,21.62162162162162,5.405405405405405,16.216216216216218,6.8965517241379315,HIGH,-1.5464118423837836
Calm,Positioning,Pink,25-50,9,5,1,55.55555555555556,11.11111111111111,44.44444444444444,6.779661016949153,WEAK,-2.892521248455555
Moderate,Survival,Brown,75-100,10,6,2,60.0,20.0,40.0,6.666666666666666,WEAK,-0.5330817327799998
Calm,REMOVE,Orange,75-100,132,35,23,26.515151515151516,17.424242424242426,9.09090909090909,6.593406593406592,HIGH,-0.35137453490833337
Tough,Positioning,Yellow,75-100,108,31,21,28.703703703703702,19.444444444444446,9.259259259259256,6.32911392405063,HIGH,-0.4401212783793519
Calm,Open,Purple,25-50,94,34,25,36.17021276595745,26.595744680851062,9.574468085106389,6.250000000000004,HIGH,-0.23709254251989362
Calm,REMOVE,Yellow,25-50,15,6,2,40.0,13.333333333333334,26.666666666666664,6.153846153846153,EXPLORATORY,-1.5211036420200001
Calm,REMOVE,Pink,50-75,16,7,3,43.75,18.75,25.0,6.0606060606060606,EXPLORATORY,-1.4485317205750001
Calm,REMOVE,Yellow,75-100,217,55,39,25.34562211981567,17.972350230414747,7.373271889400922,5.99250936329588,HIGH,-0.2275452196993549
Tough,Positioning,Orange,50-75,84,23,15,27.380952380952383,17.857142857142858,9.523809523809526,5.9701492537313445,HIGH,-0.0043079116443334176
Moderate,Survival,Pink,75-100,17,7,3,41.17647058823529,17.647058823529413,23.529411764705877,5.970149253731342,EXPLORATORY,-1.0494763233529412
Tough,Open,Blue,25-50,19,7,3,36.84210526315789,15.789473684210526,21.052631578947363,5.7971014492753605,EXPLORATORY,-0.05635708779663158
Moderate,Positioning,Green,50-75,436,126,98,28.899082568807337,22.477064220183486,6.422018348623851,5.761316872427982,HIGH,-0.15487721334281385
Moderate,Positioning,Orange,50-75,392,112,88,28.57142857142857,22.448979591836736,6.122448979591834,5.429864253393662,HIGH,-0.2373854963959694
Calm,Positioning,Brown,50-75,6,3,0,50.0,0.0,50.0,5.357142857142857,WEAK,-2.798111220333334
Moderate,Closing,Brown,50-75,6,4,1,66.66666666666666,16.666666666666664,49.99999999999999,5.357142857142856,WEAK,-1.2874044678333334
Calm,Survival,Red,50-75,363,116,94,31.955922865013775,25.895316804407713,6.060606060606062,5.326876513317193,HIGH,-0.3874356601539945
Moderate,Survival,Pink,50-75,46,12,7,26.08695652173913,15.217391304347828,10.869565217391301,5.208333333333332,HIGH,-0.4228867873000001
Tough,Positioning,Yellow,50-75,340,83,64,24.41176470588235,18.823529411764707,5.588235294117645,4.8717948717948705,HIGH,-0.5820689850402646
Moderate,REMOVE,Purple,50-75,55,20,15,36.36363636363637,27.27272727272727,9.090909090909097,4.761904761904765,HIGH,-0.021099188470909136
Moderate,Survival,Orange,25-50,101,29,22,28.71287128712871,21.782178217821784,6.930693069306926,4.6357615894039705,HIGH,-0.37948159556039607
Tough,Survival,Yellow,75-100,214,55,43,25.70093457943925,20.093457943925234,5.607476635514015,4.545454545454542,HIGH,-0.45796298496058874
Moderate,Survival,Green,50-75,751,228,192,30.359520639147803,25.5659121171771,4.793608521970704,4.494382022471908,HIGH,-0.02149479927119145
Moderate,Closing,Purple,50-75,415,116,96,27.951807228915666,23.132530120481928,4.819277108433738,4.301075268817207,HIGH,-0.3964145757226239
Moderate,REMOVE,Orange,75-100,90,22,16,24.444444444444443,17.77777777777778,6.666666666666664,4.285714285714285,HIGH,-0.5911956981755556
Moderate,Survival,Purple,50-75,803,238,203,29.638854296388544,25.280199252801992,4.358655043586552,4.1031652989449015,HIGH,-0.18214546749489968
Calm,REMOVE,Purple,75-100,48,12,8,25.0,16.666666666666664,8.333333333333336,4.0816326530612255,HIGH,-0.03580765298750007
Calm,REMOVE,Brown,75-100,2,2,0,100.0,0.0,100.0,3.8461538461538463,WEAK,-2.53589853
Calm,Elimination,Green,25-50,2,2,0,100.0,0.0,100.0,3.8461538461538463,WEAK,-2.724952005
Calm,REMOVE,Blue,75-100,133,33,26,24.81203007518797,19.548872180451127,5.2631578947368425,3.825136612021858,HIGH,-0.43388776640796994
Moderate,Survival,Green,25-50,55,12,8,21.818181818181817,14.545454545454545,7.272727272727272,3.8095238095238093,HIGH,-0.3902161729349091
Tough,Open,Blue,50-75,84,23,18,27.380952380952383,21.428571428571427,5.952380952380956,3.731343283582092,HIGH,-0.3885046556763095
Tough,Positioning,Pink,75-100,4,2,0,50.0,0.0,50.0,3.7037037037037033,WEAK,-2.838986150715
Moderate,Positioning,Brown,50-75,4,3,1,75.0,25.0,50.0,3.7037037037037033,WEAK,-0.9497183781499998
Tough,Closing,Purple,25-50,5,2,0,40.0,0.0,40.0,3.6363636363636367,WEAK,-1.094118007506
Calm,Open,Pink,25-50,6,3,1,50.0,16.666666666666664,33.333333333333336,3.5714285714285716,WEAK,-1.0427657333333336
Calm,Survival,Pink,50-75,35,10,7,28.57142857142857,20.0,8.57142857142857,3.5294117647058814,HIGH,-0.17507129038857136
Calm,Positioning,Pink,75-100,9,4,2,44.44444444444444,22.22222222222222,22.22222222222222,3.3898305084745766,WEAK,-0.05937832460000002
Tough,Closing,Orange,75-100,9,3,1,33.33333333333333,11.11111111111111,22.222222222222218,3.3898305084745757,WEAK,-1.7338053238493332
Moderate,Open,Purple,50-75,1052,291,254,27.661596958174904,24.14448669201521,3.517110266159694,3.35753176043557,HIGH,-0.08669685935900302
Moderate,Positioning,Orange,75-100,283,75,64,26.501766784452297,22.614840989399294,3.8869257950530027,3.303303303303303,HIGH,-0.3672342137856184
Calm,Positioning,Red,25-50,11,4,2,36.36363636363637,18.181818181818183,18.181818181818183,3.2786885245901645,WEAK,-1.3079666715454548
Tough,Open,Orange,50-75,42,10,7,23.809523809523807,16.666666666666664,7.142857142857142,3.2608695652173907,HIGH,-0.691429790352143
Moderate,Open,Brown,50-75,12,4,2,33.33333333333333,16.666666666666664,16.666666666666664,3.2258064516129026,WEAK,-1.4843462665575
Calm,Closing,Purple,50-75,941,261,231,27.73645058448459,24.54835281615303,3.1880977683315592,3.0272452068617532,HIGH,-0.18512567297447396
Calm,Closing,Orange,75-100,588,172,153,29.25170068027211,26.02040816326531,3.2312925170068,2.978056426332286,HIGH,-0.21520733903491499
Tough,Positioning,Red,50-75,22,6,4,27.27272727272727,18.181818181818183,9.090909090909086,2.777777777777777,EXPLORATORY,0.07503989116245452
Moderate,Positioning,Yellow,50-75,1109,328,297,29.57619477006312,26.78088367899008,2.7953110910730388,2.6747195858498705,HIGH,-0.0393107896862478
Calm,REMOVE,Orange,50-75,179,43,37,24.022346368715084,20.670391061452513,3.351955307262571,2.6200873362445427,HIGH,-0.2035086059670391
Calm,Closing,Purple,75-100,334,94,84,28.143712574850298,25.149700598802394,2.9940119760479043,2.6041666666666665,HIGH,-0.16287423150479044
Tough,Positioning,Purple,50-75,105,28,24,26.666666666666668,22.857142857142858,3.80952380952381,2.580645161290323,HIGH,0.08199589361420949
Calm,Positioning,Blue,50-75,1245,322,291,25.863453815261046,23.373493975903614,2.4899598393574323,2.393822393822396,HIGH,-0.056489814385108424
Calm,Positioning,Red,75-100,80,20,17,25.0,21.25,3.75,2.307692307692308,HIGH,-0.06137711712962497
Tough,Positioning,Purple,75-100,38,10,8,26.31578947368421,21.052631578947366,5.2631578947368425,2.272727272727273,HIGH,-0.4104312898292105
Moderate,Positioning,Green,25-50,39,14,12,35.8974358974359,30.76923076923077,5.128205128205128,2.2471910112359548,HIGH,-0.3928732598673828
Moderate,Survival,Purple,25-50,42,8,6,19.047619047619047,14.285714285714285,4.761904761904763,2.173913043478261,HIGH,-0.13628934198595236
Calm,REMOVE,Yellow,50-75,435,92,82,21.149425287356323,18.850574712643677,2.2988505747126453,2.0618556701030943,HIGH,-0.34789391576567824
Tough,Survival,Green,75-100,51,14,12,27.450980392156865,23.52941176470588,3.9215686274509842,1.9801980198019822,HIGH,-0.3935805130672158
Moderate,Open,Red,50-75,208,60,55,28.846153846153843,26.442307692307693,2.4038461538461497,1.9379844961240276,HIGH,0.09766723572250006
Tough,Open,Pink,75-100,2,1,0,50.0,0.0,50.0,1.9230769230769231,WEAK,-2.5969500004
Moderate,Survival,Pink,25-50,3,2,1,66.66666666666666,33.33333333333333,33.33333333333333,1.8867924528301885,WEAK,-3.2377642551333334
Calm,Elimination,Pink,50-75,4,1,0,25.0,0.0,25.0,1.8518518518518516,WEAK,0.6243430105000001
Calm,Closing,Yellow,75-100,1197,299,276,24.97911445279866,23.05764411027569,1.9214703425229729,1.8444266238973526,HIGH,-0.006847548604786969
Calm,Open,Red,25-50,5,1,0,20.0,0.0,20.0,1.8181818181818183,WEAK,-0.40887385794000003
Calm,Closing,Pink,75-100,7,1,0,14.285714285714285,0.0,14.285714285714285,1.7543859649122804,WEAK,-0.3396935808142857
Calm,REMOVE,Pink,75-100,10,4,3,40.0,30.0,10.0,1.6666666666666665,WEAK,-0.9826141482299999
Calm,Closing,Red,75-100,76,16,14,21.052631578947366,18.421052631578945,2.6315789473684212,1.5873015873015874,HIGH,0.015000096310921024
Calm,Closing,Brown,50-75,17,5,4,29.411764705882355,23.52941176470588,5.882352941176475,1.4925373134328368,EXPLORATORY,-0.13559128871764708
Calm,Elimination,Yellow,25-50,17,3,2,17.647058823529413,11.76470588235294,5.882352941176473,1.4925373134328364,EXPLORATORY,0.5484376404705882
Calm,Elimination,Orange,50-75,89,24,22,26.96629213483146,24.719101123595504,2.247191011235955,1.4388489208633095,HIGH,0.21163446108089892
Moderate,Survival,Yellow,25-50,367,100,95,27.247956403269757,25.885558583106267,1.3623978201634905,1.1990407673860934,HIGH,-0.04967763092885317
Tough,Survival,Purple,50-75,119,31,29,26.05042016806723,24.369747899159663,1.6806722689075677,1.1834319526627253,HIGH,-0.04757016200401665
Calm,REMOVE,Green,75-100,35,7,6,20.0,17.142857142857142,2.8571428571428577,1.1764705882352944,HIGH,-0.1973591620742856
Moderate,Open,Orange,75-100,580,155,148,26.72413793103448,25.517241379310345,1.2068965517241352,1.1111111111111085,HIGH,0.12860348801355598
Tough,Open,Green,50-75,61,8,7,13.114754098360656,11.475409836065573,1.639344262295083,0.9009009009009015,HIGH,-0.3061458915476393
Calm,Positioning,Purple,75-100,429,116,112,27.03962703962704,26.107226107226104,0.9324009324009346,0.8350730688935301,HIGH,0.07117306690069934
Calm,Positioning,Yellow,50-75,2303,556,537,24.142422926617453,23.317412071211464,0.8250108554059885,0.8074798130046713,HIGH,-0.11724110899180201
Tough,Open,Blue,75-100,77,19,18,24.675324675324674,23.376623376623375,1.2987012987012996,0.7874015748031502,HIGH,-0.24167697752929868
Calm,Positioning,Green,25-50,80,17,16,21.25,20.0,1.25,0.7692307692307693,HIGH,0.58779834499875
Calm,Closing,Orange,25-50,91,23,22,25.274725274725274,24.175824175824175,1.0989010989010985,0.7092198581560282,HIGH,-0.4097403333263735
Calm,Survival,Red,75-100,106,27,26,25.471698113207548,24.528301886792452,0.9433962264150964,0.6410256410256424,HIGH,-0.04466686051518871
Calm,Positioning,Green,50-75,823,197,193,23.93681652490887,23.450789793438638,0.4860267314702327,0.4581901489118001,HIGH,0.16263777413251518
Calm,REMOVE,Green,50-75,169,40,39,23.668639053254438,23.076923076923077,0.5917159763313613,0.45662100456621035,HIGH,-0.03284816309408291
Moderate,Survival,Green,75-100,307,91,90,29.64169381107492,29.31596091205212,0.32573289902279967,0.2801120448179258,HIGH,0.20262271537944623
Tough,Positioning,Green,25-50,2,0,0,0.0,0.0,0.0,0.0,WEAK,1.2818055816
Tough,Positioning,Green,50-75,94,25,25,26.595744680851062,26.595744680851062,0.0,0.0,HIGH,0.09762657388954256
Calm,REMOVE,Green,25-50,4,0,0,0.0,0.0,0.0,0.0,WEAK,0.17759110100000008
Calm,Survival,Brown,50-75,19,3,3,15.789473684210526,15.789473684210526,0.0,0.0,EXPLORATORY,-0.1997277729157895
Calm,Survival,Pink,75-100,4,2,2,50.0,50.0,0.0,0.0,WEAK,0.10502640995750001
Moderate,Open,Pink,75-100,7,1,1,14.285714285714285,14.285714285714285,0.0,0.0,WEAK,0.6512238571857143
Tough,Open,Green,25-50,4,2,2,50.0,50.0,0.0,0.0,WEAK,0.22238203336750006
Calm,Mixed,Pink,75-100,4,2,2,50.0,50.0,0.0,0.0,WEAK,0.5230753418000003
Calm,Elimination,Purple,75-100,19,1,1,5.263157894736842,5.263157894736842,0.0,0.0,EXPLORATORY,0.38280228515631576
Calm,REMOVE,Orange,25-50,24,4,4,16.666666666666664,16.666666666666664,0.0,0.0,EXPLORATORY,-0.17458736210000003
Tough,Closing,Green,75-100,23,6,6,26.08695652173913,26.08695652173913,0.0,0.0,EXPLORATORY,0.768419924921565
Moderate,Survival,Brown,50-75,8,3,3,37.5,37.5,0.0,0.0,WEAK,0.21278402966249998
Tough,Survival,Green,25-50,9,2,2,22.22222222222222,22.22222222222222,0.0,0.0,WEAK,-0.4934931337600001
Tough,Closing,Green,25-50,4,2,2,50.0,50.0,0.0,0.0,WEAK,-0.048069025599999815
Tough,Positioning,Red,75-100,8,2,2,25.0,25.0,0.0,0.0,WEAK,-0.7139961971124997
Moderate,REMOVE,Green,50-75,33,9,9,27.27272727272727,27.27272727272727,0.0,0.0,HIGH,0.39901029777878794
Moderate,REMOVE,Green,25-50,2,0,0,0.0,0.0,0.0,0.0,WEAK,-0.47830031510000004
Calm,Survival,Green,75-100,513,109,111,21.24756335282651,21.637426900584796,-0.389863547758285,-0.3552397868561283,HIGH,-0.0495417455470176
Moderate,Closing,Yellow,75-100,684,191,197,27.923976608187136,28.801169590643276,-0.8771929824561404,-0.8174386920980927,HIGH,0.2072590268375998
Moderate,Survival,Blue,75-100,639,174,180,27.230046948356808,28.169014084507044,-0.9389671361502359,-0.8708272859216265,HIGH,0.06568028088831072
Calm,Closing,Blue,50-75,1174,306,318,26.064735945485516,27.086882453151617,-1.0221465076661005,-0.9803921568627467,HIGH,0.10961308209333052
Tough,Open,Yellow,75-100,138,35,37,25.36231884057971,26.811594202898554,-1.4492753623188435,-1.0638297872340448,HIGH,0.23250614706134065
Calm,Positioning,Blue,75-100,788,193,202,24.492385786802032,25.63451776649746,-1.142131979695428,-1.0739856801909273,HIGH,0.14394679087691623
Calm,Positioning,Pink,50-75,41,8,9,19.51219512195122,21.951219512195124,-2.4390243902439046,-1.0989010989010999,HIGH,0.8736831178195121
Calm,REMOVE,Red,50-75,35,9,10,25.71428571428571,28.57142857142857,-2.8571428571428577,-1.1764705882352944,HIGH,-0.06748386686285716
Tough,Positioning,Blue,50-75,119,32,34,26.89075630252101,28.57142857142857,-1.6806722689075606,-1.1834319526627202,HIGH,-0.15512942932147897
Moderate,Closing,Red,50-75,112,25,27,22.321428571428573,24.107142857142858,-1.7857142857142847,-1.2345679012345672,HIGH,0.08574911237830356
Moderate,Survival,Blue,25-50,189,49,52,25.925925925925924,27.513227513227513,-1.5873015873015888,-1.2552301255230138,HIGH,0.2724021663708465
Moderate,Positioning,Blue,75-100,333,92,97,27.627627627627625,29.129129129129126,-1.501501501501501,-1.3054830287206263,HIGH,0.20666267393694357
Moderate,Survival,Yellow,75-100,1007,262,277,26.01787487586892,27.507447864945384,-1.4895729890764642,-1.4191106906338689,HIGH,0.07400097892690369
Tough,Open,Yellow,25-50,19,4,5,21.052631578947366,26.31578947368421,-5.2631578947368425,-1.4492753623188408,EXPLORATORY,0.2855536586852632
Calm,REMOVE,Blue,25-50,17,4,5,23.52941176470588,29.411764705882355,-5.882352941176475,-1.4925373134328368,EXPLORATORY,-0.34178081517058845
Calm,Survival,Red,25-50,15,2,3,13.333333333333334,20.0,-6.666666666666666,-1.5384615384615383,EXPLORATORY,0.9970666588866666
Moderate,Closing,Pink,75-100,14,3,4,21.428571428571427,28.57142857142857,-7.142857142857142,-1.5625,WEAK,-0.02200251155928577
Moderate,Positioning,Yellow,75-100,632,157,168,24.841772151898734,26.582278481012654,-1.74050632911392,-1.6129032258064477,HIGH,0.22561182875708446
Tough,Survival,Red,50-75,10,3,4,30.0,40.0,-10.0,-1.6666666666666665,WEAK,-0.24286747130599995
Moderate,Closing,Pink,50-75,10,2,3,20.0,30.0,-10.0,-1.6666666666666665,WEAK,0.56683606028
Moderate,Closing,Orange,75-100,308,85,91,27.5974025974026,29.545454545454547,-1.9480519480519476,-1.6759776536312845,HIGH,0.09120035654347759
Moderate,Positioning,Pink,75-100,9,0,1,0.0,11.11111111111111,-11.11111111111111,-1.6949152542372883,WEAK,0.07253468976666674
Moderate,Positioning,Red,25-50,8,0,1,0.0,12.5,-12.5,-1.7241379310344827,WEAK,-0.44804599615
Tough,Closing,Yellow,25-50,8,1,2,12.5,25.0,-12.5,-1.7241379310344827,WEAK,-0.10789672695249997
Calm,Elimination,Blue,25-50,8,1,2,12.5,25.0,-12.5,-1.7241379310344827,WEAK,0.05465984827500009
Calm,Open,Brown,75-100,8,3,4,37.5,50.0,-12.5,-1.7241379310344827,WEAK,0.04085035189999986
Moderate,Positioning,Blue,50-75,556,152,163,27.33812949640288,29.31654676258993,-1.9784172661870514,-1.815181518151816,HIGH,0.1158613790459892
Moderate,Closing,Red,25-50,5,1,2,20.0,40.0,-20.0,-1.8181818181818183,WEAK,3.6066517455800002
Tough,Open,Red,50-75,5,0,1,0.0,20.0,-20.0,-1.8181818181818183,WEAK,0.5492187621988
Moderate,Survival,Yellow,50-75,2750,690,742,25.09090909090909,26.981818181818184,-1.8909090909090942,-1.8571428571428603,HIGH,0.15742185310285592
Calm,Open,Orange,25-50,111,27,30,24.324324324324326,27.027027027027028,-2.7027027027027017,-1.86335403726708,HIGH,0.14923562229369378
Tough,Closing,Red,50-75,3,0,1,0.0,33.33333333333333,-33.33333333333333,-1.8867924528301885,WEAK,2.2497874519466667
Tough,Open,Red,75-100,3,0,1,0.0,33.33333333333333,-33.33333333333333,-1.8867924528301885,WEAK,1.40851766442
Moderate,Closing,Brown,25-50,2,0,1,0.0,50.0,-50.0,-1.9230769230769231,WEAK,1.7164623355
Moderate,Closing,Green,75-100,197,48,53,24.36548223350254,26.903553299492383,-2.5380710659898433,-2.024291497975705,HIGH,0.2105470231773604
Moderate,Survival,Red,75-100,97,21,24,21.649484536082475,24.742268041237114,-3.092783505154639,-2.040816326530612,HIGH,0.09462278066783505
Calm,Open,Purple,75-100,567,143,156,25.220458553791886,27.513227513227513,-2.2927689594356266,-2.1069692058346843,HIGH,0.034905345502098784
Moderate,Closing,Purple,25-50,44,11,13,25.0,29.545454545454547,-4.545454545454547,-2.127659574468086,HIGH,0.9886202362815911
Calm,Closing,Yellow,50-75,2180,541,589,24.81651376146789,27.01834862385321,-2.201834862385322,-2.1524663677130054,HIGH,0.05889682434084865
Calm,Positioning,Green,75-100,392,96,106,24.489795918367346,27.040816326530614,-2.551020408163268,-2.2624434389140293,HIGH,0.12553383610706628
Calm,Survival,Purple,75-100,543,131,145,24.12523020257827,26.703499079189687,-2.5782688766114177,-2.360876897133221,HIGH,0.1767567909235175
Moderate,Survival,Red,50-75,161,47,52,29.19254658385093,32.298136645962735,-3.105590062111805,-2.3696682464455003,HIGH,0.12480792264546588
Calm,Closing,Green,50-75,829,188,210,22.67792521109771,25.331724969843183,-2.6537997587454747,-2.5028441410693953,HIGH,0.07306950377987936
Moderate,REMOVE,Red,50-75,28,8,10,28.57142857142857,35.714285714285715,-7.142857142857146,-2.564102564102565,EXPLORATORY,0.4288159774585716
Calm,Mixed,Blue,50-75,106,37,41,34.90566037735849,38.67924528301887,-3.7735849056603854,-2.5641025641025696,HIGH,-0.2553440091973585
Calm,Survival,Purple,25-50,103,25,29,24.271844660194176,28.155339805825243,-3.8834951456310662,-2.6143790849673194,HIGH,0.6348667064970872
Moderate,Open,Purple,25-50,64,15,18,23.4375,28.125,-4.6875,-2.631578947368421,HIGH,0.3741267364515626
Calm,Elimination,Green,75-100,26,2,4,7.6923076923076925,15.384615384615385,-7.6923076923076925,-2.6315789473684212,EXPLORATORY,0.18329426625769224
Moderate,Positioning,Blue,25-50,88,25,29,28.40909090909091,32.95454545454545,-4.545454545454543,-2.8985507246376794,HIGH,0.5437230252617045
Moderate,Closing,Yellow,50-75,1391,366,408,26.312005751258088,29.331416247304098,-3.01941049604601,-2.914642609299098,HIGH,0.18014057303336373
Tough,Survival,Purple,75-100,52,10,13,19.230769230769234,25.0,-5.7692307692307665,-2.9411764705882337,HIGH,0.012920322349480765
Calm,Positioning,Orange,75-100,559,125,143,22.361359570661897,25.581395348837212,-3.2200357781753155,-2.955665024630544,HIGH,0.201018125190483
Calm,Open,Blue,25-50,186,40,47,21.50537634408602,25.268817204301076,-3.7634408602150557,-2.9661016949152557,HIGH,0.22997071289693546
Calm,Elimination,Orange,75-100,49,10,13,20.408163265306122,26.53061224489796,-6.122448979591837,-3.0303030303030307,HIGH,0.2807061369204081
Calm,Survival,Orange,75-100,673,166,188,24.665676077265974,27.934621099554235,-3.2689450222882606,-3.042876901798063,HIGH,0.21112047065304604
Calm,Open,Red,75-100,113,27,32,23.893805309734514,28.31858407079646,-4.424778761061948,-3.0674846625766876,HIGH,0.036510076236194636
Calm,Open,Pink,75-100,45,9,12,20.0,26.666666666666668,-6.666666666666668,-3.1578947368421058,HIGH,0.5120391438666668
Moderate,Positioning,Yellow,25-50,159,36,43,22.641509433962266,27.044025157232703,-4.402515723270437,-3.3492822966507148,HIGH,0.5815693760795667
Tough,Survival,Orange,25-50,9,1,3,11.11111111111111,33.33333333333333,-22.222222222222218,-3.3898305084745757,WEAK,0.4938028053577777
Calm,Positioning,Blue,25-50,155,35,42,22.58064516129032,27.09677419354839,-4.516129032258071,-3.4146341463414687,HIGH,0.14960828744516128
Tough,Positioning,Pink,50-75,8,2,4,25.0,50.0,-25.0,-3.4482758620689653,WEAK,0.5369723522850001
Calm,Positioning,Red,50-75,230,51,61,22.17391304347826,26.521739130434785,-4.347826086956523,-3.5714285714285725,HIGH,-0.06756857707434775
Moderate,Survival,Blue,50-75,1341,344,394,25.652498135719615,29.381058911260254,-3.7285607755406396,-3.594536304816677,HIGH,0.17050195633176676
Tough,Open,Purple,25-50,4,0,2,0.0,50.0,-50.0,-3.7037037037037033,WEAK,1.727948795725
Tough,Closing,Red,75-100,4,0,2,0.0,50.0,-50.0,-3.7037037037037033,WEAK,3.087515440276
Calm,Mixed,Green,25-50,4,0,2,0.0,50.0,-50.0,-3.7037037037037033,WEAK,2.421711447825
Calm,Positioning,Brown,75-100,4,0,2,0.0,50.0,-50.0,-3.7037037037037033,WEAK,3.284293504375
Calm,Closing,Brown,75-100,4,0,2,0.0,50.0,-50.0,-3.7037037037037033,WEAK,3.10330753725
Moderate,Positioning,Purple,75-100,189,43,52,22.75132275132275,27.513227513227513,-4.761904761904763,-3.7656903765690384,HIGH,0.17548969493867722
Moderate,Open,Green,50-75,873,224,259,25.658648339060708,29.667812142038947,-4.0091638029782395,-3.791982665222105,HIGH,0.30481550469322255
Tough,Open,Purple,50-75,54,10,14,18.51851851851852,25.925925925925924,-7.407407407407405,-3.846153846153845,HIGH,0.4799794517556666
Tough,Survival,Pink,50-75,2,0,2,0.0,100.0,-100.0,-3.8461538461538463,WEAK,3.5129915807
Calm,Closing,Orange,50-75,994,217,258,21.830985915492956,25.95573440643863,-4.124748490945674,-3.9272030651340994,HIGH,0.21271104075726355
Tough,Survival,Yellow,25-50,21,5,8,23.809523809523807,38.095238095238095,-14.285714285714288,-4.225352112676057,EXPLORATORY,0.8418058825052858
Moderate,Positioning,Orange,25-50,92,22,28,23.91304347826087,30.434782608695656,-6.521739130434785,-4.225352112676058,HIGH,0.28718103245858695
Calm,Open,Pink,50-75,67,15,20,22.388059701492537,29.850746268656714,-7.462686567164177,-4.273504273504272,HIGH,0.3548812407462686
Calm,Survival,Yellow,25-50,294,67,82,22.789115646258505,27.89115646258503,-5.102040816326525,-4.360465116279065,HIGH,0.2124813235912926
Moderate,Open,Blue,50-75,1163,269,323,23.129836629406707,27.773000859845226,-4.643164230438519,-4.451772464962899,HIGH,0.31749090226823207
Calm,Open,Brown,50-75,17,1,4,5.88235294117647,23.52941176470588,-17.64705882352941,-4.477611940298507,EXPLORATORY,0.7194461458529411
Calm,Survival,Green,50-75,1343,313,377,23.3060312732688,28.071481757259864,-4.765450483991064,-4.594400574300071,HIGH,0.02586175798472821
Calm,Closing,Blue,75-100,710,164,200,23.098591549295776,28.169014084507044,-5.070422535211268,-4.736842105263158,HIGH,0.3001039489097606
Calm,Closing,Pink,25-50,13,0,3,0.0,23.076923076923077,-23.076923076923077,-4.761904761904762,WEAK,1.1054224308538463
Moderate,Positioning,Purple,50-75,598,137,168,22.909698996655518,28.093645484949832,-5.183946488294314,-4.78395061728395,HIGH,0.32628793981067256
Moderate,Open,Orange,50-75,1014,234,285,23.076923076923077,28.106508875739642,-5.029585798816566,-4.793233082706765,HIGH,0.2459561967071795
Moderate,Closing,Pink,25-50,12,1,4,8.333333333333332,33.33333333333333,-24.999999999999996,-4.838709677419354,WEAK,1.0790796018416668
Calm,Open,Blue,50-75,2169,465,573,21.43845089903181,26.41770401106501,-4.979253112033199,-4.867057232987835,HIGH,0.20432809082722453
Calm,Mixed,Red,50-75,32,8,12,25.0,37.5,-12.5,-4.878048780487805,HIGH,0.93792409315
Calm,Elimination,Orange,25-50,10,0,3,0.0,30.0,-30.0,-5.0,WEAK,1.03888128122
Calm,Survival,Purple,50-75,1348,299,371,22.181008902077153,27.522255192878337,-5.341246290801184,-5.150214592274676,HIGH,0.12541316031779673
Calm,Positioning,Yellow,75-100,1339,286,358,21.35922330097087,26.736370425690815,-5.377147124719944,-5.183585313174949,HIGH,0.26832091600792385
Calm,Positioning,Purple,25-50,103,23,31,22.330097087378643,30.097087378640776,-7.7669902912621325,-5.228758169934639,HIGH,0.24383043758155348
Tough,Open,Purple,75-100,45,10,15,22.22222222222222,33.33333333333333,-11.111111111111107,-5.26315789473684,HIGH,0.5441434907457777
Moderate,Positioning,Green,75-100,156,37,48,23.717948717948715,30.76923076923077,-7.051282051282055,-5.339805825242721,HIGH,0.20400036302935895
Calm,Open,Green,75-100,507,123,153,24.2603550295858,30.17751479289941,-5.9171597633136095,-5.3859964093357275,HIGH,0.34797362303366863
Calm,Positioning,Orange,50-75,995,213,270,21.407035175879397,27.1356783919598,-5.728643216080403,-5.454545454545456,HIGH,0.291258088210975
Moderate,Open,Green,75-100,298,69,88,23.154362416107382,29.53020134228188,-6.375838926174499,-5.459770114942531,HIGH,0.39489155018908295
Moderate,Closing,Green,25-50,59,16,22,27.11864406779661,37.28813559322034,-10.16949152542373,-5.5045871559633035,HIGH,0.3974255472215254
Calm,Elimination,Red,75-100,4,0,3,0.0,75.0,-75.0,-5.555555555555555,WEAK,1.4488970612499998
Calm,Mixed,Purple,75-100,87,16,24,18.39080459770115,27.586206896551722,-9.195402298850574,-5.839416058394161,HIGH,-0.20644745268160924
Moderate,Open,Purple,75-100,389,96,122,24.67866323907455,31.362467866323907,-6.6838046272493585,-5.922551252847382,HIGH,0.33076111687805687
Tough,Positioning,Yellow,25-50,17,2,6,11.76470588235294,35.294117647058826,-23.529411764705884,-5.970149253731344,EXPLORATORY,1.2005068481099999
Calm,Positioning,Purple,50-75,1001,228,291,22.77722277722278,29.07092907092907,-6.29370629370629,-5.994291151284487,HIGH,0.32097035077130864
Tough,Survival,Blue,75-100,49,6,12,12.244897959183673,24.489795918367346,-12.244897959183673,-6.0606060606060606,HIGH,0.8284236992454694
Moderate,Survival,Orange,50-75,1080,246,316,22.77777777777778,29.259259259259256,-6.481481481481477,-6.194690265486722,HIGH,0.3311319747683981
Calm,Open,Yellow,50-75,4221,937,1203,22.198531153755034,28.50035536602701,-6.301824212271974,-6.228049637087334,HIGH,0.3604483337880929
Moderate,Open,Yellow,50-75,2433,568,723,23.345663789560213,29.716399506781748,-6.370735717221535,-6.2424486508256125,HIGH,0.31147843505907324
Calm,Survival,Blue,75-100,987,213,279,21.580547112462007,28.267477203647417,-6.68693009118541,-6.364513018322082,HIGH,0.4333244144221783
Moderate,Closing,Blue,75-100,452,118,150,26.10619469026549,33.1858407079646,-7.079646017699112,-6.3745019920318695,HIGH,0.6162454429132349
Tough,Positioning,Blue,25-50,12,0,4,0.0,33.33333333333333,-33.33333333333333,-6.451612903225805,WEAK,0.6491394294816667
Tough,Survival,Blue,25-50,11,1,5,9.090909090909092,45.45454545454545,-36.36363636363636,-6.557377049180327,WEAK,1.5227577407190909
Tough,Survival,Blue,50-75,41,8,14,19.51219512195122,34.146341463414636,-14.634146341463417,-6.593406593406595,HIGH,0.9709614397780488
Calm,Open,Purple,50-75,1767,400,521,22.637238256932655,29.485002829654782,-6.847764572722127,-6.6593285635663175,HIGH,0.3815686309972892
Moderate,Open,Pink,50-75,36,9,15,25.0,41.66666666666667,-16.66666666666667,-6.976744186046514,HIGH,0.7558620283527779
Moderate,Closing,Red,75-100,64,15,23,23.4375,35.9375,-12.5,-7.017543859649122,HIGH,1.1261973259828124
Calm,Survival,Yellow,75-100,1726,388,516,22.479721900347624,29.89571263035921,-7.415990730011586,-7.207207207207206,HIGH,0.38963358002647164
Calm,Open,Yellow,75-100,1928,448,593,23.236514522821576,30.757261410788384,-7.5207468879668085,-7.33063700707786,HIGH,0.444728078536639
Calm,Survival,Blue,50-75,1593,359,481,22.53609541745135,30.19460138104206,-7.658505963590709,-7.425441265976872,HIGH,0.431224572004005
Moderate,Open,Yellow,75-100,1407,326,437,23.169864960909734,31.058990760483297,-7.889125799573563,-7.618393960192178,HIGH,0.36963702980592716
Calm,Closing,Red,50-75,184,35,53,19.021739130434785,28.804347826086957,-9.782608695652172,-7.692307692307691,HIGH,0.28035814669728254
Tough,Closing,Blue,75-100,28,7,13,25.0,46.42857142857143,-21.42857142857143,-7.692307692307693,EXPLORATORY,1.3643189909307145
Calm,Open,Orange,75-100,908,188,262,20.704845814977972,28.854625550660796,-8.149779735682824,-7.72442588726514,HIGH,0.5245852538042511
Calm,Survival,Orange,25-50,118,26,39,22.033898305084744,33.05084745762712,-11.016949152542377,-7.738095238095241,HIGH,0.6740512973118643
Moderate,Open,Blue,75-100,878,180,253,20.50113895216401,28.815489749430522,-8.314350797266513,-7.866379310344826,HIGH,0.6014617737833962
Tough,Closing,Orange,50-75,25,4,10,16.0,40.0,-24.0,-8.0,EXPLORATORY,0.6896976433592799
Calm,Mixed,Pink,50-75,9,0,5,0.0,55.55555555555556,-55.55555555555556,-8.474576271186441,WEAK,2.6218741538444443
Calm,Mixed,Green,50-75,68,13,23,19.11764705882353,33.82352941176471,-14.705882352941181,-8.474576271186443,HIGH,1.080920149626912
Moderate,Open,Red,75-100,56,12,21,21.428571428571427,37.5,-16.071428571428573,-8.49056603773585,HIGH,0.5964110581214286
Calm,Survival,Blue,25-50,157,36,54,22.929936305732486,34.394904458598724,-11.464968152866238,-8.695652173913041,HIGH,0.8302265603461148
Calm,Elimination,Blue,75-100,49,5,14,10.204081632653061,28.57142857142857,-18.36734693877551,-9.09090909090909,HIGH,0.8032373711571428
Tough,Survival,Orange,50-75,38,3,11,7.894736842105263,28.947368421052634,-21.05263157894737,-9.090909090909092,HIGH,0.8703973365394212
Moderate,Positioning,Red,75-100,36,5,13,13.88888888888889,36.11111111111111,-22.222222222222218,-9.302325581395348,HIGH,1.4251787310472226
Calm,Survival,Orange,50-75,1147,238,351,20.74978204010462,30.601569311246728,-9.851787271142108,-9.440267335004176,HIGH,0.44701120015774204
Calm,Open,Red,50-75,384,75,116,19.53125,30.208333333333332,-10.677083333333332,-9.44700460829493,HIGH,0.4791915867151042
Calm,Positioning,Orange,25-50,98,19,33,19.387755102040817,33.6734693877551,-14.285714285714281,-9.459459459459456,HIGH,0.6205153807673469
Moderate,Closing,Purple,75-100,212,46,71,21.69811320754717,33.490566037735846,-11.792452830188676,-9.541984732824424,HIGH,0.5358411982885377
Calm,Survival,Yellow,50-75,3357,713,1041,21.239201668156092,31.009830205540663,-9.770628537384571,-9.627238039330791,HIGH,0.43954159810797433
Moderate,Open,Green,25-50,64,9,20,14.0625,31.25,-17.1875,-9.649122807017543,HIGH,1.0365165818845634
Calm,Open,Green,50-75,1516,298,450,19.656992084432716,29.683377308707126,-10.02638522427441,-9.706257982120055,HIGH,0.48501421202326517
Moderate,Survival,Orange,75-100,613,123,197,20.0652528548124,32.13703099510604,-12.071778140293638,-11.161387631975868,HIGH,0.7229318037459869
Calm,Mixed,Yellow,50-75,136,29,50,21.323529411764707,36.76470588235294,-15.441176470588236,-11.290322580645162,HIGH,0.3159344296919117
Calm,Elimination,Yellow,50-75,151,20,43,13.245033112582782,28.47682119205298,-15.2317880794702,-11.442786069651742,HIGH,0.9534322439249671
Tough,Survival,Orange,75-100,43,4,15,9.30232558139535,34.883720930232556,-25.581395348837205,-11.827956989247308,HIGH,0.9605365832095583
Calm,Open,Orange,50-75,1546,306,496,19.79301423027167,32.082794307891334,-12.289780077619664,-11.904761904761905,HIGH,0.6595078146994631
Moderate,Closing,Blue,25-50,83,19,35,22.89156626506024,42.168674698795186,-19.277108433734945,-12.030075187969928,HIGH,0.7348732405913385
Tough,Positioning,Blue,75-100,66,13,27,19.696969696969695,40.909090909090914,-21.212121212121218,-12.068965517241383,HIGH,1.052214284088803
Calm,Elimination,Red,50-75,24,1,10,4.166666666666666,41.66666666666667,-37.50000000000001,-12.162162162162165,EXPLORATORY,2.304208718495833
Calm,Mixed,Orange,50-75,133,32,55,24.06015037593985,41.35338345864661,-17.293233082706763,-12.568306010928959,HIGH,1.058996105887218
Calm,Mixed,Red,75-100,40,6,18,15.0,45.0,-30.0,-13.333333333333332,HIGH,2.099215292034
Tough,Closing,Yellow,50-75,136,24,49,17.647058823529413,36.029411764705884,-18.38235294117647,-13.440860215053764,HIGH,0.9971508590300441
Calm,Open,Blue,75-100,1243,233,408,18.744971842316975,32.82381335478681,-14.078841512469833,-13.534416086620265,HIGH,0.6153142334221078
Calm,Mixed,Yellow,25-50,9,0,8,0.0,88.88888888888889,-88.88888888888889,-13.559322033898306,WEAK,3.759022977033333
Tough,Closing,Purple,50-75,36,6,18,16.666666666666664,50.0,-33.333333333333336,-13.953488372093025,HIGH,1.4847066079386113
Calm,Mixed,Purple,25-50,13,0,9,0.0,69.23076923076923,-69.23076923076923,-14.285714285714285,WEAK,3.0116458644999997
Calm,Mixed,Orange,75-100,90,20,41,22.22222222222222,45.55555555555556,-23.333333333333336,-15.000000000000002,HIGH,1.743877709521111
Calm,Elimination,Green,50-75,63,4,21,6.349206349206349,33.33333333333333,-26.98412698412698,-15.044247787610617,HIGH,0.832604858490476
Tough,Survival,Red,75-100,13,0,10,0.0,76.92307692307693,-76.92307692307693,-15.873015873015875,WEAK,2.8679642556300005
Calm,Elimination,Purple,50-75,80,14,35,17.5,43.75,-26.25,-16.153846153846153,HIGH,0.898942916755
Calm,Elimination,Yellow,75-100,73,6,26,8.21917808219178,35.61643835616438,-27.3972602739726,-16.260162601626014,HIGH,1.6400533757013696
Tough,Closing,Purple,75-100,29,2,16,6.896551724137931,55.172413793103445,-48.275862068965516,-17.72151898734177,EXPLORATORY,0.9959001142106897
Calm,Mixed,Blue,75-100,95,12,39,12.631578947368421,41.05263157894737,-28.42105263157895,-18.620689655172413,HIGH,1.4878249630252633
Calm,Closing,Green,25-50,61,6,27,9.836065573770492,44.26229508196721,-34.42622950819672,-18.91891891891892,HIGH,1.9827264770491801
Calm,Mixed,Purple,50-75,86,18,44,20.930232558139537,51.162790697674424,-30.232558139534888,-19.117647058823533,HIGH,2.0659985326724417
Tough,Closing,Blue,50-75,53,5,25,9.433962264150944,47.16981132075472,-37.735849056603776,-19.417475728155342,HIGH,2.084606288363604
Moderate,Open,Yellow,25-50,193,24,72,12.435233160621761,37.30569948186528,-24.87046632124352,-19.753086419753085,HIGH,1.408464249215525
Moderate,Open,Orange,25-50,147,18,59,12.244897959183673,40.136054421768705,-27.89115646258503,-20.81218274111675,HIGH,1.0350173265266667
Calm,Elimination,Blue,50-75,128,15,53,11.71875,41.40625,-29.6875,-21.34831460674157,HIGH,1.0478966310609377
Calm,Survival,Green,25-50,123,12,50,9.75609756097561,40.65040650406504,-30.894308943089428,-21.965317919075144,HIGH,1.2548989808243904
Calm,Mixed,Green,75-100,85,15,45,17.647058823529413,52.94117647058824,-35.294117647058826,-22.222222222222225,HIGH,1.9322122080870585
Tough,Closing,Yellow,75-100,71,4,32,5.633802816901409,45.07042253521127,-39.43661971830986,-23.1404958677686,HIGH,2.0541009705627604
Moderate,Open,Blue,25-50,87,15,47,17.24137931034483,54.02298850574713,-36.7816091954023,-23.357664233576642,HIGH,1.5353187976640232
Calm,Mixed,Yellow,75-100,144,18,69,12.5,47.91666666666667,-35.41666666666667,-26.28865979381444,HIGH,2.0349413904255558
Tough,Closing,Green,50-75,65,1,34,1.5384615384615385,52.307692307692314,-50.769230769230774,-28.695652173913043,HIGH,2.359761428776769
