condition,round_type,color,exec_bucket,upside_bucket,gap_bucket,n,good,bad,good_rate,bad_rate,edge,avg_off_par,consistency,confidence
Calm,Open,Red,25-50,50-75,-20--10,15,13,0,86.66666666666667,0.0,86.66666666666667,-3.3333333333333335,2.193062655175134,EXPLORATORY
Calm,REMOVE,Yellow,50-75,50-75,-10-0,20,16,0,80.0,0.0,80.0,-3.2,2.041671142136162,EXPLORATORY
Calm,Open,Green,25-50,25-50,-10-0,35,24,2,68.57142857142857,5.714285714285714,62.857142857142854,-2.5714285714285716,2.2917462425705284,HIGH
Calm,Open,Orange,50-75,25-50,0-10,29,19,1,65.51724137931035,3.4482758620689653,62.06896551724138,-2.310344827586207,3.306956393896509,EXPLORATORY
Calm,Open,Yellow,50-75,25-50,0-10,74,50,5,67.56756756756756,6.756756756756757,60.810810810810814,-2.5135135135135136,2.517028271937503,HIGH
Calm,Open,Purple,50-75,25-50,0-10,24,14,0,58.333333333333336,0.0,58.333333333333336,-2.4166666666666665,2.30154327555998,EXPLORATORY
Calm,Open,Purple,25-50,25-50,-20--10,28,19,4,67.85714285714286,14.285714285714285,53.571428571428584,-2.0714285714285716,2.8922446931543266,EXPLORATORY
Calm,Open,Green,50-75,25-50,0-10,20,12,2,60.0,10.0,50.0,-2.35,2.9784312366712355,EXPLORATORY
Calm,Open,Orange,50-75,50-75,-20--10,104,62,10,59.61538461538461,9.615384615384617,50.0,-2.0865384615384617,2.936580723906787,HIGH
Calm,Open,Purple,25-50,50-75,-20--10,197,114,17,57.868020304568525,8.629441624365482,49.23857868020304,-1.8071065989847717,2.4771095429064642,HIGH
Calm,Open,Green,75-100,50-75,20+,22,14,4,63.63636363636363,18.181818181818183,45.45454545454545,-1.3636363636363635,3.2152235284132797,EXPLORATORY
Calm,Open,Red,50-75,50-75,10-20,28,18,6,64.28571428571429,21.428571428571427,42.85714285714286,-1.8928571428571428,3.4030409681177556,EXPLORATORY
Calm,Open,Yellow,50-75,50-75,<-20,17,9,2,52.94117647058824,11.76470588235294,41.17647058823529,-1.9411764705882353,3.5963625414315175,EXPLORATORY
Calm,Open,Red,75-100,50-75,10-20,15,8,2,53.333333333333336,13.333333333333334,40.0,-1.8,3.075246796135695,EXPLORATORY
Calm,Open,Blue,50-75,25-50,0-10,28,16,5,57.14285714285714,17.857142857142858,39.28571428571428,-1.5357142857142858,2.9625082323016465,EXPLORATORY
Calm,Open,Yellow,25-50,25-50,-10-0,147,79,22,53.74149659863946,14.965986394557824,38.775510204081634,-1.5374149659863945,3.0074612896620265,HIGH
Calm,Open,Orange,50-75,50-75,0-10,105,49,9,46.666666666666664,8.571428571428571,38.095238095238095,-1.638095238095238,2.7565439953925637,HIGH
Calm,Open,Red,50-75,50-75,-20--10,19,9,2,47.368421052631575,10.526315789473683,36.84210526315789,-1.1578947368421053,1.5370663939515445,EXPLORATORY
Calm,Open,Purple,50-75,75-100,-10-0,113,56,15,49.557522123893804,13.274336283185843,36.283185840707965,-1.4513274336283186,2.7483473944824612,HIGH
Calm,Open,Blue,25-50,50-75,<-20,394,194,62,49.23857868020304,15.736040609137056,33.50253807106599,-1.2918781725888324,3.410593439348933,HIGH
Calm,Open,Orange,0-25,25-50,<-20,15,7,2,46.666666666666664,13.333333333333334,33.333333333333336,-1.0666666666666667,2.463060426921489,EXPLORATORY
Calm,Open,Blue,75-100,75-100,-10-0,15,9,4,60.0,26.666666666666668,33.33333333333333,-0.8666666666666667,3.3565855667130946,EXPLORATORY
Calm,Open,Orange,25-50,50-75,-20--10,174,86,29,49.42528735632184,16.666666666666664,32.758620689655174,-1.3045977011494252,2.9979340881276375,HIGH
Calm,Open,Purple,25-50,75-100,<-20,209,108,40,51.674641148325364,19.138755980861244,32.535885167464116,-1.229665071770335,3.1062716309067495,HIGH
Calm,Open,Yellow,25-50,50-75,-10-0,162,77,25,47.53086419753087,15.432098765432098,32.098765432098766,-1.0864197530864197,3.0531422805768322,HIGH
Calm,Open,Blue,25-50,25-50,-10-0,91,42,13,46.15384615384615,14.285714285714285,31.868131868131872,-1.0769230769230769,2.5570415597837943,HIGH
Calm,Open,Green,50-75,50-75,10-20,60,27,8,45.0,13.333333333333334,31.666666666666664,-1.35,2.3993290022456173,HIGH
Calm,Open,Blue,75-100,50-75,10-20,175,81,27,46.285714285714285,15.428571428571427,30.85714285714286,-1.1371428571428572,4.006251272833963,HIGH
Calm,Open,Blue,25-50,50-75,-20--10,242,113,39,46.69421487603306,16.115702479338843,30.57851239669421,-1.3140495867768596,2.995246740232822,HIGH
Calm,Open,Blue,50-75,75-100,-20--10,208,102,39,49.03846153846153,18.75,30.288461538461537,-1.4038461538461537,2.9717485565679,HIGH
Calm,Open,Blue,50-75,50-75,0-10,295,140,51,47.45762711864407,17.28813559322034,30.16949152542373,-1.1830508474576271,3.1933792340998104,HIGH
Calm,Open,Yellow,50-75,75-100,<-20,567,278,111,49.029982363315696,19.576719576719576,29.453262786596117,-1.1428571428571428,3.2043004924060288,HIGH
Calm,Open,Yellow,75-100,50-75,20+,136,58,18,42.64705882352941,13.23529411764706,29.411764705882348,-0.9705882352941176,2.276908809217048,HIGH
Calm,Open,Green,50-75,75-100,<-20,120,56,21,46.666666666666664,17.5,29.166666666666668,-1.2666666666666666,2.915427908207504,HIGH
Calm,Open,Purple,50-75,50-75,10-20,85,44,20,51.76470588235295,23.52941176470588,28.235294117647065,-1.5411764705882354,3.7434162560562836,HIGH
Calm,Open,Red,25-50,75-100,<-20,75,32,11,42.66666666666667,14.666666666666666,28.000000000000004,-0.9733333333333334,2.498504056935374,HIGH
Calm,Open,Orange,50-75,75-100,<-20,302,140,58,46.35761589403973,19.205298013245034,27.152317880794698,-1.119205298013245,3.168422167913339,HIGH
Calm,Open,Yellow,75-100,50-75,10-20,211,97,40,45.97156398104265,18.95734597156398,27.014218009478675,-0.8767772511848341,2.9606918500747548,HIGH
Calm,Open,Yellow,75-100,75-100,-10-0,19,8,3,42.10526315789473,15.789473684210526,26.31578947368421,-1.1578947368421053,2.386609819963988,EXPLORATORY
Calm,Open,Green,25-50,50-75,<-20,190,87,37,45.78947368421053,19.473684210526315,26.31578947368421,-1.105263157894737,2.8985443681598237,HIGH
Calm,Open,Blue,25-50,50-75,-10-0,110,52,24,47.27272727272727,21.818181818181817,25.454545454545453,-1.5727272727272728,6.10227674598346,HIGH
Calm,Open,Yellow,25-50,50-75,<-20,590,282,134,47.79661016949153,22.71186440677966,25.08474576271187,-0.8864406779661017,3.3228619829801875,HIGH
Calm,Open,Green,50-75,50-75,0-10,225,100,45,44.44444444444444,20.0,24.44444444444444,-0.8711111111111111,3.005398581706033,HIGH
Calm,Open,Orange,75-100,50-75,10-20,84,32,12,38.095238095238095,14.285714285714285,23.809523809523807,-0.8095238095238095,2.8643054225489193,HIGH
Calm,Open,Orange,25-50,25-50,-10-0,26,13,7,50.0,26.923076923076923,23.076923076923077,-0.8461538461538461,2.737770007758982,EXPLORATORY
Calm,Open,Pink,25-50,50-75,<-20,44,23,13,52.27272727272727,29.545454545454547,22.727272727272723,-0.5454545454545454,3.812186978103956,HIGH
Calm,Open,Purple,75-100,50-75,10-20,130,58,29,44.61538461538462,22.30769230769231,22.30769230769231,-1.0384615384615385,2.968579244532202,HIGH
Calm,Open,Green,25-50,75-100,<-20,166,75,38,45.18072289156627,22.89156626506024,22.289156626506028,-1.1566265060240963,4.72256203632409,HIGH
Calm,Open,Yellow,75-100,50-75,0-10,293,124,60,42.32081911262799,20.477815699658702,21.843003412969285,-1.0170648464163823,3.502892481782909,HIGH
Calm,Open,Blue,50-75,75-100,<-20,414,175,90,42.270531400966185,21.73913043478261,20.531400966183575,-0.7077294685990339,3.033962426286356,HIGH
Calm,Open,Blue,75-100,50-75,20+,78,30,14,38.46153846153847,17.94871794871795,20.512820512820515,-0.5641025641025641,3.3481522083267374,HIGH
Calm,Open,Yellow,50-75,50-75,-10-0,1113,483,257,43.39622641509434,23.090745732255165,20.305480682839175,-0.8553459119496856,3.242826989084771,HIGH
Calm,Open,Purple,25-50,50-75,<-20,202,88,47,43.56435643564357,23.26732673267327,20.297029702970296,-0.6039603960396039,3.337050289588043,HIGH
Calm,Open,Orange,50-75,75-100,-20--10,74,26,11,35.13513513513514,14.864864864864865,20.27027027027027,-0.7972972972972973,2.71464687645156,HIGH
Calm,Open,Purple,50-75,75-100,<-20,105,43,22,40.95238095238095,20.952380952380953,20.0,-0.8095238095238095,3.2078486623114,HIGH
Calm,Open,Red,50-75,75-100,<-20,15,7,4,46.666666666666664,26.666666666666668,20.0,-1.1333333333333333,4.050867044167681,EXPLORATORY
Calm,Open,Blue,50-75,50-75,-10-0,412,165,85,40.04854368932039,20.631067961165048,19.41747572815534,-0.8932038834951457,3.5724346693601263,HIGH
Calm,Open,Yellow,50-75,50-75,-20--10,481,200,108,41.58004158004158,22.453222453222455,19.12681912681913,-0.6611226611226612,3.120417638234702,HIGH
Calm,Open,Purple,50-75,50-75,0-10,290,118,65,40.689655172413794,22.413793103448278,18.275862068965516,-0.6896551724137931,3.1447594488941664,HIGH
Calm,Open,Green,50-75,50-75,-10-0,467,191,106,40.899357601713064,22.698072805139187,18.201284796573873,-0.6381156316916489,3.2040215950349653,HIGH
Calm,Open,Purple,50-75,50-75,-20--10,171,78,47,45.614035087719294,27.485380116959064,18.128654970760234,-0.43859649122807015,3.3202633339557788,HIGH
Calm,Open,Yellow,50-75,75-100,-20--10,444,189,109,42.567567567567565,24.54954954954955,18.01801801801802,-0.8423423423423423,3.1454449361608265,HIGH
Calm,Open,Yellow,50-75,50-75,0-10,651,266,150,40.86021505376344,23.04147465437788,17.818740399385565,-0.7096774193548387,3.1778388961097117,HIGH
Calm,Open,Yellow,25-50,50-75,-20--10,433,180,103,41.570438799076214,23.787528868360276,17.782909930715938,-0.605080831408776,3.1334030806993765,HIGH
Calm,Open,Blue,50-75,50-75,-20--10,186,74,42,39.784946236559136,22.58064516129032,17.204301075268816,-0.3817204301075269,2.8053017850495117,HIGH
Calm,Open,Orange,50-75,50-75,-10-0,257,105,62,40.856031128404666,24.124513618677042,16.731517509727624,-0.5992217898832685,3.2365827877598536,HIGH
Calm,Open,Green,25-50,50-75,-20--10,180,77,47,42.77777777777778,26.111111111111114,16.666666666666664,-0.8611111111111112,3.1494681450244735,HIGH
Calm,Open,Purple,50-75,75-100,-20--10,128,54,33,42.1875,25.78125,16.40625,-0.6171875,3.4369944152174905,HIGH
Calm,Open,Green,50-75,75-100,-10-0,117,48,30,41.02564102564102,25.64102564102564,15.384615384615385,-0.11965811965811966,3.8127788607170645,HIGH
Calm,Open,Orange,50-75,75-100,-10-0,85,29,16,34.11764705882353,18.823529411764707,15.294117647058824,-0.611764705882353,3.2480547938693385,HIGH
Calm,Open,Yellow,50-75,50-75,10-20,50,23,16,46.0,32.0,14.000000000000002,-0.44,3.2460965569654356,HIGH
Calm,Open,Green,25-50,50-75,-10-0,43,20,14,46.51162790697674,32.55813953488372,13.95348837209302,-0.7209302325581395,3.881123925306694,HIGH
Calm,Open,Yellow,25-50,25-50,-20--10,52,19,12,36.53846153846153,23.076923076923077,13.461538461538458,-0.9807692307692307,3.6217771859843952,HIGH
Calm,Open,Purple,50-75,50-75,-10-0,516,206,141,39.922480620155035,27.325581395348834,12.5968992248062,-0.5445736434108527,3.4410358584345118,HIGH
Calm,Open,Pink,25-50,75-100,<-20,40,17,12,42.5,30.0,12.5,-0.425,3.3503731135501913,HIGH
Calm,Open,Blue,75-100,50-75,0-10,185,70,48,37.83783783783784,25.945945945945947,11.891891891891893,-0.35135135135135137,3.1555353040695238,HIGH
Calm,Open,Orange,25-50,50-75,-10-0,52,20,14,38.46153846153847,26.923076923076923,11.538461538461542,-0.5192307692307693,3.214491602015293,HIGH
Calm,Open,Orange,25-50,75-100,<-20,445,163,114,36.62921348314607,25.617977528089884,11.011235955056181,-0.2898876404494382,3.07254791061467,HIGH
Calm,Open,Yellow,25-50,75-100,<-20,516,190,134,36.82170542635659,25.968992248062015,10.852713178294572,-0.31007751937984496,3.4439725303921316,HIGH
Calm,Open,Blue,25-50,75-100,<-20,449,177,131,39.42093541202672,29.175946547884184,10.24498886414254,-0.08685968819599109,3.2765442352206904,HIGH
Calm,Open,Green,75-100,50-75,0-10,83,32,24,38.55421686746988,28.915662650602407,9.638554216867472,-0.42168674698795183,2.8332541057069243,HIGH
Calm,Open,Red,50-75,50-75,0-10,55,22,17,40.0,30.909090909090907,9.090909090909093,-0.509090909090909,3.155669367701432,HIGH
Calm,Open,Red,50-75,50-75,-10-0,131,50,39,38.16793893129771,29.770992366412212,8.3969465648855,0.17557251908396945,3.4740375889878523,HIGH
Calm,Open,Yellow,50-75,75-100,-10-0,382,145,114,37.95811518324607,29.84293193717277,8.115183246073299,-0.32460732984293195,3.4259120252839974,HIGH
Calm,Open,Blue,25-50,25-50,-20--10,61,20,16,32.78688524590164,26.229508196721312,6.5573770491803245,-0.3442622950819672,2.6197025651883927,HIGH
Calm,Open,Orange,25-50,50-75,<-20,561,198,162,35.294117647058826,28.87700534759358,6.417112299465244,-0.24955436720142601,3.437986949559655,HIGH
Calm,Open,Green,75-100,50-75,10-20,67,26,22,38.80597014925373,32.83582089552239,5.970149253731344,-0.43283582089552236,3.080849354539116,HIGH
Calm,Open,Red,25-50,50-75,<-20,52,21,18,40.38461538461539,34.61538461538461,5.769230769230771,-0.19230769230769232,3.2056228879185884,HIGH
Calm,Open,Blue,50-75,50-75,<-20,18,4,3,22.22222222222222,16.666666666666664,5.555555555555555,-0.1111111111111111,2.7629670515778098,EXPLORATORY
Calm,Open,Purple,25-50,50-75,-10-0,44,15,13,34.090909090909086,29.545454545454547,4.545454545454541,-0.25,3.3488977707702228,HIGH
Calm,Open,Orange,50-75,50-75,<-20,31,9,8,29.03225806451613,25.806451612903224,3.2258064516129057,0.2903225806451613,3.1325553827197457,HIGH
Calm,Open,Green,50-75,75-100,-20--10,99,36,33,36.36363636363637,33.33333333333333,3.030303030303033,-0.31313131313131315,3.2752830214099076,HIGH
Calm,Open,Blue,50-75,50-75,10-20,54,20,19,37.03703703703704,35.18518518518518,1.851851851851849,-0.2037037037037037,3.338622637870179,HIGH
Calm,Open,Green,50-75,50-75,-20--10,151,48,46,31.788079470198678,30.4635761589404,1.3245033112582794,-0.026490066225165563,3.446635112429802,HIGH
Calm,Open,Purple,75-100,50-75,0-10,98,32,32,32.6530612244898,32.6530612244898,0.0,0.11224489795918367,3.242382517997366,HIGH
Calm,Open,Orange,25-50,25-50,-20--10,41,12,12,29.268292682926827,29.268292682926827,0.0,-0.0975609756097561,3.71352176544571,HIGH
Calm,Open,Blue,50-75,75-100,-10-0,157,50,51,31.84713375796178,32.48407643312102,-0.6369426751592355,0.044585987261146494,3.3037351609038113,HIGH
Calm,Open,Green,25-50,25-50,-20--10,18,5,6,27.77777777777778,33.33333333333333,-5.555555555555553,0.6666666666666666,3.2899132833198976,EXPLORATORY
Calm,Open,Red,75-100,50-75,0-10,31,8,11,25.806451612903224,35.483870967741936,-9.677419354838712,1.2903225806451613,3.2372163802367484,HIGH
Calm,Open,Purple,25-50,25-50,-10-0,41,14,20,34.146341463414636,48.78048780487805,-14.634146341463412,-0.024390243902439025,4.174253255841389,HIGH
Calm,Open,Orange,75-100,50-75,20+,50,6,20,12.0,40.0,-28.000000000000004,1.4,3.116774889895918,HIGH
Calm,Open,Orange,75-100,50-75,0-10,128,26,62,20.3125,48.4375,-28.125,1.0625,3.108915298091709,HIGH
Moderate,Open,Red,75-100,50-75,0-10,25,19,4,76.0,16.0,60.0,-2.08,4.377213725647858,EXPLORATORY
Moderate,Open,Orange,25-50,50-75,-10-0,90,57,11,63.33333333333333,12.222222222222221,51.11111111111111,-2.6444444444444444,3.724534843473703,HIGH
Moderate,Open,Orange,50-75,75-100,-10-0,38,22,3,57.89473684210527,7.894736842105263,50.0,-1.263157894736842,2.3673934865884454,HIGH
Moderate,Open,Yellow,75-100,50-75,20+,53,26,5,49.056603773584904,9.433962264150944,39.62264150943396,-1.830188679245283,2.880543812550544,HIGH
Moderate,Open,Blue,75-100,50-75,20+,43,19,2,44.18604651162791,4.651162790697675,39.53488372093024,-1.3488372093023255,2.277046133023184,HIGH
Moderate,Open,Purple,75-100,50-75,0-10,116,55,20,47.41379310344828,17.24137931034483,30.17241379310345,-1.2758620689655173,3.2825923130740855,HIGH
Moderate,Open,Red,50-75,75-100,-20--10,27,14,6,51.85185185185185,22.22222222222222,29.629629629629626,-0.9629629629629629,2.8753793258988054,EXPLORATORY
Moderate,Open,Yellow,75-100,50-75,0-10,231,112,45,48.484848484848484,19.480519480519483,29.004329004329005,-1.1082251082251082,3.1720891293843145,HIGH
Moderate,Open,Purple,25-50,75-100,<-20,115,49,16,42.608695652173914,13.91304347826087,28.695652173913043,-1.0782608695652174,3.1765252617235173,HIGH
Moderate,Open,Orange,75-100,50-75,0-10,76,35,15,46.05263157894737,19.736842105263158,26.31578947368421,-1.1973684210526316,2.8285201635819166,HIGH
Moderate,Open,Green,50-75,75-100,-20--10,36,18,9,50.0,25.0,25.0,-0.8611111111111112,2.8800077160390463,HIGH
Moderate,Open,Orange,75-100,50-75,20+,32,13,5,40.625,15.625,25.0,-0.71875,3.2650087684513984,HIGH
Moderate,Open,Purple,50-75,50-75,-10-0,346,152,68,43.93063583815029,19.653179190751445,24.277456647398843,-0.8092485549132948,3.1601735434937597,HIGH
Moderate,Open,Blue,75-100,50-75,0-10,82,37,18,45.1219512195122,21.951219512195124,23.170731707317074,-1.0609756097560976,3.0965833859375462,HIGH
Moderate,Open,Orange,25-50,75-100,<-20,172,76,37,44.18604651162791,21.511627906976745,22.674418604651166,-1.0406976744186047,3.3269369473923587,HIGH
Moderate,Open,Yellow,25-50,75-100,<-20,340,148,72,43.529411764705884,21.176470588235293,22.35294117647059,-0.9088235294117647,3.447958452604985,HIGH
Moderate,Open,Green,25-50,75-100,<-20,117,53,27,45.2991452991453,23.076923076923077,22.22222222222222,-0.6068376068376068,3.256180502487605,HIGH
Moderate,Open,Blue,25-50,50-75,-10-0,78,33,17,42.30769230769231,21.794871794871796,20.51282051282051,-0.5769230769230769,3.435941545733033,HIGH
Moderate,Open,Orange,0-25,50-75,<-20,15,6,3,40.0,20.0,20.0,-0.9333333333333333,3.863134675857098,EXPLORATORY
Moderate,Open,Blue,50-75,50-75,-20--10,138,58,31,42.028985507246375,22.463768115942027,19.565217391304344,-0.5289855072463768,3.0618729752517084,HIGH
Moderate,Open,Green,50-75,50-75,0-10,96,39,21,40.625,21.875,18.75,-0.6979166666666666,3.037033842650343,HIGH
Moderate,Open,Yellow,50-75,50-75,<-20,34,14,8,41.17647058823529,23.52941176470588,17.64705882352941,-0.35294117647058826,2.307856843167736,HIGH
Moderate,Open,Orange,50-75,75-100,-20--10,81,31,18,38.2716049382716,22.22222222222222,16.049382716049383,-0.8148148148148148,3.7185720078785316,HIGH
Moderate,Open,Purple,50-75,75-100,-20--10,75,33,21,44.0,28.000000000000004,15.999999999999998,-0.7333333333333333,3.453683240821012,HIGH
Moderate,Open,Blue,25-50,75-100,<-20,223,91,58,40.80717488789238,26.00896860986547,14.79820627802691,-0.43946188340807174,3.367125605655557,HIGH
Moderate,Open,Purple,25-50,50-75,<-20,123,49,31,39.83739837398374,25.203252032520325,14.634146341463417,-0.6422764227642277,3.1313593164735645,HIGH
Moderate,Open,Purple,50-75,25-50,0-10,22,10,7,45.45454545454545,31.818181818181817,13.636363636363635,-0.5,3.2769033000830583,EXPLORATORY
Moderate,Open,Orange,25-50,50-75,<-20,280,101,65,36.07142857142857,23.214285714285715,12.857142857142856,-0.2857142857142857,2.9531241322194672,HIGH
Moderate,Open,Green,50-75,25-50,0-10,24,9,6,37.5,25.0,12.5,-0.041666666666666664,3.1688588903052577,EXPLORATORY
Moderate,Open,Purple,75-100,75-100,-10-0,16,6,4,37.5,25.0,12.5,-1.5,3.3466401061363023,EXPLORATORY
Moderate,Open,Purple,50-75,50-75,0-10,102,40,28,39.21568627450981,27.450980392156865,11.764705882352938,-0.058823529411764705,3.4521439153248163,HIGH
Moderate,Open,Green,50-75,50-75,-10-0,294,120,87,40.816326530612244,29.591836734693878,11.22448979591837,-0.7108843537414966,3.915674796616818,HIGH
Moderate,Open,Orange,50-75,50-75,-20--10,126,40,26,31.746031746031743,20.634920634920633,11.11111111111111,-0.30952380952380953,2.8884993632383877,HIGH
Moderate,Open,Blue,25-50,50-75,<-20,260,97,69,37.30769230769231,26.53846153846154,10.76923076923077,-0.5038461538461538,3.243643117117028,HIGH
Moderate,Open,Purple,25-50,25-50,-10-0,28,10,7,35.714285714285715,25.0,10.714285714285715,-0.17857142857142858,3.115713715615085,EXPLORATORY
Moderate,Open,Purple,50-75,50-75,-20--10,151,59,43,39.0728476821192,28.47682119205298,10.596026490066224,-0.8874172185430463,5.132306883988415,HIGH
Moderate,Open,Green,50-75,50-75,-20--10,139,46,34,33.093525179856115,24.46043165467626,8.633093525179856,-0.1510791366906475,2.8739551827129675,HIGH
Moderate,Open,Yellow,50-75,50-75,-20--10,359,132,102,36.768802228412255,28.412256267409468,8.356545961002787,-0.20334261838440112,3.129493858829626,HIGH
Moderate,Open,Blue,50-75,75-100,-10-0,104,38,30,36.53846153846153,28.846153846153843,7.6923076923076925,-0.09615384615384616,2.9609734386273896,HIGH
Moderate,Open,Yellow,50-75,50-75,-10-0,664,229,181,34.48795180722892,27.259036144578314,7.2289156626506035,-0.39457831325301207,5.014401654698405,HIGH
Moderate,Open,Orange,50-75,50-75,0-10,63,20,16,31.746031746031743,25.396825396825395,6.349206349206349,-1.4603174603174602,6.731786411101456,HIGH
Moderate,Open,Green,75-100,50-75,0-10,77,26,22,33.76623376623377,28.57142857142857,5.1948051948051965,-0.45454545454545453,3.915372720529919,HIGH
Moderate,Open,Yellow,50-75,75-100,-20--10,305,107,93,35.08196721311476,30.491803278688522,4.590163934426234,-0.09836065573770492,3.529504018909678,HIGH
Moderate,Open,Green,25-50,50-75,<-20,89,36,32,40.44943820224719,35.95505617977528,4.49438202247191,-0.14606741573033707,3.4724583962353375,HIGH
Moderate,Open,Yellow,75-100,50-75,10-20,136,48,42,35.294117647058826,30.88235294117647,4.411764705882354,0.14705882352941177,3.63018091940681,HIGH
Moderate,Open,Blue,50-75,75-100,-20--10,169,44,37,26.035502958579883,21.893491124260358,4.142011834319526,0.1893491124260355,2.591125914037186,HIGH
Moderate,Open,Blue,50-75,50-75,0-10,109,34,30,31.19266055045872,27.522935779816514,3.669724770642202,0.06422018348623854,3.070997031240042,HIGH
Moderate,Open,Purple,75-100,50-75,10-20,75,25,23,33.33333333333333,30.666666666666664,2.666666666666667,-0.08,3.025834707262721,HIGH
Moderate,Open,Orange,50-75,75-100,<-20,284,89,86,31.338028169014088,30.28169014084507,1.0563380281690182,0.13732394366197184,3.044803466417275,HIGH
Moderate,Open,Yellow,50-75,50-75,0-10,280,81,80,28.92857142857143,28.57142857142857,0.3571428571428614,0.08571428571428572,2.872401650925516,HIGH
Moderate,Open,Yellow,25-50,50-75,-10-0,135,41,41,30.37037037037037,30.37037037037037,0.0,-0.17037037037037037,3.9804386256852244,HIGH
Moderate,Open,Blue,50-75,50-75,-10-0,205,70,70,34.146341463414636,34.146341463414636,0.0,0.05853658536585366,3.3601598650224798,HIGH
Moderate,Open,Red,50-75,50-75,10-20,24,5,5,20.833333333333336,20.833333333333336,0.0,0.7916666666666666,3.4638401241681325,EXPLORATORY
Moderate,Open,Yellow,25-50,50-75,<-20,348,114,121,32.758620689655174,34.770114942528735,-2.0114942528735638,-0.040229885057471264,3.432106746494761,HIGH
Moderate,Open,Yellow,50-75,75-100,<-20,495,158,168,31.91919191919192,33.939393939393945,-2.020202020202022,0.030303030303030304,3.4502084237182054,HIGH
Moderate,Open,Purple,25-50,50-75,-10-0,46,13,14,28.26086956521739,30.434782608695656,-2.173913043478265,0.06521739130434782,2.576838492874066,HIGH
Moderate,Open,Purple,50-75,50-75,10-20,32,13,14,40.625,43.75,-3.125,0.25,2.9729967503210215,HIGH
Moderate,Open,Yellow,50-75,50-75,10-20,25,10,11,40.0,44.0,-3.9999999999999982,0.28,3.409789827345179,EXPLORATORY
Moderate,Open,Blue,50-75,75-100,<-20,360,108,123,30.0,34.166666666666664,-4.166666666666669,0.4527777777777778,3.265075266581267,HIGH
Moderate,Open,Orange,25-50,25-50,-20--10,77,21,25,27.27272727272727,32.467532467532465,-5.1948051948051965,0.37662337662337664,2.6854332250660136,HIGH
Moderate,Open,Blue,25-50,50-75,-20--10,68,19,23,27.941176470588236,33.82352941176471,-5.882352941176472,0.7205882352941176,3.733053602756536,HIGH
Moderate,Open,Orange,25-50,50-75,-20--10,110,25,32,22.727272727272727,29.09090909090909,-6.363636363636363,0.38181818181818183,2.6818514013859773,HIGH
Moderate,Open,Yellow,50-75,75-100,-10-0,250,62,82,24.8,32.800000000000004,-8.000000000000002,0.392,3.2149150400686235,HIGH
Moderate,Open,Red,50-75,50-75,-10-0,56,15,20,26.785714285714285,35.714285714285715,-8.92857142857143,0.08928571428571429,3.3913086008168034,HIGH
Moderate,Open,Purple,25-50,50-75,-20--10,20,7,9,35.0,45.0,-10.000000000000004,-0.5,2.7434131641941364,EXPLORATORY
Moderate,Open,Green,50-75,75-100,<-20,99,25,36,25.252525252525253,36.36363636363637,-11.11111111111111,-0.06060606060606061,3.3770479253583265,HIGH
Moderate,Open,Yellow,25-50,25-50,-20--10,17,2,4,11.76470588235294,23.52941176470588,-11.76470588235294,0.35294117647058826,1.6934128435864448,EXPLORATORY
Moderate,Open,Yellow,50-75,25-50,0-10,64,16,24,25.0,37.5,-12.5,0.671875,3.3761755742165582,HIGH
Moderate,Open,Blue,75-100,50-75,10-20,75,17,28,22.666666666666664,37.333333333333336,-14.66666666666667,0.8666666666666667,3.0770876601859216,HIGH
Moderate,Open,Purple,50-75,75-100,<-20,147,35,58,23.809523809523807,39.455782312925166,-15.646258503401361,0.3877551020408163,5.1610354960675275,HIGH
Moderate,Open,Orange,25-50,25-50,-10-0,42,11,18,26.190476190476193,42.857142857142854,-16.666666666666664,0.7857142857142857,3.2650082305630717,HIGH
Moderate,Open,Orange,50-75,25-50,0-10,23,6,10,26.08695652173913,43.47826086956522,-17.391304347826086,0.17391304347826086,8.110891520962547,EXPLORATORY
Moderate,Open,Yellow,25-50,50-75,-20--10,129,28,53,21.705426356589147,41.08527131782946,-19.379844961240313,0.689922480620155,3.0228257930608238,HIGH
Moderate,Open,Green,50-75,75-100,-10-0,36,11,18,30.555555555555557,50.0,-19.444444444444443,1.8333333333333333,3.7148351242013424,HIGH
Moderate,Open,Red,25-50,75-100,<-20,20,7,11,35.0,55.00000000000001,-20.000000000000007,0.85,3.4834193727307357,EXPLORATORY
Moderate,Open,Green,50-75,50-75,10-20,32,4,11,12.5,34.375,-21.875,0.5625,2.816283297699865,HIGH
Moderate,Open,Blue,50-75,25-50,0-10,32,7,14,21.875,43.75,-21.875,0.90625,2.5062422069704278,HIGH
Moderate,Open,Blue,50-75,50-75,10-20,30,6,13,20.0,43.333333333333336,-23.333333333333332,1.5,3.7760588832346316,HIGH
Moderate,Open,Red,25-50,50-75,-10-0,27,5,12,18.51851851851852,44.44444444444444,-25.925925925925924,1.2222222222222223,3.5877283720754103,EXPLORATORY
Moderate,Open,Green,25-50,50-75,-10-0,46,9,21,19.565217391304348,45.65217391304348,-26.086956521739125,1.4130434782608696,3.6792274971582573,HIGH
Moderate,Open,Purple,50-75,75-100,-10-0,37,9,19,24.324324324324326,51.35135135135135,-27.027027027027025,1.4324324324324325,3.34614654441444,HIGH
Moderate,Open,Green,25-50,25-50,-10-0,32,5,15,15.625,46.875,-31.25,1.09375,2.6440361985711993,HIGH
Moderate,Open,Yellow,25-50,25-50,-10-0,96,13,43,13.541666666666666,44.79166666666667,-31.25,1.40625,3.1105190800521414,HIGH
Moderate,Open,Green,75-100,50-75,10-20,35,7,18,20.0,51.42857142857142,-31.428571428571423,0.7714285714285715,3.565238332811412,HIGH
Moderate,Open,Orange,50-75,50-75,-10-0,142,24,71,16.901408450704224,50.0,-33.098591549295776,1.0,5.451267013891137,HIGH
Moderate,Open,Blue,50-75,50-75,<-20,18,4,10,22.22222222222222,55.55555555555556,-33.333333333333336,1.0,3.429971702850177,EXPLORATORY
Moderate,Open,Orange,75-100,50-75,10-20,58,12,32,20.689655172413794,55.172413793103445,-34.48275862068966,1.7586206896551724,3.614349301208086,HIGH
Moderate,Open,Green,25-50,50-75,-20--10,25,5,16,20.0,64.0,-44.0,1.76,3.1395328739585873,EXPLORATORY
Moderate,Open,Blue,25-50,25-50,-10-0,35,2,24,5.714285714285714,68.57142857142857,-62.857142857142854,2.0,2.4733877696033693,HIGH
Tough,Open,Yellow,25-50,50-75,<-20,35,22,2,62.857142857142854,5.714285714285714,57.14285714285714,-1.9428571428571428,2.448803515078779,HIGH
Tough,Open,Orange,25-50,75-100,<-20,26,12,2,46.15384615384615,7.6923076923076925,38.46153846153847,-1.3461538461538463,2.5130428996307677,EXPLORATORY
Tough,Open,Yellow,50-75,50-75,-10-0,39,17,7,43.58974358974359,17.94871794871795,25.64102564102564,-0.3333333333333333,2.485042976789582,HIGH
Tough,Open,Orange,25-50,25-50,-10-0,17,7,3,41.17647058823529,17.647058823529413,23.52941176470588,-1.0,3.142451272494134,EXPLORATORY
Tough,Open,Purple,50-75,75-100,-20--10,20,9,5,45.0,25.0,20.0,-0.5,3.63462877276201,EXPLORATORY
Tough,Open,Blue,50-75,50-75,-10-0,43,15,11,34.883720930232556,25.581395348837212,9.30232558139535,-0.6511627906976745,3.4495253015743415,HIGH
Tough,Open,Purple,50-75,50-75,-10-0,37,11,9,29.72972972972973,24.324324324324326,5.405405405405405,0.05405405405405406,2.7883283118698152,HIGH
Tough,Open,Blue,25-50,25-50,-10-0,19,7,6,36.84210526315789,31.57894736842105,5.263157894736842,-0.10526315789473684,2.9794618612185895,EXPLORATORY
Tough,Open,Yellow,25-50,25-50,-10-0,19,7,7,36.84210526315789,36.84210526315789,0.0,0.10526315789473684,2.1831357885722613,EXPLORATORY
Tough,Open,Yellow,50-75,75-100,-20--10,41,13,13,31.70731707317073,31.70731707317073,0.0,-0.0975609756097561,2.557390056764713,HIGH
Tough,Open,Blue,50-75,75-100,-20--10,23,10,10,43.47826086956522,43.47826086956522,0.0,-0.34782608695652173,2.9635466413829517,EXPLORATORY
Tough,Open,Orange,25-50,50-75,<-20,17,5,5,29.411764705882355,29.411764705882355,0.0,-0.4117647058823529,2.5994909003834716,EXPLORATORY
Tough,Open,Green,50-75,50-75,-10-0,33,8,9,24.242424242424242,27.27272727272727,-3.0303030303030276,-0.18181818181818182,2.171614397380228,HIGH
Tough,Open,Yellow,50-75,75-100,-10-0,19,6,7,31.57894736842105,36.84210526315789,-5.263157894736842,1.263157894736842,4.1612245161351495,EXPLORATORY
Tough,Open,Blue,25-50,50-75,<-20,31,8,10,25.806451612903224,32.25806451612903,-6.451612903225806,0.06451612903225806,2.8860062817091228,HIGH
Tough,Open,Yellow,50-75,75-100,<-20,66,16,23,24.242424242424242,34.84848484848485,-10.606060606060607,0.5757575757575758,3.3238559908664285,HIGH
Tough,Open,Blue,50-75,75-100,<-20,22,5,11,22.727272727272727,50.0,-27.27272727272727,1.1818181818181819,2.8724697128224435,EXPLORATORY
Tough,Open,Purple,50-75,75-100,<-20,15,4,9,26.666666666666668,60.0,-33.33333333333333,1.5333333333333334,3.0441200151548995,EXPLORATORY
