condition,round_type,gap,tithi,n,edge,roi,conf,mean_error
Moderate,Open,-20--10,19.0,61,-36.0655737704918,-19.81981981981982,HIGH,1.3781173576904922
Calm,Open,-10-0,22.0,100,-29.000000000000004,-19.333333333333336,HIGH,1.1704509821390001
Moderate,Open,-20--10,24.0,47,-38.297872340425535,-18.556701030927837,HIGH,1.6079469548680851
Moderate,Open,-20--10,5.0,75,-30.666666666666664,-18.4,HIGH,1.3501568094696
Moderate,Open,10-20,10.0,21,-61.904761904761905,-18.309859154929576,EXPLORATORY,3.478155002680952
Moderate,Open,0-10,7.0,27,51.85185185185185,18.18181818181818,EXPLORATORY,-2.0803383931307406
Calm,Open,10-20,6.0,27,-51.85185185185185,-18.18181818181818,EXPLORATORY,2.8742319383777777
Calm,Open,10-20,11.0,39,-38.46153846153846,-16.853932584269664,HIGH,1.4334474844153846
Calm,Open,-20--10,11.0,108,-24.074074074074076,-16.455696202531648,HIGH,0.9089740749453704
Moderate,Open,-10-0,2.0,69,-26.08695652173913,-15.126050420168069,HIGH,0.9584740619743478
Moderate,Open,10-20,9.0,23,-47.82608695652174,-15.068493150684931,EXPLORATORY,2.226800142870435
Moderate,Open,-10-0,3.0,96,-22.916666666666664,-15.06849315068493,HIGH,1.1130872959989582
Calm,Open,<-20,2.0,138,-20.28985507246377,-14.893617021276597,HIGH,0.8000224453405798
Moderate,Open,-20--10,11.0,88,-22.72727272727273,-14.492753623188406,HIGH,1.3622153800265908
Calm,Open,0-10,3.0,98,-21.428571428571423,-14.189189189189186,HIGH,0.9073078230867346
Calm,Open,10-20,17.0,37,32.432432432432435,13.793103448275863,HIGH,-0.9127466090405407
Calm,Open,-20--10,5.0,117,-19.658119658119656,-13.772455089820356,HIGH,0.6278388043914529
Calm,Open,<-20,26.0,222,-16.666666666666664,-13.602941176470585,HIGH,0.6343689545945945
Moderate,Open,10-20,11.0,31,-35.483870967741936,-13.580246913580247,HIGH,1.9342836472225802
Calm,Open,0-10,15.0,142,-18.309859154929576,-13.541666666666666,HIGH,0.6761933826942254
Moderate,Open,-10-0,9.0,78,-21.794871794871796,-13.28125,HIGH,0.7487218707394871
Calm,Open,<-20,28.0,227,-15.859030837004404,-12.996389891696749,HIGH,0.5233330750770924
Moderate,Open,0-10,17.0,58,24.137931034482758,12.962962962962964,HIGH,-0.6434639930810344
Calm,Open,-10-0,17.0,205,-16.097560975609756,-12.941176470588236,HIGH,0.8827044966009758
Tough,Open,-20--10,23.0,13,61.53846153846154,12.698412698412698,WEAK,-2.4043127501
Calm,Open,10-20,23.0,61,22.950819672131146,12.612612612612613,HIGH,-0.9683145176918033
Moderate,Open,-10-0,5.0,117,-17.94871794871795,-12.574850299401197,HIGH,0.5022562967242734
Calm,Open,-20--10,6.0,107,-17.75700934579439,-12.101910828025476,HIGH,0.7034263830700933
Calm,Open,0-10,7.0,33,-30.303030303030305,-12.048192771084338,HIGH,1.2409563885969699
Calm,Open,-20--10,12.0,68,-20.588235294117645,-11.864406779661016,HIGH,0.6240837981264704
Calm,Open,-10-0,25.0,195,-14.871794871794872,-11.83673469387755,HIGH,0.7107961004373333
Calm,Open,-10-0,2.0,128,-16.40625,-11.797752808988763,HIGH,0.5358377774187499
Calm,Open,<-20,24.0,112,-16.96428571428571,-11.728395061728392,HIGH,0.7786233959348213
Calm,Open,<-20,12.0,132,-15.909090909090908,-11.538461538461538,HIGH,0.8177448634204544
Calm,Open,-10-0,29.0,133,-15.789473684210526,-11.475409836065573,HIGH,0.667458703968421
Calm,Open,20+,8.0,20,40.0,11.428571428571427,EXPLORATORY,-1.6682445914700001
Calm,Open,-10-0,21.0,100,-17.0,-11.333333333333332,HIGH,1.103567675427
Moderate,Open,-20--10,17.0,56,-21.42857142857143,-11.320754716981133,HIGH,1.1503769013732141
Calm,Open,0-10,4.0,67,-19.402985074626862,-11.111111111111109,HIGH,0.6339992431731344
Moderate,Open,<-20,7.0,86,-17.441860465116278,-11.02941176470588,HIGH,1.1171262994632558
Calm,Open,<-20,19.0,132,-15.151515151515152,-10.989010989010989,HIGH,0.8816623730743184
Moderate,Open,<-20,13.0,188,-13.829787234042554,-10.92436974789916,HIGH,0.5938471036690427
Moderate,Open,<-20,18.0,51,-21.568627450980394,-10.891089108910892,HIGH,0.7296884478417426
Moderate,Open,-20--10,3.0,88,17.045454545454543,10.869565217391301,HIGH,-0.517668144215909
Moderate,Open,10-20,13.0,33,-27.27272727272727,-10.843373493975902,HIGH,1.6252485367006062
Tough,Open,-10-0,15.0,24,33.333333333333336,10.810810810810812,EXPLORATORY,-1.2555200776718334
Calm,Open,0-10,20.0,98,-16.3265306122449,-10.81081081081081,HIGH,0.6402300895438775
Calm,Open,<-20,14.0,163,-14.110429447852763,-10.798122065727702,HIGH,0.7073370051576688
Moderate,Open,10-20,4.0,15,-46.666666666666664,-10.76923076923077,EXPLORATORY,3.4032527183239996
Calm,Open,0-10,8.0,183,-13.661202185792352,-10.72961373390558,HIGH,0.9192003437956283
Calm,Open,10-20,2.0,16,-43.75,-10.606060606060606,EXPLORATORY,2.09582903645
Calm,Open,-10-0,3.0,158,-13.924050632911392,-10.576923076923077,HIGH,0.9693884429341774
Moderate,Open,-20--10,2.0,64,-18.75,-10.526315789473683,HIGH,0.604465919075
Moderate,Open,<-20,17.0,160,-13.749999999999998,-10.476190476190474,HIGH,0.5076677695988749
Calm,Open,-20--10,18.0,56,-19.64285714285714,-10.377358490566035,HIGH,0.47525903360357147
Moderate,Open,0-10,4.0,37,-24.324324324324326,-10.344827586206897,HIGH,1.1421465183002701
Moderate,Open,10-20,8.0,28,-28.57142857142857,-10.256410256410255,EXPLORATORY,1.3770805186857142
Moderate,Open,-10-0,25.0,118,-14.406779661016946,-10.119047619047617,HIGH,0.7000165280711864
Moderate,Open,-10-0,29.0,70,-17.142857142857142,-10.0,HIGH,1.1538767122928573
Calm,Open,10-20,8.0,60,-18.333333333333332,-9.999999999999998,HIGH,1.0259781136233332
Calm,Open,0-10,10.0,101,-14.851485148514849,-9.933774834437084,HIGH,0.8010462767821781
Moderate,Open,-10-0,19.0,91,-15.384615384615385,-9.929078014184398,HIGH,0.4891970163285715
Moderate,Open,-10-0,10.0,102,-14.70588235294118,-9.86842105263158,HIGH,0.7131990859436275
Moderate,Open,20+,8.0,11,54.54545454545454,9.83606557377049,WEAK,-2.0400825514661753
Calm,Open,-10-0,10.0,124,-13.70967741935484,-9.770114942528737,HIGH,0.9286200224270967
Tough,Open,-10-0,28.0,12,-50.0,-9.67741935483871,WEAK,1.3229831243916665
Calm,Open,-20--10,19.0,96,-14.583333333333332,-9.58904109589041,HIGH,0.4129934572907292
Moderate,Open,0-10,9.0,44,20.454545454545453,9.574468085106382,HIGH,-0.5405454681609091
Calm,Open,0-10,5.0,97,-14.432989690721648,-9.523809523809522,HIGH,0.48987129695876297
Calm,Open,<-20,5.0,203,-11.822660098522169,-9.48616600790514,HIGH,0.4085015726266009
Tough,Open,-10-0,14.0,14,-42.85714285714286,-9.375,WEAK,1.0468135342755713
Moderate,Open,<-20,16.0,100,-13.999999999999998,-9.333333333333332,HIGH,0.5801547420705101
Moderate,Open,-10-0,1.0,58,-17.24137931034483,-9.259259259259261,HIGH,1.0724169599736209
Calm,Open,-10-0,11.0,157,-12.101910828025474,-9.178743961352655,HIGH,0.37586488921847133
Calm,Open,20+,10.0,16,-37.5,-9.090909090909092,EXPLORATORY,1.6268672086499998
Moderate,Open,-10-0,22.0,82,-14.634146341463417,-9.090909090909092,HIGH,-0.1899467382654875
Calm,Open,10-20,5.0,38,21.05263157894737,9.090909090909092,HIGH,-0.9027326982210527
Moderate,Open,<-20,24.0,82,-14.634146341463413,-9.09090909090909,HIGH,0.6326411280965853
Calm,Open,<-20,10.0,182,-11.538461538461537,-9.051724137931032,HIGH,0.7803626245610438
Moderate,Open,-10-0,14.0,83,-14.457831325301203,-9.022556390977442,HIGH,0.7063975353810844
Moderate,Open,20+,27.0,6,83.33333333333334,8.928571428571429,WEAK,-3.7860526012333335
Moderate,Open,20+,23.0,6,83.33333333333334,8.928571428571429,WEAK,-3.1690952198833333
Moderate,Open,0-10,28.0,62,-16.129032258064516,-8.928571428571429,HIGH,0.7869839551677417
Moderate,Open,-20--10,30.0,18,-33.33333333333333,-8.823529411764705,EXPLORATORY,1.6267896208888888
Calm,Open,20+,22.0,18,-33.33333333333333,-8.823529411764705,EXPLORATORY,2.2745926136999994
Calm,Open,<-20,7.0,109,-12.844036697247708,-8.80503144654088,HIGH,0.7754526488926606
Calm,Open,<-20,1.0,87,-13.793103448275861,-8.75912408759124,HIGH,0.7250484720632183
Calm,Open,10-20,28.0,30,-23.333333333333332,-8.75,HIGH,0.7918730811833333
Moderate,Open,-20--10,18.0,30,-23.333333333333332,-8.75,HIGH,1.0190148423784193
Moderate,Open,<-20,12.0,89,-13.483146067415733,-8.633093525179858,HIGH,0.8608800363516853
Moderate,Open,<-20,22.0,90,-13.333333333333336,-8.571428571428573,HIGH,0.1616739424429999
Tough,Open,-10-0,17.0,20,30.000000000000004,8.571428571428571,EXPLORATORY,-1.9757188248090003
Tough,Open,-10-0,25.0,9,55.55555555555556,8.474576271186441,WEAK,-1.4162378545446666
Calm,Open,<-20,15.0,271,-9.963099630996311,-8.41121495327103,HIGH,0.6329857572142067
Calm,Open,10-20,4.0,23,-26.08695652173913,-8.21917808219178,EXPLORATORY,1.7024760746739136
Calm,Open,10-20,10.0,36,-19.444444444444446,-8.139534883720932,HIGH,0.7855621994027776
Calm,Open,10-20,21.0,24,25.0,8.108108108108109,EXPLORATORY,-1.0656476409291666
Moderate,Open,10-20,27.0,24,-24.999999999999996,-8.108108108108107,EXPLORATORY,2.0138950402125
Moderate,Open,-10-0,11.0,124,-11.29032258064516,-8.045977011494251,HIGH,0.4811025116773388
Calm,Open,10-20,9.0,25,-24.0,-8.0,EXPLORATORY,0.79182745892
Moderate,Open,-20--10,20.0,75,-13.33333333333333,-7.999999999999998,HIGH,0.7722803046326506
Calm,Open,-10-0,24.0,126,-11.11111111111111,-7.954545454545455,HIGH,0.5651503962238092
Calm,Open,-10-0,26.0,202,-9.900990099009901,-7.936507936507937,HIGH,0.3112940058312871
Calm,Open,-20--10,27.0,190,-10.0,-7.916666666666666,HIGH,0.5864201400742104
Moderate,Open,<-20,20.0,165,-10.303030303030306,-7.906976744186049,HIGH,0.5199293035022139
Moderate,Open,<-20,15.0,178,-10.1123595505618,-7.894736842105265,HIGH,0.5873650514478652
Calm,Open,0-10,17.0,90,-12.22222222222222,-7.857142857142856,HIGH,0.7185339562222222
Calm,Open,10-20,13.0,52,15.384615384615385,7.8431372549019605,HIGH,-0.7398823150307692
Calm,Open,0-10,29.0,52,-15.384615384615383,-7.84313725490196,HIGH,0.869772381148077
Tough,Open,<-20,15.0,14,-35.714285714285715,-7.8125,WEAK,1.3455953639225713
Moderate,Open,-10-0,6.0,91,-12.08791208791209,-7.801418439716313,HIGH,0.252316168664835
Tough,Open,<-20,13.0,15,33.333333333333336,7.692307692307693,EXPLORATORY,-1.5821930336066667
Moderate,Open,<-20,4.0,93,11.827956989247312,7.692307692307692,HIGH,-0.40093000363935477
Calm,Open,<-20,13.0,264,-9.090909090909092,-7.643312101910829,HIGH,0.5156732485996213
Calm,Open,-10-0,4.0,108,-11.11111111111111,-7.594936708860759,HIGH,0.5691611509083333
Moderate,Open,-10-0,30.0,30,-20.0,-7.5,HIGH,0.7440492338846665
Calm,Open,<-20,25.0,257,-8.94941634241245,-7.491856677524429,HIGH,0.5280230020638133
Calm,Open,-20--10,17.0,124,10.483870967741934,7.471264367816091,HIGH,-0.45090799461774195
Moderate,Open,<-20,1.0,71,-12.676056338028166,-7.438016528925619,HIGH,0.4737596505964788
Moderate,Open,-10-0,18.0,60,-13.33333333333333,-7.272727272727271,HIGH,0.8939853391292096
Moderate,Open,<-20,14.0,89,11.235955056179778,7.194244604316548,HIGH,0.034984607392359514
Tough,Open,<-20,9.0,6,66.66666666666666,7.1428571428571415,WEAK,-3.4423808061716663
Calm,Open,10-20,15.0,49,-14.285714285714288,-7.070707070707073,HIGH,0.49677569113408165
Tough,Open,<-20,10.0,7,57.14285714285714,7.0175438596491215,WEAK,-2.486624967638857
Tough,Open,-10-0,11.0,7,-57.14285714285714,-7.0175438596491215,WEAK,2.105329045788
Calm,Open,-20--10,22.0,107,-10.2803738317757,-7.006369426751591,HIGH,0.16390285646074768
Moderate,Open,-10-0,4.0,50,-14.000000000000002,-7.000000000000001,HIGH,0.996550297662
Moderate,Open,-10-0,26.0,94,-10.638297872340427,-6.9444444444444455,HIGH,0.0856209440695744
Tough,Open,<-20,21.0,8,-50.0,-6.896551724137931,WEAK,1.0542250066
Calm,Open,20+,1.0,8,-50.0,-6.896551724137931,WEAK,2.40067208655
Calm,Open,10-20,22.0,24,-20.833333333333336,-6.756756756756758,EXPLORATORY,1.4093325840166668
Moderate,Open,<-20,6.0,99,-10.101010101010102,-6.711409395973155,HIGH,0.41272023222929294
Tough,Open,-10-0,16.0,10,40.0,6.666666666666666,WEAK,-1.6536767600200002
Calm,Open,20+,9.0,10,-40.0,-6.666666666666666,WEAK,2.0025241720599998
Calm,Open,20+,20.0,10,-40.0,-6.666666666666666,WEAK,3.2606516816599997
Moderate,Open,10-20,28.0,25,-20.0,-6.666666666666666,EXPLORATORY,0.6945529065423999
Tough,Open,-20--10,8.0,10,40.0,6.666666666666666,WEAK,-1.868656255578
Tough,Open,<-20,4.0,11,-36.36363636363636,-6.557377049180327,WEAK,0.6940400421818183
Calm,Open,-20--10,14.0,74,-10.810810810810809,-6.451612903225805,HIGH,0.5891710430135136
Moderate,Open,-20--10,1.0,43,-13.95348837209302,-6.451612903225804,HIGH,0.5209026297627907
Moderate,Open,0-10,29.0,44,-13.636363636363635,-6.382978723404255,HIGH,0.5760232559872726
Moderate,Open,<-20,26.0,156,-8.333333333333332,-6.310679611650484,HIGH,0.6416265660916668
Calm,Open,-10-0,30.0,61,-11.475409836065573,-6.306306306306307,HIGH,0.6310173488655737
Moderate,Open,<-20,10.0,109,-9.174311926605505,-6.289308176100628,HIGH,0.5581770850560549
Calm,Open,0-10,23.0,141,-8.510638297872342,-6.282722513089006,HIGH,0.3688985902666667
Moderate,Open,0-10,2.0,46,13.043478260869565,6.25,HIGH,-0.6003330208039132
Calm,Open,20+,15.0,14,-28.57142857142857,-6.25,WEAK,0.09103817671428585
Moderate,Open,-20--10,21.0,63,-11.11111111111111,-6.1946902654867255,HIGH,0.15739493126126974
Moderate,Open,10-20,23.0,31,-16.129032258064516,-6.172839506172839,HIGH,0.1408557826703226
Calm,Open,0-10,26.0,81,-9.876543209876543,-6.106870229007634,HIGH,0.06207416020765424
Calm,Open,-10-0,6.0,131,-8.396946564885493,-6.077348066298341,HIGH,0.45387544438854965
Calm,Open,<-20,17.0,231,-7.35930735930736,-6.04982206405694,HIGH,0.6182568645294373
Calm,Open,<-20,6.0,198,-7.575757575757574,-6.048387096774192,HIGH,0.34505772821565656
Moderate,Open,-20--10,26.0,84,9.523809523809526,5.9701492537313445,HIGH,-0.17500341523571428
Moderate,Open,10-20,12.0,17,-23.52941176470588,-5.970149253731343,EXPLORATORY,1.835893390017647
Calm,Open,-10-0,16.0,170,-7.6470588235294095,-5.909090909090907,HIGH,0.5332688249494119
Moderate,Open,-20--10,6.0,69,-10.144927536231885,-5.882352941176472,HIGH,0.7017419184579711
Moderate,Open,-20--10,27.0,86,-9.30232558139535,-5.882352941176471,HIGH,0.6142994576430231
Moderate,Open,10-20,22.0,18,-22.22222222222222,-5.88235294117647,EXPLORATORY,1.1065923934111113
Calm,Open,0-10,27.0,121,8.264462809917353,5.847953216374267,HIGH,-0.3750775108677686
Moderate,Open,0-10,30.0,19,-21.052631578947366,-5.797101449275361,EXPLORATORY,0.7264609627263156
Moderate,Open,10-20,26.0,19,-21.052631578947366,-5.797101449275361,EXPLORATORY,1.1227978274589474
Calm,Open,0-10,6.0,90,-8.888888888888891,-5.714285714285716,HIGH,0.4839982018966667
Moderate,Open,-10-0,28.0,108,8.333333333333332,5.696202531645569,HIGH,0.13189780599018516
Calm,Open,<-20,22.0,146,-7.534246575342466,-5.612244897959184,HIGH,0.35329633469726024
Moderate,Open,0-10,12.0,22,18.181818181818183,5.555555555555556,EXPLORATORY,-0.37851942592272747
Calm,Open,20+,11.0,22,18.181818181818183,5.555555555555556,EXPLORATORY,-0.1842707898090908
Moderate,Open,-10-0,17.0,130,-7.6923076923076925,-5.555555555555555,HIGH,0.517153133741077
Tough,Open,<-20,16.0,4,75.0,5.555555555555555,WEAK,-2.5011647394
Moderate,Open,20+,16.0,4,75.0,5.555555555555555,WEAK,-1.5457366036749998
Moderate,Open,<-20,9.0,94,-8.510638297872338,-5.5555555555555545,HIGH,0.4884035287388299
Calm,Open,-10-0,12.0,115,-7.826086956521738,-5.454545454545454,HIGH,0.3242229955930433
Moderate,Open,-20--10,4.0,61,9.836065573770489,5.405405405405404,HIGH,-0.3262287278885244
Calm,Open,-20--10,16.0,154,-7.142857142857142,-5.3921568627450975,HIGH,0.4960012321129871
Calm,Open,-10-0,27.0,284,-6.338028169014084,-5.389221556886228,HIGH,0.3883709706246479
Moderate,Open,20+,26.0,6,50.0,5.357142857142857,WEAK,-1.3671618703999997
Moderate,Open,-20--10,8.0,118,-7.627118644067796,-5.357142857142856,HIGH,0.5717649523249008
Calm,Open,0-10,25.0,100,-8.000000000000002,-5.333333333333334,HIGH,0.34730241483420005
Calm,Open,-20--10,26.0,138,-7.246376811594201,-5.319148936170212,HIGH,0.1302882156276086
Moderate,Open,-20--10,9.0,45,-11.11111111111111,-5.263157894736842,HIGH,0.8299489339720001
Calm,Open,0-10,13.0,140,-7.142857142857142,-5.263157894736842,HIGH,0.30823951450857145
Moderate,Open,0-10,15.0,64,9.375,5.263157894736842,HIGH,-0.44949524210624997
Calm,Open,<-20,4.0,122,-7.377049180327866,-5.232558139534882,HIGH,0.6884128822934426
Moderate,Open,-20--10,23.0,123,-7.317073170731706,-5.202312138728323,HIGH,-0.17139034540308926
Moderate,Open,10-20,5.0,27,-14.814814814814813,-5.194805194805194,EXPLORATORY,0.7565366294674073
Tough,Open,-20--10,14.0,8,-37.5,-5.172413793103448,WEAK,1.55947666707375
Tough,Open,<-20,17.0,8,37.5,5.172413793103448,WEAK,-2.22104372891625
Calm,Open,-20--10,30.0,47,10.638297872340427,5.154639175257732,HIGH,-0.2592181749170213
Calm,Open,-20--10,23.0,184,-6.521739130434781,-5.128205128205127,HIGH,0.3651117840885869
Moderate,Open,0-10,22.0,48,-10.416666666666666,-5.1020408163265305,HIGH,0.09482002023687497
Calm,Open,-10-0,15.0,225,-6.222222222222218,-5.090909090909087,HIGH,0.41922764076048885
Calm,Open,0-10,21.0,70,-8.571428571428575,-5.000000000000003,HIGH,0.44025979915142854
Tough,Open,<-20,25.0,10,30.0,5.0,WEAK,-0.724528757246
Tough,Open,-10-0,29.0,10,30.000000000000004,5.0,WEAK,-1.1321277352
Tough,Open,<-20,27.0,10,30.0,5.0,WEAK,-1.9399848567140001
Moderate,Open,10-20,16.0,11,-27.27272727272727,-4.918032786885245,WEAK,1.3108842425727274
Calm,Open,0-10,14.0,73,8.21917808219178,4.878048780487805,HIGH,-0.15075470723972587
Moderate,Open,0-10,14.0,34,-11.764705882352944,-4.761904761904763,HIGH,0.2804021687335293
Moderate,Open,10-20,3.0,13,-23.076923076923077,-4.761904761904762,WEAK,1.269161659892308
Moderate,Open,<-20,11.0,118,6.779661016949151,4.761904761904761,HIGH,-1.2643636548327968
Calm,Open,0-10,18.0,35,-11.428571428571427,-4.705882352941176,HIGH,0.6068755867085714
Moderate,Open,10-20,14.0,14,-21.428571428571427,-4.6875,WEAK,0.9248935354571426
Tough,Open,<-20,23.0,14,21.428571428571427,4.6875,WEAK,-0.6937883437121428
Moderate,Open,-20--10,28.0,78,7.6923076923076925,4.6875,HIGH,-0.18007398842512828
Moderate,Open,0-10,26.0,58,8.620689655172411,4.629629629629629,HIGH,0.3740708751
Tough,Open,-10-0,3.0,15,20.0,4.615384615384616,EXPLORATORY,-0.48618037919000007
Moderate,Open,0-10,8.0,81,7.4074074074074066,4.580152671755725,HIGH,-0.9264218046860239
Calm,Open,-10-0,14.0,127,-6.299212598425194,-4.519774011299433,HIGH,0.2580399128322836
Moderate,Open,<-20,25.0,172,-5.813953488372095,-4.5045045045045065,HIGH,0.4054797427738372
Tough,Open,-10-0,23.0,17,-17.64705882352941,-4.477611940298507,EXPLORATORY,0.6210251471682353
Tough,Open,-10-0,26.0,17,-17.64705882352941,-4.477611940298507,EXPLORATORY,1.120216772940588
Calm,Open,<-20,18.0,85,-7.058823529411762,-4.444444444444443,HIGH,0.7662296044294118
Calm,Open,-20--10,20.0,131,-6.106870229007633,-4.419889502762431,HIGH,0.46861327511755696
Calm,Open,<-20,20.0,226,-5.3097345132743365,-4.3478260869565215,HIGH,0.08377943507699116
Calm,Open,0-10,1.0,42,-9.523809523809524,-4.3478260869565215,HIGH,0.6469700579190478
Moderate,Open,-20--10,25.0,65,7.6923076923076925,4.3478260869565215,HIGH,0.03605548465999999
Calm,Open,10-20,19.0,19,15.789473684210526,4.3478260869565215,EXPLORATORY,-0.5634579922989474
Moderate,Open,0-10,5.0,44,9.090909090909088,4.255319148936169,HIGH,-0.4995870188922727
Calm,Open,-20--10,21.0,93,-6.451612903225806,-4.195804195804195,HIGH,0.19664284873548393
Moderate,Open,<-20,23.0,169,-5.325443786982251,-4.109589041095893,HIGH,0.40370154768082844
Calm,Open,-10-0,20.0,194,-5.1546391752577305,-4.098360655737704,HIGH,0.21305471311958765
Calm,Open,-10-0,23.0,243,-4.938271604938271,-4.09556313993174,HIGH,0.5098493048115227
Moderate,Open,-20--10,12.0,48,-8.333333333333334,-4.081632653061225,HIGH,0.73462984275625
Moderate,Open,-10-0,15.0,146,-5.47945205479452,-4.081632653061225,HIGH,0.4601793192752055
Calm,Open,20+,3.0,2,-100.0,-3.8461538461538463,WEAK,4.8055515963
Tough,Open,-10-0,22.0,2,100.0,3.8461538461538463,WEAK,-3.07304756067
Tough,Open,-20--10,12.0,3,66.66666666666666,3.773584905660377,WEAK,-2.5063145873666666
Calm,Open,20+,29.0,4,-50.0,-3.7037037037037033,WEAK,3.7053760689999997
Moderate,Open,20+,21.0,4,50.0,3.7037037037037033,WEAK,-2.0340365354000003
Tough,Open,-20--10,29.0,4,-50.0,-3.7037037037037033,WEAK,3.180735296105
Tough,Open,-20--10,4.0,4,-50.0,-3.7037037037037033,WEAK,1.47717441395
Tough,Open,0-10,25.0,4,-50.0,-3.7037037037037033,WEAK,1.916547030965
Tough,Open,0-10,23.0,4,-50.0,-3.7037037037037033,WEAK,1.6563539605900002
Calm,Open,20+,14.0,4,-50.0,-3.7037037037037033,WEAK,1.4717272435000002
Calm,Open,20+,16.0,4,50.0,3.7037037037037033,WEAK,-0.444621213
Calm,Open,20+,30.0,4,50.0,3.7037037037037033,WEAK,-1.9424904060000001
Tough,Open,-20--10,11.0,5,40.0,3.6363636363636367,WEAK,-1.0187494470792
Tough,Open,-10-0,7.0,5,40.0,3.6363636363636367,WEAK,-1.2696757890400001
Tough,Open,-20--10,17.0,5,40.0,3.6363636363636367,WEAK,-1.7298413926200003
Calm,Open,0-10,19.0,61,-6.557377049180327,-3.6036036036036037,HIGH,0.6102830725362296
Moderate,Open,10-20,25.0,34,-8.823529411764708,-3.5714285714285725,HIGH,0.281330135567647
Tough,Open,<-20,12.0,6,-33.33333333333333,-3.5714285714285707,WEAK,0.9936854126333333
Tough,Open,<-20,29.0,6,33.33333333333333,3.5714285714285707,WEAK,-2.2236509476866666
Calm,Open,20+,21.0,6,-33.33333333333333,-3.5714285714285707,WEAK,2.2999729587666664
Tough,Open,-10-0,24.0,6,33.33333333333333,3.5714285714285707,WEAK,-0.3703450869039999
Calm,Open,20+,19.0,6,33.33333333333333,3.5714285714285707,WEAK,-1.3628877286333332
Moderate,Open,20+,5.0,7,28.57142857142857,3.5087719298245608,WEAK,-0.19315194009999986
Calm,Open,<-20,21.0,150,4.666666666666669,3.5000000000000018,HIGH,0.052346901103733356
Moderate,Open,10-20,29.0,8,25.0,3.4482758620689653,WEAK,-0.6918977210750001
Calm,Open,20+,18.0,8,-25.0,-3.4482758620689653,WEAK,1.3687322368000001
Moderate,Open,<-20,2.0,95,-5.263157894736842,-3.448275862068965,HIGH,0.2496480313184211
Moderate,Open,<-20,19.0,95,5.263157894736839,3.4482758620689635,HIGH,-0.16397437476094734
Moderate,Open,<-20,29.0,96,-5.208333333333331,-3.424657534246574,HIGH,0.4441396377911458
Moderate,Open,0-10,25.0,68,5.882352941176472,3.389830508474577,HIGH,-0.09859000465147053
Tough,Open,-10-0,4.0,9,22.22222222222222,3.3898305084745766,WEAK,-0.9910133700333333
Tough,Open,<-20,3.0,9,-22.22222222222222,-3.3898305084745766,WEAK,0.7323052538166666
Tough,Open,-20--10,3.0,9,-22.22222222222222,-3.3898305084745766,WEAK,1.3279641975133332
Tough,Open,-10-0,21.0,9,22.22222222222222,3.3898305084745766,WEAK,-0.9632442296688887
Calm,Open,20+,27.0,10,-20.0,-3.333333333333333,WEAK,0.37764106642
Tough,Open,<-20,24.0,10,19.999999999999996,3.3333333333333326,WEAK,-0.3870538783799999
Moderate,Open,10-20,2.0,11,-18.181818181818183,-3.2786885245901645,WEAK,0.2348444621545455
Calm,Open,-20--10,13.0,165,-4.2424242424242395,-3.25581395348837,HIGH,0.41824161299212126
Calm,Open,10-20,1.0,12,16.666666666666664,3.2258064516129026,WEAK,-0.5187170113166666
Tough,Open,-10-0,20.0,12,16.666666666666664,3.2258064516129026,WEAK,-0.02060298534000003
Calm,Open,20+,6.0,12,-16.666666666666664,-3.2258064516129026,WEAK,0.45994544788333336
Moderate,Open,-20--10,13.0,106,-4.716981132075471,-3.205128205128205,HIGH,0.11713794838339622
Calm,Open,-20--10,10.0,106,4.716981132075471,3.205128205128205,HIGH,-0.21319969099047176
Tough,Open,-10-0,13.0,13,15.384615384615385,3.1746031746031744,WEAK,-0.7667252906300001
Calm,Open,-20--10,3.0,139,-4.316546762589926,-3.174603174603173,HIGH,0.46195443136978426
Moderate,Open,<-20,27.0,208,3.8461538461538463,3.10077519379845,HIGH,-0.025812309484759613
Moderate,Open,10-20,17.0,15,13.333333333333336,3.0769230769230775,EXPLORATORY,-1.03977168076
Tough,Open,<-20,28.0,15,-13.333333333333334,-3.076923076923077,EXPLORATORY,1.2706183889500666
Tough,Open,<-20,22.0,16,-12.5,-3.0303030303030303,EXPLORATORY,0.28394363630874997
Calm,Open,20+,17.0,16,-12.5,-3.0303030303030303,EXPLORATORY,0.14731522240000006
Tough,Open,<-20,8.0,16,12.5,3.0303030303030303,EXPLORATORY,-0.963128124349375
Calm,Open,-10-0,1.0,82,-4.878048780487804,-3.03030303030303,HIGH,0.4419727707256097
Moderate,Open,0-10,16.0,49,6.122448979591832,3.030303030303028,HIGH,0.21767117476326533
Moderate,Open,0-10,23.0,50,6.0,3.0,HIGH,-0.5572396197439999
Calm,Open,-20--10,8.0,150,-3.9999999999999982,-2.9999999999999987,HIGH,0.4376196710659997
Calm,Open,<-20,8.0,320,-3.437499999999999,-2.9729729729729724,HIGH,0.44285796665625005
Tough,Open,-10-0,12.0,18,-11.11111111111111,-2.941176470588235,EXPLORATORY,0.5160847932888889
Calm,Open,0-10,12.0,52,-5.769230769230768,-2.9411764705882346,HIGH,0.42717232533269206
Moderate,Open,-20--10,16.0,87,-4.597701149425287,-2.9197080291970803,HIGH,0.13225687199684488
Moderate,Open,-20--10,29.0,55,5.454545454545457,2.8571428571428585,HIGH,0.3404636151523637
Calm,Open,10-20,29.0,20,-9.999999999999998,-2.8571428571428563,EXPLORATORY,0.3240300596099999
Calm,Open,-20--10,15.0,161,-3.72670807453416,-2.843601895734596,HIGH,0.05633726920714287
Calm,Open,20+,13.0,22,-9.090909090909092,-2.777777777777778,EXPLORATORY,0.2974278647272728
Moderate,Open,-10-0,7.0,59,-5.0847457627118615,-2.7522935779816495,HIGH,0.16779274441033898
Calm,Open,-10-0,28.0,173,-3.4682080924855474,-2.6905829596412545,HIGH,0.19782202822023115
Moderate,Open,-20--10,15.0,138,3.6231884057971038,2.659574468085108,HIGH,0.20139710499797106
Calm,Open,<-20,30.0,65,-4.615384615384616,-2.608695652173913,HIGH,-0.11174384533076921
Calm,Open,<-20,23.0,301,-2.9900332225913653,-2.564102564102567,HIGH,0.17114680089568116
Moderate,Open,0-10,1.0,29,-6.896551724137931,-2.531645569620253,EXPLORATORY,0.5387289479279311
Moderate,Open,10-20,15.0,29,6.896551724137931,2.531645569620253,EXPLORATORY,-0.2518258391786208
Moderate,Open,0-10,18.0,31,-6.451612903225809,-2.4691358024691366,HIGH,0.3041732282863319
Moderate,Open,-10-0,12.0,76,3.9473684210526354,2.380952380952383,HIGH,-0.06380053094078944
Moderate,Open,0-10,19.0,36,5.555555555555553,2.325581395348836,HIGH,0.2912261503305556
Calm,Open,0-10,16.0,123,-3.252032520325204,-2.3121387283237,HIGH,0.374278015382927
Calm,Open,<-20,3.0,210,-2.8571428571428554,-2.307692307692306,HIGH,0.4903214083676191
Moderate,Open,-10-0,23.0,126,-3.1746031746031744,-2.2727272727272725,HIGH,0.4003319783377778
Moderate,Open,0-10,3.0,39,-5.128205128205127,-2.2471910112359543,HIGH,0.3088847348128204
Calm,Open,10-20,14.0,40,5.000000000000002,2.2222222222222228,HIGH,-0.008751465287499927
Calm,Open,10-20,20.0,42,4.761904761904762,2.1739130434782608,HIGH,-0.4274254841952382
Moderate,Open,0-10,13.0,88,-3.4090909090909087,-2.1739130434782603,HIGH,0.17664774292272722
Moderate,Open,0-10,27.0,88,-3.4090909090909087,-2.1739130434782603,HIGH,0.5992735318235228
Moderate,Open,0-10,21.0,44,-4.545454545454544,-2.1276595744680846,HIGH,0.2551257626204544
Moderate,Open,<-20,28.0,140,-2.857142857142858,-2.1052631578947376,HIGH,0.4326243820675713
Moderate,Open,0-10,20.0,45,-4.4444444444444455,-2.105263157894737,HIGH,0.31994451837567783
Calm,Open,-10-0,18.0,94,-3.191489361702132,-2.083333333333336,HIGH,0.5864646275585108
Moderate,Open,-20--10,22.0,47,-4.255319148936168,-2.0618556701030917,HIGH,0.9064613927421277
Moderate,Open,-10-0,16.0,103,2.9126213592232997,1.9607843137254894,HIGH,-0.8729957437747573
Moderate,Open,20+,20.0,2,50.0,1.9230769230769231,WEAK,-1.5604694697000001
Moderate,Open,20+,14.0,2,-50.0,-1.9230769230769231,WEAK,1.6419604000999999
Tough,Open,-20--10,18.0,3,33.33333333333333,1.8867924528301885,WEAK,-1.48800696267
Tough,Open,-10-0,9.0,3,-33.33333333333333,-1.8867924528301885,WEAK,2.34724391357
Moderate,Open,20+,6.0,3,33.33333333333333,1.8867924528301885,WEAK,0.2591392357
Moderate,Open,20+,30.0,3,33.33333333333333,1.8867924528301885,WEAK,-1.2063816083333332
Moderate,Open,20+,3.0,3,33.33333333333333,1.8867924528301885,WEAK,-1.664709302933333
Moderate,Open,20+,24.0,3,-33.33333333333333,-1.8867924528301885,WEAK,1.1405340216333333
Moderate,Open,-20--10,14.0,58,-3.448275862068967,-1.851851851851853,HIGH,0.2041521801137931
Tough,Open,<-20,19.0,4,-25.0,-1.8518518518518516,WEAK,1.2761973881925
Moderate,Open,20+,25.0,4,-25.0,-1.8518518518518516,WEAK,0.5548811629749999
Tough,Open,-10-0,18.0,4,25.0,1.8518518518518516,WEAK,-0.8408557135599999
Moderate,Open,20+,22.0,4,-25.0,-1.8518518518518516,WEAK,0.881485408875
Tough,Open,-20--10,9.0,4,-25.0,-1.8518518518518516,WEAK,1.5135978821925
Tough,Open,-20--10,30.0,4,25.0,1.8518518518518516,WEAK,-1.37854061323
Tough,Open,-20--10,5.0,4,-25.0,-1.8518518518518516,WEAK,0.6185037390775001
Tough,Open,-20--10,21.0,4,25.0,1.8518518518518516,WEAK,-0.16930562115000003
Tough,Open,<-20,30.0,4,25.0,1.8518518518518516,WEAK,-0.9959109910399999
Calm,Open,-10-0,5.0,169,2.366863905325442,1.826484018264839,HIGH,0.19960106225680468
Tough,Open,<-20,14.0,5,-20.0,-1.8181818181818183,WEAK,1.7111390541320002
Moderate,Open,10-20,18.0,5,20.0,1.8181818181818183,WEAK,-0.21498523916
Tough,Open,<-20,2.0,5,20.0,1.8181818181818183,WEAK,-0.17173405238
Tough,Open,-10-0,1.0,5,-20.0,-1.8181818181818183,WEAK,0.19924105882000004
Calm,Open,0-10,2.0,60,-3.3333333333333326,-1.8181818181818177,HIGH,-0.0707726117533334
Moderate,Open,0-10,11.0,61,-3.278688524590165,-1.8018018018018025,HIGH,-0.06669178512540981
Tough,Open,-10-0,2.0,6,16.666666666666664,1.7857142857142854,WEAK,-0.5472028610233334
Tough,Open,-20--10,13.0,6,16.666666666666664,1.7857142857142854,WEAK,0.1196746474433333
Calm,Open,-20--10,29.0,118,-2.5423728813559308,-1.7857142857142845,HIGH,0.28760268993050847
Moderate,Open,-10-0,24.0,63,-3.1746031746031744,-1.7699115044247786,HIGH,-0.22949652524126996
Moderate,Open,20+,28.0,7,14.285714285714285,1.7543859649122804,WEAK,0.40126894213142844
Moderate,Open,10-20,19.0,7,-14.285714285714285,-1.7543859649122804,WEAK,0.2354158252857142
Moderate,Open,20+,17.0,7,14.285714285714285,1.7543859649122804,WEAK,-0.038544242614285795
Calm,Open,<-20,11.0,239,2.092050209205021,1.7301038062283736,HIGH,0.052327582514686194
Tough,Open,<-20,6.0,8,-12.5,-1.7241379310344827,WEAK,0.36584258150875004
Tough,Open,-20--10,26.0,8,-12.5,-1.7241379310344827,WEAK,-0.057255287862500004
Tough,Open,<-20,11.0,9,-11.11111111111111,-1.6949152542372883,WEAK,0.39715387084
Tough,Open,-20--10,27.0,9,11.11111111111111,1.6949152542372883,WEAK,0.3373571340266667
Moderate,Open,20+,15.0,9,11.11111111111111,1.6949152542372883,WEAK,-0.958291028977778
Tough,Open,<-20,5.0,10,-10.000000000000004,-1.6666666666666672,WEAK,0.056126475993000156
Moderate,Open,20+,11.0,10,10.0,1.6666666666666665,WEAK,-0.5600755669199999
Tough,Open,<-20,20.0,10,10.0,1.6666666666666665,WEAK,-0.607245124114
Calm,Open,0-10,22.0,71,-2.8169014084507005,-1.652892561983469,HIGH,0.14327892554647884
Tough,Open,-10-0,5.0,11,9.090909090909092,1.6393442622950822,WEAK,-0.18540683507090908
Tough,Open,-10-0,6.0,11,9.090909090909088,1.6393442622950816,WEAK,-0.045154591768181825
Moderate,Open,10-20,6.0,13,-7.6923076923076925,-1.5873015873015872,WEAK,0.14419349409230764
Tough,Open,<-20,26.0,13,-7.6923076923076925,-1.5873015873015872,WEAK,0.879863954053846
Tough,Open,-10-0,10.0,14,7.142857142857145,1.5625000000000004,WEAK,-0.27813008152628566
Calm,Open,10-20,30.0,14,-7.142857142857142,-1.5625,WEAK,0.8192439078214283
Moderate,Open,<-20,3.0,146,-2.054794520547945,-1.530612244897959,HIGH,0.2760702139636985
Calm,Open,<-20,9.0,148,-2.027027027027026,-1.5151515151515142,HIGH,0.01621169888378381
Moderate,Open,10-20,24.0,18,-5.555555555555558,-1.4705882352941184,EXPLORATORY,0.49550750327222204
Moderate,Open,-10-0,8.0,159,1.8867924528301883,1.435406698564593,HIGH,0.0667046327005054
Calm,Open,<-20,27.0,303,-1.650165016501648,-1.416430594900848,HIGH,0.13144596576006595
Calm,Open,0-10,30.0,23,-4.347826086956524,-1.3698630136986307,EXPLORATORY,0.41294713369565234
Calm,Open,10-20,24.0,24,4.166666666666669,1.3513513513513522,EXPLORATORY,-0.5238393593249999
Calm,Open,10-20,16.0,24,-4.1666666666666625,-1.35135135135135,EXPLORATORY,0.3954599327249999
Moderate,Open,10-20,20.0,26,3.8461538461538494,1.3157894736842117,EXPLORATORY,0.6260897665247425
Moderate,Open,0-10,24.0,27,3.7037037037037033,1.2987012987012985,EXPLORATORY,0.20056639779629626
Moderate,Open,<-20,8.0,195,-1.5384615384615385,-1.2244897959183674,HIGH,0.20427130667858712
Moderate,Open,-10-0,20.0,122,-1.6393442622950782,-1.162790697674416,HIGH,0.5113899526923582
Calm,Open,10-20,26.0,37,-2.7027027027027026,-1.1494252873563218,HIGH,-0.1435499830297298
Calm,Open,-10-0,13.0,219,-1.36986301369863,-1.1152416356877322,HIGH,0.1845578307456621
Calm,Open,10-20,25.0,41,2.439024390243902,1.0989010989010988,HIGH,-0.1855210741473172
Calm,Open,10-20,3.0,43,-2.3255813953488387,-1.0752688172043017,HIGH,0.3453050040162791
Calm,Open,10-20,27.0,47,-2.1276595744680855,-1.0309278350515465,HIGH,-0.06561279142127664
Moderate,Open,<-20,30.0,48,2.0833333333333313,1.020408163265305,HIGH,0.10186075682916655
Calm,Open,0-10,24.0,49,2.040816326530612,1.01010101010101,HIGH,-0.2303735921
Moderate,Open,0-10,6.0,49,2.040816326530609,1.0101010101010086,HIGH,0.14273079387959176
Calm,Open,0-10,9.0,57,1.7543859649122806,0.9345794392523363,HIGH,-0.14528708818596495
Calm,Open,-20--10,25.0,170,1.1764705882352955,0.9090909090909102,HIGH,0.1189363696338824
Moderate,Open,0-10,10.0,60,-1.6666666666666663,-0.9090909090909088,HIGH,0.1607821875648333
Calm,Open,-10-0,9.0,77,-1.2987012987012991,-0.7874015748031499,HIGH,0.015046035809090828
Moderate,Open,<-20,21.0,85,-1.1764705882352955,-0.7407407407407416,HIGH,0.3421024510567058
Calm,Open,-20--10,9.0,97,-1.0309278350515454,-0.6802721088435367,HIGH,-0.17973478255876296
Calm,Open,-20--10,2.0,100,1.0000000000000009,0.6666666666666672,HIGH,-0.012379137107000067
Calm,Open,-10-0,7.0,108,0.9259259259259273,0.6329113924050642,HIGH,-0.8659562477055553
Calm,Open,0-10,28.0,117,-0.8547008547008544,-0.5988023952095807,HIGH,0.22221259467948717
Moderate,Open,<-20,5.0,129,0.7751937984496138,0.5586592178770959,HIGH,-0.10588408579178292
Calm,Open,<-20,29.0,141,0.7092198581560294,0.5235602094240844,HIGH,0.06925264448085101
Calm,Open,-10-0,19.0,148,0.6756756756756743,0.5050505050505041,HIGH,-0.2370011397977702
Moderate,Open,-10-0,13.0,150,-0.6666666666666654,-0.49999999999999906,HIGH,-0.011524774766533312
Calm,Open,-20--10,28.0,161,-0.6211180124223586,-0.4739336492890983,HIGH,-0.040820461216770264
Moderate,Open,-10-0,27.0,165,-0.6060606060606044,-0.4651162790697662,HIGH,0.26008588766787877
Calm,Open,-10-0,8.0,228,0.43859649122806876,0.35971223021582616,HIGH,0.14920329344078945
Moderate,Open,10-20,7.0,5,0.0,0.0,WEAK,0.41418064772000013
Moderate,Open,10-20,1.0,4,0.0,0.0,WEAK,1.1263007225675001
Moderate,Open,10-20,21.0,13,0.0,0.0,WEAK,0.5108327877292308
Calm,Open,-20--10,1.0,96,0.0,0.0,HIGH,-0.24363500564791665
Calm,Open,-20--10,7.0,78,0.0,0.0,HIGH,0.1837865043833333
Moderate,Open,-20--10,7.0,45,0.0,0.0,HIGH,0.07366694379688891
Moderate,Open,-10-0,21.0,70,0.0,0.0,HIGH,0.39599275187999994
Calm,Open,-20--10,24.0,81,0.0,0.0,HIGH,-0.2262620833555556
Moderate,Open,-20--10,10.0,71,0.0,0.0,HIGH,-0.0962311316991549
Tough,Open,-10-0,19.0,10,0.0,0.0,WEAK,0.2802001731039999
Tough,Open,-10-0,8.0,7,0.0,0.0,WEAK,0.8691441076485715
Calm,Open,20+,28.0,12,0.0,0.0,WEAK,-1.1143808460333333
Calm,Open,0-10,11.0,140,0.0,0.0,HIGH,0.11663462619707146
Calm,Open,20+,2.0,8,0.0,0.0,WEAK,-0.37382297977500006
Calm,Open,20+,5.0,8,0.0,0.0,WEAK,2.3278555055
Calm,Open,20+,12.0,2,0.0,0.0,WEAK,-0.85282396
Calm,Open,10-20,18.0,16,0.0,0.0,EXPLORATORY,-0.51860088046875
Moderate,Open,20+,10.0,7,0.0,0.0,WEAK,0.5024463434285712
Moderate,Open,20+,13.0,12,0.0,0.0,WEAK,-0.6199857158916666
Moderate,Open,20+,9.0,2,0.0,0.0,WEAK,-0.59229457465
Moderate,Open,20+,4.0,3,0.0,0.0,WEAK,-0.24261346086666666
Calm,Open,20+,4.0,10,0.0,0.0,WEAK,0.83079124502
Moderate,Open,10-20,30.0,5,0.0,0.0,WEAK,0.60294707364
Calm,Open,20+,23.0,12,0.0,0.0,WEAK,0.5893302223666667
Calm,Open,20+,26.0,14,0.0,0.0,WEAK,0.3322460407142857
Calm,Open,20+,25.0,10,0.0,0.0,WEAK,-0.09446984566800001
Tough,Open,<-20,1.0,4,0.0,0.0,WEAK,-0.916526639525
Tough,Open,-20--10,6.0,4,0.0,0.0,WEAK,0.2158152779175
Calm,Open,10-20,12.0,22,0.0,0.0,EXPLORATORY,-1.1877585882318185
Calm,Open,10-20,7.0,17,0.0,0.0,EXPLORATORY,-0.5405493250411765
Tough,Open,-20--10,10.0,3,0.0,0.0,WEAK,-0.1359498461
Tough,Open,-20--10,28.0,6,0.0,0.0,WEAK,-0.38849840952816667
Tough,Open,-10-0,27.0,16,0.0,0.0,EXPLORATORY,-0.5303690532087499
Tough,Open,-20--10,15.0,4,0.0,0.0,WEAK,-1.0269411539525002
Tough,Open,-20--10,2.0,3,0.0,0.0,WEAK,0.3271191861566667
Calm,Open,<-20,16.0,198,0.0,0.0,HIGH,0.01986649549646464
Calm,Open,-20--10,4.0,103,0.0,0.0,HIGH,0.20196009656504846
Tough,Open,-20--10,25.0,12,0.0,0.0,WEAK,-0.08408502822083334
Tough,Open,-20--10,20.0,4,0.0,0.0,WEAK,-0.570453505425
Tough,Open,-20--10,7.0,2,0.0,0.0,WEAK,1.413620681695
Tough,Open,-20--10,22.0,2,0.0,0.0,WEAK,0.9601310217
Tough,Open,-20--10,16.0,4,0.0,0.0,WEAK,0.39376179310750004
Tough,Open,-20--10,24.0,4,0.0,0.0,WEAK,1.5858319163499996
Tough,Open,-20--10,19.0,4,0.0,0.0,WEAK,1.6227955998349999
Tough,Open,0-10,15.0,2,0.0,0.0,WEAK,0.1702327264
Tough,Open,0-10,2.0,2,0.0,0.0,WEAK,-0.8065113817
Tough,Open,0-10,3.0,2,0.0,0.0,WEAK,-0.92056454662
Tough,Open,0-10,1.0,2,0.0,0.0,WEAK,0.7246251463
