condition,round_type,moonwest,horoscope,n,edge,roi,conf,mean_error
Moderate,Open,Waning Crescent,TAURUS,151,-33.11258278145696,-24.87562189054727,HIGH,1.6051220150492715
Moderate,Positioning,Waning Crescent,SCORPIO,117,-35.04273504273504,-24.550898203592812,HIGH,1.633973090296752
Calm,Survival,Waning Crescent,GEMINI,242,-29.338842975206614,-24.315068493150687,HIGH,1.301810378363967
Moderate,Open,Waning Crescent,GEMINI,213,-29.577464788732392,-23.954372623574145,HIGH,1.5080887107081689
Moderate,Open,Waning Crescent,LEO,196,-29.591836734693878,-23.577235772357724,HIGH,1.2717466738317154
Moderate,Open,New Moon,GEMINI,45,-48.888888888888886,-23.157894736842103,HIGH,2.1044208632855557
Moderate,Open,Waning Crescent,CANCER,240,-27.916666666666668,-23.10344827586207,HIGH,1.189939408911875
Calm,Survival,Waning Gibbous,TAURUS,133,-31.57894736842105,-22.950819672131146,HIGH,1.3113559065684213
Moderate,Closing,Waning Crescent,CAPRICORN,103,33.98058252427184,22.87581699346405,HIGH,-1.2061723103491264
Moderate,Open,New Moon,AQUARIUS,29,-62.06896551724138,-22.78481012658228,EXPLORATORY,2.7938171644313794
Moderate,Open,Waning Crescent,SAGITTARIUS,177,-28.8135593220339,-22.46696035242291,HIGH,1.449910456601582
Calm,Open,Last Quarter,ARIES,90,-34.44444444444444,-22.142857142857142,HIGH,1.632181351675
Calm,Survival,Waning Crescent,LEO,226,-26.991150442477874,-22.101449275362317,HIGH,1.545174988681717
Moderate,Positioning,Waning Crescent,CAPRICORN,93,-33.33333333333333,-21.678321678321673,HIGH,1.6703934953451616
Calm,Survival,Waning Crescent,PISCES,231,-25.541125541125542,-20.99644128113879,HIGH,1.1355140471822511
Moderate,Open,Waning Crescent,LIBRA,90,-32.22222222222222,-20.714285714285715,HIGH,1.4641327576398064
Moderate,Positioning,Waning Crescent,LEO,130,-28.46153846153846,-20.555555555555554,HIGH,1.6942608602586473
Moderate,Closing,Waning Gibbous,AQUARIUS,87,-32.183908045977006,-20.43795620437956,HIGH,1.2890611949433333
Calm,Positioning,Last Quarter,PISCES,43,-44.18604651162791,-20.43010752688172,HIGH,2.288928128951163
Calm,Open,Waning Crescent,TAURUS,235,-24.680851063829788,-20.350877192982455,HIGH,1.4332404205722555
Moderate,Positioning,Waning Crescent,AQUARIUS,73,-34.24657534246575,-20.32520325203252,HIGH,1.588663599791918
Calm,Open,Waning Crescent,PISCES,350,-23.142857142857146,-20.250000000000004,HIGH,1.0383067607888572
Moderate,Open,New Moon,LEO,49,-40.816326530612244,-20.202020202020204,HIGH,1.6680453251212248
Calm,Survival,Last Quarter,PISCES,54,38.888888888888886,20.192307692307693,HIGH,-1.5146513388759255
Moderate,Positioning,Waxing Crescent,LEO,100,30.0,20.0,HIGH,-0.7822877258209999
Moderate,Closing,Waning Gibbous,SAGITTARIUS,105,-29.523809523809526,-20.0,HIGH,1.4583202845309526
Calm,Survival,Waning Crescent,ARIES,176,-25.568181818181817,-19.91150442477876,HIGH,1.626170536152216
Moderate,Positioning,Waning Crescent,TAURUS,86,-31.3953488372093,-19.852941176470587,HIGH,1.7451401781013955
Tough,Closing,Waning Crescent,LEO,41,-43.90243902439025,-19.78021978021978,HIGH,1.7431155118995365
Moderate,Open,First Quarter,ARIES,62,-35.483870967741936,-19.642857142857146,HIGH,1.8046436710864515
Moderate,Open,Waning Crescent,CAPRICORN,185,-24.864864864864867,-19.574468085106385,HIGH,0.9575811443965947
Moderate,Survival,Waxing Crescent,TAURUS,156,-25.64102564102564,-19.41747572815534,HIGH,1.2110605109798076
Moderate,Closing,Waning Crescent,GEMINI,113,27.43362831858407,19.01840490797546,HIGH,-1.0314721817669026
Moderate,Positioning,Full Moon,CANCER,29,51.724137931034484,18.9873417721519,EXPLORATORY,-2.070804238637931
Moderate,Closing,Waxing Gibbous,AQUARIUS,73,31.506849315068493,18.69918699186992,HIGH,-1.0196364130035616
Moderate,Positioning,Full Moon,GEMINI,25,56.00000000000001,18.666666666666668,EXPLORATORY,-2.357219576676
Moderate,Survival,New Moon,SCORPIO,47,38.297872340425535,18.556701030927837,HIGH,-1.8574191601893617
Tough,Closing,Waning Crescent,SAGITTARIUS,31,-48.387096774193544,-18.518518518518515,HIGH,2.4139784311145807
Calm,Survival,Waning Crescent,LIBRA,80,-30.000000000000004,-18.461538461538463,HIGH,1.573725746425
Moderate,Positioning,Waning Crescent,CANCER,124,-25.806451612903224,-18.39080459770115,HIGH,1.523026043891129
Moderate,Positioning,Waning Crescent,LIBRA,48,-37.5,-18.36734693877551,HIGH,1.6117875077529706
Calm,Open,Last Quarter,CAPRICORN,70,-31.428571428571427,-18.333333333333332,HIGH,1.8130062378037142
Tough,Closing,Waning Crescent,PISCES,33,-45.45454545454546,-18.072289156626507,HIGH,1.9725928268015154
Tough,Closing,Waning Crescent,CAPRICORN,34,-44.11764705882353,-17.857142857142858,HIGH,1.7584587061402939
Calm,Open,Waning Crescent,GEMINI,430,-19.76744186046512,-17.708333333333336,HIGH,1.0670418972627442
Tough,Survival,Waning Crescent,LEO,18,-66.66666666666666,-17.64705882352941,EXPLORATORY,1.9641672967911115
Moderate,Positioning,Waxing Crescent,SCORPIO,128,24.21875,17.415730337078653,HIGH,-0.9034884325426562
Moderate,Open,Waning Crescent,PISCES,235,-20.851063829787233,-17.19298245614035,HIGH,0.9028434586970212
Calm,Open,Full Moon,SCORPIO,108,-25.0,-17.088607594936708,HIGH,1.1220056281212039
Moderate,Open,New Moon,SCORPIO,39,-38.46153846153847,-16.853932584269668,HIGH,1.4883811679810257
Moderate,Positioning,Waning Crescent,SAGITTARIUS,88,-26.136363636363637,-16.666666666666664,HIGH,1.2584772805811364
Calm,Open,Waning Crescent,CAPRICORN,319,-19.122257053291538,-16.53116531165312,HIGH,0.9197846329569592
Calm,Open,Waning Crescent,ARIES,345,-18.84057971014493,-16.455696202531648,HIGH,1.1323098963535942
Tough,Closing,Waning Gibbous,SCORPIO,12,-83.33333333333334,-16.129032258064516,WEAK,2.749231955513333
Moderate,Open,First Quarter,CANCER,74,-27.027027027027028,-16.129032258064516,HIGH,0.8211461994459459
Moderate,Survival,Last Quarter,VIRGO,44,34.09090909090909,15.95744680851064,HIGH,-1.2980561543122227
Tough,Survival,Waning Gibbous,SAGITTARIUS,44,34.090909090909086,15.957446808510637,HIGH,-1.8891418890092047
Moderate,Open,Waning Crescent,ARIES,164,-20.73170731707317,-15.887850467289718,HIGH,0.9365383073515243
Moderate,Open,Waning Crescent,SCORPIO,215,-19.534883720930228,-15.849056603773581,HIGH,1.052605000288279
Moderate,Open,Waning Crescent,VIRGO,178,-20.224719101123593,-15.789473684210524,HIGH,1.174638738321735
Calm,Closing,Waxing Crescent,LEO,230,19.130434782608692,15.71428571428571,HIGH,-0.6764936254351741
Calm,Closing,First Quarter,VIRGO,84,-25.0,-15.671641791044777,HIGH,0.9374543407464286
Moderate,Survival,Waning Crescent,PISCES,301,-18.272425249169437,-15.669515669515672,HIGH,0.7898053753255813
Calm,Open,Waning Crescent,CANCER,374,-17.379679144385026,-15.330188679245282,HIGH,0.8340723535720053
Calm,Open,Waning Crescent,LEO,357,-17.366946778711483,-15.233415233415233,HIGH,1.0940810275167563
Tough,Closing,Waning Gibbous,PISCES,16,-62.5,-15.151515151515152,EXPLORATORY,1.9436666438932502
Tough,Closing,Waning Gibbous,CANCER,16,-62.5,-15.151515151515152,EXPLORATORY,2.32478060421475
Moderate,Survival,Waxing Crescent,VIRGO,135,-20.740740740740744,-15.135135135135137,HIGH,1.2079039723488143
Moderate,Closing,Waning Gibbous,GEMINI,155,-20.0,-15.121951219512194,HIGH,1.055841410731355
Tough,Survival,Waning Gibbous,CANCER,56,28.57142857142857,15.094339622641508,HIGH,-1.3666532037889643
Calm,Open,First Quarter,LIBRA,63,26.984126984126984,15.044247787610619,HIGH,-0.6404752448444445
Calm,Survival,Waxing Gibbous,CANCER,258,-17.829457364341085,-14.935064935064934,HIGH,0.8287019242604651
Calm,Survival,Waning Gibbous,GEMINI,192,-18.750000000000004,-14.876033057851243,HIGH,0.6710062347609376
Moderate,Survival,Waxing Crescent,GEMINI,206,-18.446601941747574,-14.84375,HIGH,1.052641465508835
Calm,Open,Waning Crescent,LIBRA,133,-20.30075187969925,-14.754098360655739,HIGH,0.7958626336195489
Moderate,Survival,Waxing Crescent,AQUARIUS,120,-20.833333333333336,-14.70588235294118,HIGH,1.0101704387327501
Moderate,Positioning,Waning Gibbous,AQUARIUS,73,24.65753424657534,14.634146341463413,HIGH,-0.9220915108720548
Tough,Survival,Waning Gibbous,CAPRICORN,46,30.434782608695656,14.583333333333336,HIGH,-1.123737540144348
Calm,Positioning,Last Quarter,SCORPIO,53,-28.30188679245283,-14.563106796116505,HIGH,1.3287006852326415
Moderate,Closing,Waning Crescent,ARIES,88,22.727272727272727,14.492753623188404,HIGH,-0.6870523927131819
Tough,Open,Waxing Gibbous,AQUARIUS,26,42.30769230769231,14.473684210526315,EXPLORATORY,-1.1703753838796154
Moderate,Positioning,Full Moon,SAGITTARIUS,26,42.30769230769231,14.473684210526315,EXPLORATORY,-2.2890824165499994
Calm,Survival,Waning Gibbous,PISCES,161,-18.633540372670808,-14.218009478672986,HIGH,0.600286158689441
Moderate,Positioning,Waning Crescent,PISCES,112,-20.535714285714285,-14.19753086419753,HIGH,0.8647541687571427
Tough,Positioning,Waning Crescent,SCORPIO,56,26.785714285714278,14.150943396226412,HIGH,-1.041741290416107
Moderate,Closing,Waning Gibbous,SCORPIO,156,-18.589743589743588,-14.07766990291262,HIGH,0.44458385662256406
Calm,Positioning,Waning Crescent,CAPRICORN,185,-17.83783783783784,-14.042553191489363,HIGH,0.9663121660804324
Calm,Closing,Waxing Crescent,CANCER,285,16.49122807017544,14.029850746268657,HIGH,-0.817200800351579
Calm,Survival,Waning Gibbous,CANCER,165,-18.181818181818183,-13.953488372093025,HIGH,0.81183482152
Calm,Open,Waning Gibbous,TAURUS,144,-18.75,-13.917525773195877,HIGH,0.7432370932836112
Moderate,Positioning,Last Quarter,LEO,22,45.454545454545446,13.888888888888888,EXPLORATORY,-3.700736531227273
Moderate,Closing,Last Quarter,CAPRICORN,51,27.450980392156865,13.861386138613863,HIGH,-0.9435983702796079
Moderate,Survival,Last Quarter,ARIES,51,27.45098039215686,13.861386138613861,HIGH,-0.7356791208517647
Tough,Survival,Waxing Crescent,PISCES,15,-60.0,-13.846153846153847,EXPLORATORY,2.134022687397333
Calm,Survival,Waning Gibbous,SCORPIO,196,-17.346938775510203,-13.821138211382113,HIGH,0.8537440472948469
Calm,Open,Last Quarter,SAGITTARIUS,81,-22.22222222222222,-13.740458015267176,HIGH,1.3630696138679015
Moderate,Closing,Full Moon,CANCER,23,43.47826086956522,13.698630136986301,EXPLORATORY,-1.917592387434782
Tough,Survival,Waning Gibbous,SCORPIO,45,28.888888888888886,13.684210526315788,HIGH,-1.2436326660161776
Moderate,Positioning,First Quarter,CAPRICORN,16,56.25,13.636363636363637,EXPLORATORY,-2.0658468004499997
Moderate,Survival,New Moon,CAPRICORN,31,35.483870967741936,13.580246913580247,HIGH,-1.003852595332258
Calm,Positioning,Waxing Crescent,AQUARIUS,171,17.543859649122805,13.57466063348416,HIGH,-0.5733469071923978
Calm,Positioning,Waning Gibbous,LIBRA,69,-23.188405797101446,-13.445378151260503,HIGH,1.1096545359550725
Moderate,Positioning,Waxing Gibbous,GEMINI,136,-18.38235294117647,-13.440860215053764,HIGH,0.5339120521011765
Moderate,Survival,Waning Gibbous,GEMINI,181,17.12707182320442,13.41991341991342,HIGH,-0.30861190302215474
Calm,Survival,Waxing Gibbous,PISCES,271,-15.867158671586717,-13.39563862928349,HIGH,0.5800321585158671
Calm,Open,Waning Crescent,SCORPIO,423,-14.893617021276595,-13.31923890063425,HIGH,0.8997754042885578
Moderate,Closing,Last Quarter,GEMINI,48,27.083333333333332,13.265306122448978,HIGH,-0.7240005114870832
Moderate,Open,First Quarter,SCORPIO,86,-20.930232558139537,-13.23529411764706,HIGH,1.1453198336704649
Moderate,Closing,Waning Crescent,PISCES,109,19.26605504587156,13.20754716981132,HIGH,-0.7317887316954131
Moderate,Survival,New Moon,ARIES,41,29.268292682926827,13.186813186813186,HIGH,-0.9168417330570732
Calm,Closing,New Moon,AQUARIUS,26,38.46153846153847,13.157894736842108,EXPLORATORY,-0.9430563949653847
Moderate,Open,Full Moon,VIRGO,72,22.22222222222222,13.114754098360654,HIGH,-0.8333245086421305
Calm,Closing,Waning Crescent,GEMINI,164,-17.073170731707318,-13.08411214953271,HIGH,0.7899889815480489
Calm,Survival,First Quarter,TAURUS,80,-21.249999999999996,-13.076923076923075,HIGH,1.2008105855975
Moderate,Survival,Waxing Crescent,PISCES,158,-17.08860759493671,-12.980769230769232,HIGH,0.8483157074962026
Moderate,Open,Full Moon,AQUARIUS,58,24.137931034482758,12.962962962962964,HIGH,-0.8391721662543102
Calm,Survival,Waning Crescent,CAPRICORN,182,-16.483516483516485,-12.931034482758621,HIGH,0.5533069228757143
Moderate,Survival,Last Quarter,CAPRICORN,43,27.906976744186053,12.903225806451616,HIGH,-0.9341314092572093
Moderate,Open,New Moon,ARIES,28,-35.714285714285715,-12.820512820512821,EXPLORATORY,1.8130212078146788
Calm,Open,First Quarter,CAPRICORN,114,18.421052631578945,12.804878048780486,HIGH,-0.7882360599330702
Moderate,Open,Last Quarter,CANCER,83,-20.481927710843372,-12.781954887218046,HIGH,0.7081167778749398
Tough,Survival,Waning Gibbous,ARIES,44,27.27272727272727,12.76595744680851,HIGH,-1.6034385421037276
Moderate,Survival,First Quarter,CANCER,37,29.72972972972973,12.64367816091954,HIGH,-3.245494129262432
Calm,Closing,Waning Crescent,PISCES,148,-16.89189189189189,-12.626262626262626,HIGH,0.8003998975304054
Moderate,Survival,Waxing Crescent,LIBRA,77,-20.77922077922078,-12.598425196850394,HIGH,1.0720501419853583
Tough,Positioning,Waxing Crescent,ARIES,22,40.909090909090914,12.500000000000002,EXPLORATORY,-0.9749160432063637
Tough,Positioning,First Quarter,VIRGO,14,-57.14285714285714,-12.5,WEAK,2.1872481627328573
Tough,Open,Waxing Gibbous,SAGITTARIUS,30,33.333333333333336,12.5,HIGH,-1.4896820790704
Moderate,Open,First Quarter,VIRGO,46,-26.08695652173913,-12.5,HIGH,1.0310351089540088
Tough,Positioning,First Quarter,SAGITTARIUS,14,-57.14285714285714,-12.5,WEAK,2.4138367245899994
Moderate,Open,Waning Crescent,AQUARIUS,151,-16.556291390728475,-12.43781094527363,HIGH,0.7588564627652982
Moderate,Positioning,Full Moon,LEO,23,39.13043478260869,12.328767123287669,EXPLORATORY,-2.075708275534782
Calm,Positioning,Waxing Gibbous,CAPRICORN,161,-16.149068322981364,-12.322274881516586,HIGH,0.5250116919839131
Moderate,Closing,Waning Crescent,SAGITTARIUS,89,19.10112359550562,12.23021582733813,HIGH,-0.8808039707566291
Calm,Open,Waning Gibbous,SAGITTARIUS,172,-15.697674418604654,-12.162162162162163,HIGH,0.9473010182709302
Moderate,Survival,First Quarter,AQUARIUS,25,-36.0,-12.0,EXPLORATORY,1.1308994750163999
Moderate,Closing,Waxing Gibbous,SCORPIO,92,-18.478260869565215,-11.971830985915492,HIGH,1.2218702351658697
Moderate,Open,New Moon,TAURUS,42,-26.190476190476193,-11.956521739130435,HIGH,1.3986231152266668
Moderate,Closing,New Moon,GEMINI,42,-26.190476190476186,-11.956521739130432,HIGH,1.5418382857630955
Calm,Survival,Waning Crescent,CANCER,244,-14.344262295081966,-11.904761904761905,HIGH,0.6803411340570492
Calm,Positioning,New Moon,SAGITTARIUS,51,-23.52941176470588,-11.881188118811881,HIGH,1.187455924817647
Calm,Open,Waxing Crescent,AQUARIUS,230,-14.34782608695652,-11.785714285714283,HIGH,0.780474796984348
Calm,Survival,Waning Crescent,SCORPIO,247,-14.17004048582996,-11.784511784511784,HIGH,0.9260918676477734
Moderate,Closing,Waning Gibbous,PISCES,137,-16.058394160583944,-11.764705882352944,HIGH,0.5229013570467153
Tough,Positioning,First Quarter,GEMINI,18,-44.44444444444445,-11.764705882352942,EXPLORATORY,1.750150520066778
Tough,Positioning,First Quarter,PISCES,18,-44.44444444444444,-11.76470588235294,EXPLORATORY,2.0426750759272227
Calm,Survival,Waxing Gibbous,LEO,232,-14.224137931034486,-11.70212765957447,HIGH,0.8349401548221033
Moderate,Positioning,Waxing Crescent,CANCER,138,15.942028985507244,11.702127659574467,HIGH,-0.5365728944615943
Moderate,Positioning,Full Moon,CAPRICORN,27,33.33333333333333,11.688311688311687,EXPLORATORY,-1.7189193972814816
Moderate,Survival,Full Moon,AQUARIUS,27,-33.33333333333333,-11.688311688311687,EXPLORATORY,1.446356308231111
Calm,Open,Waning Gibbous,CANCER,224,-14.285714285714285,-11.678832116788321,HIGH,0.7402859697866518
Calm,Open,Waxing Gibbous,LIBRA,139,-15.827338129496404,-11.640211640211641,HIGH,0.7382441064797122
Calm,Open,Waxing Crescent,LEO,338,-13.313609467455622,-11.597938144329898,HIGH,0.5791276188970412
Moderate,Survival,Waning Gibbous,CANCER,158,15.189873417721516,11.538461538461537,HIGH,-0.8790307281479114
Calm,Open,Waning Gibbous,VIRGO,159,-15.09433962264151,-11.483253588516746,HIGH,0.4931816582106919
Tough,Positioning,New Moon,ARIES,11,63.63636363636363,11.475409836065573,WEAK,-4.538190718325454
Calm,Closing,New Moon,LEO,46,23.913043478260867,11.458333333333332,HIGH,-1.1486060893565218
Moderate,Survival,Waxing Gibbous,AQUARIUS,151,15.2317880794702,11.442786069651742,HIGH,-0.40522175077298006
Tough,Open,Waning Gibbous,CAPRICORN,20,40.0,11.428571428571427,EXPLORATORY,-1.187866100227
Calm,Survival,First Quarter,GEMINI,152,-15.131578947368418,-11.386138613861384,HIGH,0.7157849343296053
Moderate,Open,Waxing Crescent,LIBRA,91,-17.582417582417584,-11.347517730496456,HIGH,0.6135951038107977
Moderate,Survival,Full Moon,CANCER,47,-23.404255319148938,-11.34020618556701,HIGH,1.2544208152880851
Moderate,Survival,Waning Crescent,CAPRICORN,295,-13.22033898305085,-11.304347826086959,HIGH,0.7019388404788813
Moderate,Closing,Full Moon,TAURUS,12,-58.333333333333336,-11.290322580645162,WEAK,3.492797619916667
Tough,Positioning,New Moon,CANCER,12,58.33333333333333,11.29032258064516,WEAK,-2.3901345400271667
Calm,Survival,Waxing Gibbous,LIBRA,119,-15.96638655462185,-11.24260355029586,HIGH,0.6717467719994958
Calm,Survival,Waning Crescent,TAURUS,164,-14.634146341463413,-11.214953271028037,HIGH,0.5070986813936585
Moderate,Survival,New Moon,LIBRA,22,36.36363636363637,11.111111111111112,EXPLORATORY,-1.935385103643182
Moderate,Survival,First Quarter,ARIES,31,-29.032258064516125,-11.111111111111109,HIGH,1.0120015945077419
Moderate,Survival,Last Quarter,TAURUS,59,-20.33898305084746,-11.009174311926607,HIGH,0.2971022896464406
Calm,Survival,Full Moon,SAGITTARIUS,114,-15.789473684210527,-10.975609756097562,HIGH,0.9802695667412282
Moderate,Open,Waning Gibbous,PISCES,206,-13.59223300970874,-10.937500000000002,HIGH,0.2708339176417476
Moderate,Survival,Waxing Gibbous,ARIES,206,13.592233009708735,10.937499999999998,HIGH,-0.5507052667213106
Moderate,Closing,Waxing Crescent,TAURUS,69,18.84057971014493,10.924369747899162,HIGH,-1.098160581710145
Calm,Survival,First Quarter,PISCES,143,-14.685314685314681,-10.880829015544037,HIGH,0.7749694769328673
Moderate,Survival,Waning Gibbous,SAGITTARIUS,143,14.685314685314681,10.880829015544037,HIGH,-0.5012025592693706
Calm,Survival,Last Quarter,VIRGO,42,-23.80952380952381,-10.869565217391305,HIGH,0.5890517843095239
Moderate,Closing,Waning Crescent,SCORPIO,135,14.814814814814817,10.810810810810812,HIGH,-0.48339467253125934
Calm,Open,First Quarter,AQUARIUS,98,16.3265306122449,10.81081081081081,HIGH,-0.29607381092142854
Calm,Open,Last Quarter,CANCER,89,-16.853932584269664,-10.79136690647482,HIGH,0.7882976190474155
Tough,Open,Waxing Crescent,CANCER,15,46.666666666666664,10.76923076923077,EXPLORATORY,-1.6549974139397332
Calm,Open,First Quarter,PISCES,145,14.482758620689657,10.76923076923077,HIGH,-0.5247009345951724
Calm,Survival,Waning Gibbous,ARIES,173,-13.872832369942195,-10.762331838565022,HIGH,0.5569159366604626
Moderate,Closing,Waning Crescent,LIBRA,43,-23.25581395348837,-10.75268817204301,HIGH,1.0638389180309302
Tough,Positioning,New Moon,CAPRICORN,6,100.0,10.714285714285714,WEAK,-4.402758785985
Moderate,Closing,New Moon,PISCES,25,-32.0,-10.666666666666666,EXPLORATORY,1.248404500556
Moderate,Open,Waxing Crescent,AQUARIUS,119,15.126050420168069,10.650887573964498,HIGH,-0.2573628533320168
Moderate,Survival,Waxing Crescent,SCORPIO,232,-12.931034482758625,-10.638297872340429,HIGH,0.7967363822984053
Calm,Positioning,Waning Crescent,CANCER,251,-12.749003984063748,-10.6312292358804,HIGH,0.6509843405063744
Moderate,Survival,Waning Gibbous,AQUARIUS,101,15.841584158415841,10.596026490066224,HIGH,-0.4174596390965346
Moderate,Open,Waning Gibbous,AQUARIUS,139,-14.388489208633093,-10.582010582010582,HIGH,-0.0532146318864747
Moderate,Positioning,Waning Crescent,VIRGO,92,-16.304347826086953,-10.56338028169014,HIGH,1.1963489621919805
Moderate,Open,First Quarter,TAURUS,64,-18.75,-10.526315789473683,HIGH,1.3438677034478128
Tough,Survival,Waxing Gibbous,CANCER,7,-85.71428571428571,-10.526315789473683,WEAK,3.884400566302
Calm,Survival,Full Moon,LIBRA,36,25.0,10.465116279069768,HIGH,-0.716704261725
Calm,Open,Waxing Crescent,SCORPIO,400,-11.75,-10.444444444444445,HIGH,0.6481863776279999
Moderate,Closing,Waning Crescent,VIRGO,94,15.957446808510637,10.416666666666666,HIGH,-0.656494957087199
Calm,Survival,New Moon,PISCES,104,-15.384615384615385,-10.38961038961039,HIGH,0.6172450079480769
Calm,Survival,New Moon,GEMINI,104,-15.384615384615383,-10.38961038961039,HIGH,0.6433900084769231
Moderate,Positioning,Waning Gibbous,GEMINI,133,14.285714285714285,10.382513661202186,HIGH,-0.44115969644887215
Tough,Closing,Waning Gibbous,VIRGO,8,-75.0,-10.344827586206897,WEAK,5.1932439019025
Tough,Positioning,Waning Crescent,PISCES,37,24.324324324324326,10.344827586206897,HIGH,-2.663168935742108
Calm,Survival,First Quarter,SAGITTARIUS,95,15.789473684210526,10.344827586206895,HIGH,-0.39531122188210543
Calm,Open,Waning Gibbous,GEMINI,250,-12.400000000000002,-10.333333333333336,HIGH,0.27320133183
Calm,Open,First Quarter,CANCER,163,13.496932515337424,10.328638497652584,HIGH,-0.7165075909092025
Calm,Closing,First Quarter,LEO,105,15.238095238095237,10.322580645161288,HIGH,-0.5748309575
Calm,Open,Waning Gibbous,PISCES,202,-12.871287128712872,-10.317460317460318,HIGH,0.6677294903396039
Tough,Survival,Waxing Crescent,ARIES,18,-38.888888888888886,-10.294117647058822,EXPLORATORY,2.0605197352278335
Calm,Closing,New Moon,GEMINI,57,-19.298245614035086,-10.280373831775698,HIGH,1.4352742929035087
Calm,Closing,Waning Crescent,CAPRICORN,135,-14.074074074074074,-10.27027027027027,HIGH,0.7560892446654816
Calm,Open,Waning Gibbous,AQUARIUS,145,-13.793103448275861,-10.256410256410255,HIGH,0.7834398301089656
Calm,Survival,Waning Gibbous,AQUARIUS,116,-14.655172413793101,-10.240963855421686,HIGH,0.9145605955689655
Calm,Closing,Waxing Crescent,CAPRICORN,246,12.195121951219512,10.135135135135135,HIGH,-0.42949076938569103
Moderate,Closing,New Moon,SAGITTARIUS,29,27.586206896551722,10.126582278481012,EXPLORATORY,-0.43299879105206907
Calm,Open,Waxing Crescent,VIRGO,297,-11.78451178451178,-10.0864553314121,HIGH,0.3600132306154882
Calm,Open,New Moon,SCORPIO,198,12.626262626262626,10.080645161290322,HIGH,-0.28961746442777797
Moderate,Survival,Waning Crescent,TAURUS,208,-12.5,-10.077519379844961,HIGH,0.703041016023654
Calm,Survival,Waning Crescent,AQUARIUS,139,-13.66906474820144,-10.052910052910054,HIGH,1.0004801365071943
Moderate,Positioning,Full Moon,PISCES,20,35.0,10.0,EXPLORATORY,-1.846182269815
Moderate,Open,Waxing Crescent,TAURUS,141,13.47517730496454,9.947643979057592,HIGH,-0.3449405987473049
Calm,Open,Waning Gibbous,CAPRICORN,192,-12.499999999999996,-9.917355371900824,HIGH,0.7173472662827605
Moderate,Open,New Moon,CAPRICORN,41,-21.951219512195124,-9.89010989010989,HIGH,1.2496751145829268
Calm,Open,Full Moon,PISCES,132,-13.636363636363638,-9.89010989010989,HIGH,0.4347125337833334
Moderate,Survival,Waxing Gibbous,LEO,204,12.254901960784318,9.842519685039374,HIGH,-0.27685121783109523
Moderate,Open,Waxing Crescent,CANCER,205,12.195121951219509,9.803921568627448,HIGH,-0.33296514678195127
Calm,Closing,Waxing Gibbous,TAURUS,144,-13.194444444444445,-9.793814432989691,HIGH,0.7102061010427779
Moderate,Positioning,Waxing Crescent,GEMINI,125,13.600000000000001,9.714285714285715,HIGH,-0.3041868627751999
Calm,Survival,Waxing Gibbous,ARIES,249,-11.646586345381527,-9.698996655518396,HIGH,0.683362741588474
Calm,Survival,Waning Gibbous,VIRGO,115,-13.913043478260867,-9.696969696969695,HIGH,0.6035506374313043
Tough,Closing,Waning Gibbous,GEMINI,12,-50.0,-9.67741935483871,WEAK,2.2654289349005
Tough,Closing,Waning Gibbous,ARIES,12,-50.0,-9.67741935483871,WEAK,2.4711635660213336
Calm,Closing,Waning Crescent,CANCER,229,-11.790393013100436,-9.677419354838708,HIGH,0.5436428556991266
Calm,Survival,Waxing Crescent,LIBRA,157,12.738853503184714,9.66183574879227,HIGH,-0.470713194343949
Moderate,Survival,First Quarter,LEO,33,-24.242424242424242,-9.63855421686747,HIGH,1.2850522564878788
Calm,Open,Full Moon,AQUARIUS,85,-15.294117647058822,-9.62962962962963,HIGH,0.5017670834352941
Calm,Closing,Waxing Crescent,PISCES,293,11.262798634812285,9.620991253644313,HIGH,-0.45513963423003406
Tough,Open,Waxing Gibbous,GEMINI,54,-18.51851851851852,-9.615384615384617,HIGH,1.0188077480660003
Moderate,Closing,Waxing Crescent,AQUARIUS,75,16.0,9.6,HIGH,-0.5930255361229332
Calm,Positioning,Waning Crescent,GEMINI,221,-11.76470588235294,-9.594095940959408,HIGH,0.41298592702977377
Calm,Survival,Waning Gibbous,LEO,159,-12.57861635220126,-9.569377990430624,HIGH,0.3296569121082642
Calm,Open,Waning Gibbous,ARIES,191,-12.041884816753928,-9.54356846473029,HIGH,0.37225145906492146
Tough,Positioning,Waxing Gibbous,ARIES,13,-46.15384615384615,-9.523809523809524,WEAK,1.3149093849053846
Moderate,Open,New Moon,PISCES,24,-29.166666666666664,-9.45945945945946,EXPLORATORY,1.2530399416333333
Calm,Closing,Waxing Gibbous,AQUARIUS,120,13.333333333333334,9.411764705882353,HIGH,0.11606500579083336
Calm,Survival,First Quarter,AQUARIUS,99,-14.14141414141414,-9.395973154362416,HIGH,0.6771449691848483
Tough,Survival,Waning Crescent,PISCES,14,-42.857142857142854,-9.375,WEAK,1.501682584152857
Calm,Closing,Waxing Crescent,GEMINI,270,11.111111111111107,9.374999999999996,HIGH,-0.4221117842129632
Calm,Closing,Waning Gibbous,GEMINI,154,-12.337662337662337,-9.313725490196077,HIGH,0.21771334892012978
Calm,Survival,Waxing Crescent,CAPRICORN,316,10.759493670886075,9.289617486338797,HIGH,-0.3285900473804747
Calm,Closing,First Quarter,CANCER,101,13.861386138613863,9.271523178807948,HIGH,-0.7654319286000001
Calm,Survival,Full Moon,AQUARIUS,80,-15.000000000000002,-9.230769230769232,HIGH,1.10324266756
Calm,Closing,First Quarter,CAPRICORN,80,15.000000000000002,9.230769230769232,HIGH,-0.29195939498124995
Moderate,Closing,Full Moon,CAPRICORN,26,-26.923076923076923,-9.210526315789474,EXPLORATORY,0.7605003961230771
Calm,Positioning,Full Moon,SCORPIO,37,21.62162162162162,9.195402298850574,HIGH,-0.8338474023378378
Calm,Survival,Waning Crescent,VIRGO,191,-11.518324607329845,-9.128630705394192,HIGH,0.7847180022884817
Moderate,Positioning,Waxing Gibbous,CANCER,104,-13.461538461538462,-9.090909090909092,HIGH,0.36165688544913466
Tough,Positioning,First Quarter,ARIES,16,-37.5,-9.090909090909092,EXPLORATORY,2.32491792107375
Tough,Closing,Waning Gibbous,AQUARIUS,16,-37.5,-9.090909090909092,EXPLORATORY,2.2751521863212503
Tough,Positioning,Waning Gibbous,PISCES,16,37.5,9.090909090909092,EXPLORATORY,-1.0563333561067498
Moderate,Positioning,Last Quarter,CANCER,27,25.925925925925924,9.09090909090909,EXPLORATORY,-1.2239008449222222
Moderate,Survival,Full Moon,TAURUS,27,-25.925925925925924,-9.09090909090909,EXPLORATORY,1.012505451225926
Calm,Open,Last Quarter,VIRGO,72,-15.277777777777777,-9.01639344262295,HIGH,0.5455804893097222
Tough,Survival,Waning Gibbous,PISCES,61,16.39344262295082,9.00900900900901,HIGH,-0.5363560161529181
Moderate,Closing,Waning Gibbous,CAPRICORN,117,-12.82051282051282,-8.982035928143711,HIGH,0.8886947487602563
Moderate,Survival,Waning Crescent,ARIES,286,-10.48951048951049,-8.928571428571429,HIGH,0.7578184615827308
Calm,Positioning,Waning Gibbous,TAURUS,141,-12.056737588652483,-8.900523560209423,HIGH,0.6510778262387236
Calm,Positioning,Waxing Crescent,LIBRA,85,14.117647058823533,8.888888888888891,HIGH,-0.6075608180917645
Tough,Closing,Waning Crescent,SCORPIO,40,-20.0,-8.88888888888889,HIGH,1.5354251727999997
Calm,Positioning,Last Quarter,VIRGO,40,-20.0,-8.88888888888889,HIGH,0.5392000794625
Calm,Positioning,New Moon,PISCES,63,-15.873015873015872,-8.849557522123893,HIGH,0.8123258140698413
Tough,Positioning,Waning Crescent,GEMINI,41,19.51219512195122,8.791208791208792,HIGH,-1.2048035816111706
Tough,Survival,Waxing Gibbous,LEO,7,-71.42857142857143,-8.771929824561404,WEAK,2.1598184216742857
Calm,Open,Waxing Crescent,CANCER,350,-9.999999999999998,-8.749999999999998,HIGH,0.4114796047017142
Calm,Open,Waxing Crescent,SAGITTARIUS,293,-10.238907849829355,-8.746355685131197,HIGH,0.5514367843273036
Calm,Positioning,Waxing Gibbous,AQUARIUS,145,11.72413793103448,8.717948717948717,HIGH,-0.4355752235986207
Moderate,Survival,Waning Gibbous,CAPRICORN,134,11.940298507462686,8.695652173913043,HIGH,-0.34536802352776114
Calm,Closing,Waxing Crescent,TAURUS,180,11.11111111111111,8.695652173913043,HIGH,-0.5035569915842222
Calm,Open,First Quarter,LEO,113,12.389380530973451,8.588957055214724,HIGH,-0.27840612002541604
Moderate,Positioning,Waning Gibbous,ARIES,113,12.389380530973447,8.58895705521472,HIGH,-0.5961939702100886
Calm,Survival,Waxing Gibbous,GEMINI,289,-10.034602076124571,-8.554572271386434,HIGH,0.5107595452418685
Moderate,Closing,Waning Gibbous,VIRGO,114,-12.280701754385964,-8.536585365853657,HIGH,-0.3051663516588898
Moderate,Closing,Waxing Crescent,ARIES,114,12.280701754385964,8.536585365853657,HIGH,-0.12651889233385968
Moderate,Survival,Waning Crescent,SAGITTARIUS,232,-10.344827586206895,-8.510638297872338,HIGH,0.5782380518586206
Calm,Closing,Waning Crescent,LIBRA,68,-14.705882352941178,-8.474576271186441,HIGH,0.5104620954897061
Calm,Open,Waning Crescent,SAGITTARIUS,281,-9.964412811387898,-8.459214501510573,HIGH,0.7627992402010676
Moderate,Survival,Waxing Gibbous,CANCER,234,10.256410256410255,8.450704225352112,HIGH,-0.25030478970474357
Moderate,Survival,Waxing Crescent,LEO,187,-10.6951871657754,-8.438818565400842,HIGH,0.7358704338806639
Tough,Positioning,Waning Crescent,LEO,33,21.212121212121215,8.433734939759038,HIGH,-1.0718987561811817
Calm,Open,Last Quarter,AQUARIUS,57,-15.789473684210526,-8.411214953271028,HIGH,1.2716461927631575
Calm,Positioning,Waxing Crescent,ARIES,248,10.080645161290322,8.389261744966444,HIGH,-0.44393568117568555
Calm,Positioning,Waning Gibbous,ARIES,165,10.90909090909091,8.372093023255815,HIGH,-0.21188391925557573
Tough,Open,Waxing Gibbous,CANCER,46,-17.391304347826086,-8.333333333333334,HIGH,0.4039398017991304
Moderate,Survival,New Moon,AQUARIUS,22,27.27272727272727,8.333333333333334,EXPLORATORY,-0.8599829696813636
Moderate,Open,Full Moon,CANCER,94,12.76595744680851,8.333333333333334,HIGH,-0.24340789586063835
Calm,Closing,First Quarter,TAURUS,71,14.084507042253518,8.264462809917354,HIGH,-0.7501900647712677
Moderate,Survival,Waning Gibbous,LIBRA,59,15.254237288135592,8.256880733944953,HIGH,-0.7999782019443631
Calm,Closing,Waxing Gibbous,LIBRA,59,-15.254237288135593,-8.256880733944953,HIGH,0.6568981255945762
Moderate,Positioning,Waxing Crescent,PISCES,144,11.11111111111111,8.247422680412372,HIGH,-0.5050523266256944
Moderate,Closing,Waning Crescent,LEO,120,-11.66666666666667,-8.235294117647062,HIGH,0.4358130292523333
Moderate,Open,New Moon,VIRGO,35,-20.0,-8.235294117647058,HIGH,0.867940985330317
Moderate,Open,New Moon,LIBRA,23,-26.08695652173913,-8.21917808219178,EXPLORATORY,1.6396650757317388
Tough,Positioning,Waning Crescent,SAGITTARIUS,23,26.08695652173913,8.21917808219178,EXPLORATORY,-0.7751052617386087
Tough,Positioning,Waxing Gibbous,LIBRA,11,-45.45454545454545,-8.19672131147541,WEAK,1.4800330318763637
Calm,Open,Full Moon,TAURUS,72,-13.88888888888889,-8.19672131147541,HIGH,0.8059195170686111
Calm,Open,Full Moon,GEMINI,121,-11.570247933884295,-8.187134502923975,HIGH,0.1557855004429752
Calm,Survival,Last Quarter,LEO,48,-16.666666666666664,-8.163265306122447,HIGH,1.0699119709
Moderate,Closing,Waning Gibbous,LIBRA,48,-16.666666666666664,-8.163265306122447,HIGH,0.6428612795775538
Calm,Closing,New Moon,TAURUS,24,-25.0,-8.108108108108109,EXPLORATORY,0.7259559841750001
Calm,Open,Last Quarter,SCORPIO,86,-12.790697674418606,-8.088235294117647,HIGH,0.5727654070767443
Moderate,Open,Waxing Crescent,PISCES,185,10.27027027027027,8.085106382978724,HIGH,-0.6218202413405405
Calm,Closing,Waning Crescent,LEO,173,-10.40462427745665,-8.071748878923769,HIGH,0.3057434166236994
Moderate,Survival,First Quarter,VIRGO,37,-18.91891891891892,-8.045977011494253,HIGH,0.7683491158714406
Moderate,Survival,Waning Crescent,LEO,299,-9.36454849498328,-8.022922636103154,HIGH,0.2776194446063153
Tough,Survival,Waxing Crescent,VIRGO,13,-38.46153846153847,-7.936507936507938,WEAK,1.0907136047523076
Tough,Closing,Waning Crescent,LIBRA,13,-38.46153846153846,-7.936507936507936,WEAK,2.169856036789231
Calm,Closing,Last Quarter,PISCES,51,-15.686274509803921,-7.920792079207921,HIGH,0.16119610632941175
Calm,Positioning,Waning Gibbous,GEMINI,204,-9.803921568627455,-7.8740157480315,HIGH,0.3989373620593136
Calm,Closing,Last Quarter,ARIES,52,15.384615384615383,7.84313725490196,HIGH,-0.6509538944840383
Moderate,Survival,First Quarter,LIBRA,14,-35.714285714285715,-7.8125,WEAK,1.7943236563207137
Moderate,Closing,Waxing Crescent,SAGITTARIUS,92,11.956521739130437,7.746478873239439,HIGH,-0.5906811070295651
Moderate,Positioning,First Quarter,GEMINI,15,33.333333333333336,7.692307692307693,EXPLORATORY,-1.37775506416
Calm,Positioning,Waning Crescent,SAGITTARIUS,171,-9.941520467836257,-7.6923076923076925,HIGH,0.3516042871625731
Calm,Positioning,Waning Crescent,LIBRA,67,-13.43283582089552,-7.69230769230769,HIGH,0.02125423154029855
Moderate,Closing,Waxing Gibbous,LEO,68,-13.235294117647062,-7.6271186440677985,HIGH,1.0346868631071198
Moderate,Positioning,Waxing Crescent,CAPRICORN,108,11.11111111111111,7.594936708860759,HIGH,-0.4543185101231482
Calm,Closing,Full Moon,TAURUS,16,-31.25,-7.575757575757576,EXPLORATORY,1.3206863318625
Calm,Survival,Last Quarter,AQUARIUS,43,16.279069767441857,7.526881720430106,HIGH,-0.2306170034813954
Moderate,Closing,Waxing Crescent,PISCES,123,10.569105691056912,7.514450867052024,HIGH,-0.1928324738081301
Calm,Open,Waning Gibbous,LIBRA,84,-11.904761904761907,-7.462686567164181,HIGH,0.865000569527381
Moderate,Positioning,First Quarter,CANCER,17,29.411764705882348,7.462686567164178,EXPLORATORY,-1.3092793282358826
Calm,Positioning,First Quarter,LIBRA,17,29.411764705882348,7.462686567164178,EXPLORATORY,-0.607935399035294
Calm,Open,Waning Crescent,VIRGO,272,-8.823529411764708,-7.4534161490683255,HIGH,0.5638706379352941
Calm,Positioning,Waning Crescent,SCORPIO,260,-8.846153846153845,-7.419354838709677,HIGH,0.5033509226338461
Tough,Positioning,New Moon,TAURUS,4,100.0,7.4074074074074066,WEAK,-3.754668117418
Tough,Positioning,New Moon,LIBRA,4,100.0,7.4074074074074066,WEAK,-3.6361381190249995
Tough,Positioning,First Quarter,TAURUS,4,-100.0,-7.4074074074074066,WEAK,3.1574757016
Calm,Open,Last Quarter,PISCES,85,-11.764705882352938,-7.407407407407406,HIGH,0.39082989807999996
Moderate,Open,Last Quarter,CAPRICORN,72,12.5,7.377049180327869,HIGH,-0.6701097730619445
Calm,Survival,Last Quarter,SAGITTARIUS,45,15.555555555555555,7.368421052631579,HIGH,-0.5873411832866667
Tough,Survival,Waxing Crescent,LEO,18,-27.77777777777778,-7.352941176470589,EXPLORATORY,0.8517480767044445
Tough,Positioning,Waxing Gibbous,SCORPIO,18,-27.77777777777778,-7.352941176470589,EXPLORATORY,2.2248491871385556
Tough,Positioning,Waxing Gibbous,CAPRICORN,18,-27.77777777777778,-7.352941176470589,EXPLORATORY,1.3926915631461112
Calm,Closing,First Quarter,ARIES,73,12.32876712328767,7.317073170731707,HIGH,-0.39013473415986294
Calm,Closing,Waning Gibbous,CANCER,128,-10.15625,-7.303370786516854,HIGH,0.2932628922804687
Calm,Survival,New Moon,ARIES,87,-11.494252873563216,-7.299270072992699,HIGH,0.32123012756735647
Calm,Survival,New Moon,SCORPIO,101,10.89108910891089,7.284768211920529,HIGH,0.0378710742128713
Moderate,Survival,Waning Crescent,LIBRA,156,-9.615384615384615,-7.281553398058252,HIGH,0.24977721572524914
Moderate,Closing,Full Moon,AQUARIUS,5,80.0,7.272727272727273,WEAK,-2.0077924220799996
Tough,Survival,Waxing Gibbous,ARIES,5,-80.0,-7.272727272727273,WEAK,3.49168466928
Calm,Survival,Waxing Gibbous,SAGITTARIUS,226,-8.849557522123893,-7.246376811594202,HIGH,0.36567699596592923
Moderate,Survival,Full Moon,SAGITTARIUS,33,-18.181818181818183,-7.2289156626506035,HIGH,0.5080727686133333
Moderate,Positioning,Waxing Crescent,LIBRA,33,18.18181818181818,7.228915662650602,HIGH,-0.7242212546227272
Calm,Positioning,Last Quarter,CANCER,47,-14.893617021276595,-7.216494845360825,HIGH,0.6905739882319148
Moderate,Positioning,Waxing Crescent,AQUARIUS,61,-13.114754098360656,-7.207207207207208,HIGH,0.33729120125639345
Calm,Closing,Waxing Gibbous,ARIES,172,-9.30232558139535,-7.207207207207207,HIGH,0.40973501888116287
Moderate,Survival,Waning Crescent,GEMINI,353,-8.215297450424933,-7.1960297766749415,HIGH,0.48493961309776207
Calm,Positioning,Waning Crescent,AQUARIUS,145,-9.655172413793103,-7.17948717948718,HIGH,0.4537511449531034
Moderate,Open,Waxing Gibbous,ARIES,173,9.248554913294798,7.174887892376682,HIGH,-0.29315463571913286
Calm,Positioning,Waning Gibbous,AQUARIUS,104,-10.576923076923078,-7.142857142857144,HIGH,0.3982730294115384
Calm,Survival,Full Moon,VIRGO,90,-11.11111111111111,-7.142857142857143,HIGH,0.3295550811355555
Calm,Positioning,Waning Gibbous,CAPRICORN,160,9.375,7.142857142857142,HIGH,-0.16166440763037504
Moderate,Closing,Full Moon,SAGITTARIUS,20,25.0,7.142857142857142,EXPLORATORY,-0.867714070225
Moderate,Positioning,Waxing Gibbous,LIBRA,34,-17.64705882352941,-7.142857142857142,HIGH,1.4577827686351852
Tough,Survival,Waxing Gibbous,AQUARIUS,6,-66.66666666666666,-7.1428571428571415,WEAK,1.9468922636533332
Moderate,Closing,First Quarter,CANCER,6,-66.66666666666666,-7.1428571428571415,WEAK,3.5756949417499997
Calm,Open,First Quarter,SCORPIO,133,9.774436090225564,7.103825136612022,HIGH,-0.2335549731903008
Moderate,Closing,Waxing Crescent,CANCER,119,10.084033613445381,7.100591715976334,HIGH,-0.5912259164923528
Moderate,Closing,Waxing Gibbous,CAPRICORN,77,-11.688311688311687,-7.086614173228346,HIGH,0.6543259853377922
Moderate,Open,Waxing Crescent,ARIES,205,8.780487804878046,7.058823529411763,HIGH,-0.1742324534274366
Tough,Survival,Waxing Crescent,SCORPIO,21,-23.809523809523807,-7.042253521126759,EXPLORATORY,0.9107740614047618
Moderate,Survival,Waning Crescent,VIRGO,249,-8.433734939759036,-7.023411371237458,HIGH,0.4134478751928373
Moderate,Closing,First Quarter,GEMINI,7,57.14285714285714,7.0175438596491215,WEAK,-2.0254001883228567
Tough,Survival,Waxing Gibbous,SAGITTARIUS,7,-57.14285714285714,-7.0175438596491215,WEAK,1.3368105597377142
Calm,Open,Waning Gibbous,LEO,207,-8.695652173913047,-7.00389105058366,HIGH,0.5267729074116616
Moderate,Survival,Waning Crescent,AQUARIUS,236,-8.47457627118644,-6.9930069930069925,HIGH,0.43403669343766954
Moderate,Open,Waxing Gibbous,LIBRA,79,-11.392405063291145,-6.976744186046515,HIGH,0.6418064972526909
Calm,Open,Last Quarter,LIBRA,36,-16.666666666666664,-6.976744186046511,HIGH,0.499197896038889
Moderate,Survival,Waning Crescent,CANCER,326,-7.9754601226993875,-6.914893617021278,HIGH,0.520397635393773
Calm,Positioning,Last Quarter,AQUARIUS,37,-16.216216216216218,-6.8965517241379315,HIGH,1.2232419834351353
Calm,Closing,First Quarter,PISCES,95,10.526315789473683,6.89655172413793,HIGH,-0.4227005497989473
Moderate,Open,Waxing Crescent,SAGITTARIUS,183,8.743169398907103,6.86695278969957,HIGH,-0.4669730046640983
Tough,Closing,Waning Crescent,AQUARIUS,23,-21.73913043478261,-6.8493150684931505,EXPLORATORY,0.8104989899413041
Moderate,Open,New Moon,SAGITTARIUS,23,-21.73913043478261,-6.8493150684931505,EXPLORATORY,0.1729469866078261
Calm,Positioning,Last Quarter,LEO,53,-13.207547169811324,-6.79611650485437,HIGH,0.5255347724849058
Moderate,Positioning,First Quarter,SAGITTARIUS,9,44.44444444444444,6.779661016949153,WEAK,-0.3461711536777778
Calm,Open,New Moon,PISCES,157,-8.917197452229297,-6.763285024154588,HIGH,0.5263386329407644
Moderate,Open,Last Quarter,LIBRA,39,-15.384615384615385,-6.741573033707866,HIGH,0.6280560466066667
Calm,Closing,Last Quarter,SCORPIO,69,-11.594202898550726,-6.722689075630254,HIGH,0.31815101379318833
Calm,Positioning,New Moon,SCORPIO,69,11.594202898550726,6.722689075630254,HIGH,-0.7568924466782608
Calm,Survival,Waxing Gibbous,SCORPIO,278,-7.913669064748199,-6.70731707317073,HIGH,0.3268756925866905
Moderate,Open,New Moon,CANCER,40,-15.000000000000002,-6.666666666666667,HIGH,0.8429708784180001
Tough,Closing,Waning Crescent,VIRGO,25,-20.0,-6.666666666666666,EXPLORATORY,1.10282542197
Tough,Survival,Waning Crescent,SAGITTARIUS,10,-40.0,-6.666666666666666,WEAK,1.9264133262608003
Moderate,Positioning,Full Moon,TAURUS,10,40.0,6.666666666666666,WEAK,-2.65849651833
Tough,Closing,Waning Gibbous,LIBRA,10,-40.0,-6.666666666666666,WEAK,2.232367102368
Calm,Open,Waning Gibbous,SCORPIO,251,-7.9681274900398416,-6.64451827242525,HIGH,0.44103659311258964
Calm,Positioning,First Quarter,GEMINI,41,-14.634146341463417,-6.593406593406595,HIGH,0.6391787957341462
Calm,Closing,Waxing Gibbous,SAGITTARIUS,209,-8.133971291866033,-6.5637065637065675,HIGH,0.1679827406157895
Moderate,Open,First Quarter,GEMINI,72,-11.11111111111111,-6.557377049180327,HIGH,0.7168235271011111
Calm,Closing,Waning Gibbous,CAPRICORN,134,8.955223880597018,6.521739130434785,HIGH,-0.37019876071791047
Calm,Survival,Full Moon,LEO,104,-9.615384615384611,-6.493506493506491,HIGH,0.47272018588580766
Moderate,Positioning,Waxing Gibbous,TAURUS,74,10.81081081081081,6.451612903225807,HIGH,-0.6833604619554053
Tough,Survival,Waning Crescent,ARIES,12,-33.33333333333333,-6.451612903225805,WEAK,1.1013597737683334
Tough,Positioning,First Quarter,CAPRICORN,12,-33.33333333333333,-6.451612903225805,WEAK,0.7095526597416666
Moderate,Survival,Waning Gibbous,PISCES,168,8.333333333333334,6.422018348623854,HIGH,-0.2510893947309524
Tough,Positioning,Waning Crescent,VIRGO,28,17.85714285714286,6.4102564102564115,EXPLORATORY,-0.6679565663196428
Calm,Positioning,Full Moon,LIBRA,13,30.76923076923077,6.349206349206349,WEAK,-0.8147651894307693
Moderate,Positioning,Full Moon,AQUARIUS,14,28.57142857142857,6.25,WEAK,-1.0979669390214286
Tough,Closing,Waning Gibbous,SAGITTARIUS,14,-28.57142857142857,-6.25,WEAK,1.1987573047385713
Moderate,Survival,Waning Crescent,SCORPIO,351,-7.1225071225071215,-6.234413965087281,HIGH,0.20120592315142447
Moderate,Positioning,Waning Gibbous,SAGITTARIUS,95,9.473684210526317,6.206896551724139,HIGH,-0.154264973338421
Calm,Survival,Waning Crescent,SAGITTARIUS,193,-7.772020725388601,-6.17283950617284,HIGH,0.5581168924191711
Calm,Open,Waxing Gibbous,SCORPIO,307,-7.1661237785016265,-6.162464985994396,HIGH,0.29788590415439736
Tough,Positioning,Waxing Gibbous,AQUARIUS,15,-26.66666666666667,-6.153846153846155,EXPLORATORY,0.610386364906
Calm,Open,Waxing Crescent,PISCES,391,-6.905370843989772,-6.122448979591839,HIGH,0.24561823635703325
Moderate,Open,Waxing Gibbous,GEMINI,195,7.6923076923076925,6.122448979591836,HIGH,-0.16207816828569235
Moderate,Positioning,Waxing Crescent,SAGITTARIUS,98,9.183673469387754,6.081081081081081,HIGH,-0.32036462260653065
Tough,Positioning,Waning Gibbous,AQUARIUS,16,25.0,6.0606060606060606,EXPLORATORY,-0.4748478136787502
Tough,Positioning,Waning Crescent,CANCER,49,12.244897959183673,6.0606060606060606,HIGH,-0.37166266704306133
Calm,Survival,New Moon,LEO,100,9.0,6.0,HIGH,-0.366789441345
Moderate,Survival,Waning Gibbous,VIRGO,134,8.208955223880599,5.978260869565219,HIGH,-0.42173429366186643
Moderate,Survival,Last Quarter,SCORPIO,68,10.294117647058826,5.93220338983051,HIGH,-0.32550305676617647
Calm,Survival,Waning Gibbous,SAGITTARIUS,153,-7.8431372549019605,-5.911330049261084,HIGH,0.3860458708287582
Calm,Open,Waxing Crescent,TAURUS,238,-7.142857142857142,-5.902777777777777,HIGH,0.24597498343890759
Calm,Closing,Waxing Gibbous,PISCES,256,-7.03125,-5.882352941176471,HIGH,0.3293567654066406
Moderate,Survival,Full Moon,CAPRICORN,35,-14.285714285714285,-5.88235294117647,HIGH,0.9644438984714284
Calm,Closing,New Moon,SAGITTARIUS,35,-14.285714285714285,-5.88235294117647,HIGH,0.9752791067600001
Calm,Survival,Waning Gibbous,LIBRA,70,-9.999999999999998,-5.833333333333333,HIGH,0.7245749872468571
Calm,Closing,Waning Crescent,ARIES,122,-8.196721311475411,-5.8139534883720945,HIGH,-0.15042088117
Calm,Positioning,Last Quarter,ARIES,54,-11.111111111111112,-5.76923076923077,HIGH,0.5657779345487036
Calm,Open,First Quarter,VIRGO,107,8.411214953271026,5.732484076433119,HIGH,-0.3354757314813085
Calm,Survival,Waxing Crescent,CANCER,387,-6.459948320413436,-5.720823798627002,HIGH,0.31027412976537466
Moderate,Survival,Full Moon,GEMINI,55,10.909090909090907,5.7142857142857135,HIGH,-0.5046279183787273
Calm,Closing,Full Moon,ARIES,20,-20.0,-5.7142857142857135,EXPLORATORY,0.2602109545415
Tough,Open,Waning Gibbous,PISCES,20,-20.0,-5.7142857142857135,EXPLORATORY,0.8159979475345001
Moderate,Closing,First Quarter,SAGITTARIUS,3,100.0,5.660377358490567,WEAK,-3.260544867466667
Moderate,Survival,Waning Gibbous,SCORPIO,145,7.586206896551722,5.64102564102564,HIGH,-0.6578923351233104
Moderate,Survival,New Moon,TAURUS,21,19.047619047619047,5.633802816901408,EXPLORATORY,-1.5406665937742856
Moderate,Survival,Waxing Gibbous,CAPRICORN,181,7.182320441988951,5.6277056277056285,HIGH,-0.015920556470939328
Moderate,Survival,New Moon,CANCER,39,12.82051282051282,5.617977528089887,HIGH,-0.27149365333897446
Calm,Closing,Full Moon,LEO,22,-18.181818181818183,-5.555555555555556,EXPLORATORY,0.7425089907045453
Moderate,Survival,New Moon,PISCES,22,18.181818181818183,5.555555555555556,EXPLORATORY,-0.8130498228
Moderate,Positioning,Waning Crescent,ARIES,76,-9.210526315789474,-5.555555555555555,HIGH,0.3790835947828947
Tough,Positioning,New Moon,GEMINI,4,75.0,5.555555555555555,WEAK,-2.8968343953025
Calm,Positioning,Waxing Gibbous,CANCER,220,6.818181818181815,5.555555555555553,HIGH,-0.12593138289590908
Moderate,Open,Waning Gibbous,CAPRICORN,167,7.185628742514968,5.5299539170506895,HIGH,-0.06310836411622757
Moderate,Open,Full Moon,SCORPIO,95,8.421052631578945,5.517241379310343,HIGH,0.24128422104821057
Moderate,Closing,Last Quarter,CANCER,41,-12.195121951219514,-5.494505494505495,HIGH,0.22270092941463415
Moderate,Closing,New Moon,SCORPIO,41,12.195121951219512,5.4945054945054945,HIGH,-0.6153309213439024
Calm,Open,Full Moon,LIBRA,41,-12.195121951219509,-5.494505494505493,HIGH,0.5419710185775609
Moderate,Survival,First Quarter,CAPRICORN,23,-17.391304347826086,-5.47945205479452,EXPLORATORY,1.4073505615173916
Calm,Closing,Full Moon,VIRGO,23,-17.391304347826086,-5.47945205479452,EXPLORATORY,0.601627723452174
Tough,Positioning,Waxing Crescent,CANCER,23,17.391304347826086,5.47945205479452,EXPLORATORY,-0.7183048673180865
Moderate,Closing,Waxing Crescent,GEMINI,133,7.518796992481203,5.46448087431694,HIGH,-0.14271785059052625
Tough,Survival,Waning Gibbous,LEO,42,11.904761904761907,5.434782608695653,HIGH,-0.8807460198457142
Tough,Survival,Waning Gibbous,LIBRA,24,-16.666666666666668,-5.405405405405406,EXPLORATORY,0.44997075923916663
Calm,Closing,Waxing Gibbous,GEMINI,266,-6.390977443609022,-5.379746835443037,HIGH,0.10884434306165404
Calm,Closing,Last Quarter,TAURUS,43,-11.627906976744185,-5.376344086021505,HIGH,0.41105922558604663
Tough,Survival,Waxing Gibbous,CAPRICORN,6,-50.0,-5.357142857142857,WEAK,2.280287840655
Tough,Positioning,New Moon,LEO,6,50.0,5.357142857142857,WEAK,-2.9243083921533333
Moderate,Survival,Last Quarter,CANCER,62,9.677419354838706,5.357142857142856,HIGH,-0.029704232285483894
Calm,Closing,Waning Gibbous,AQUARIUS,81,8.641975308641975,5.343511450381679,HIGH,-0.6184427387049383
Moderate,Closing,Waxing Crescent,LEO,100,7.999999999999999,5.333333333333332,HIGH,-0.559466201752
Moderate,Survival,Last Quarter,LIBRA,25,15.999999999999998,5.333333333333332,EXPLORATORY,-0.8426003815514969
Tough,Open,Waxing Gibbous,PISCES,44,11.363636363636365,5.319148936170214,HIGH,-0.7079549844070455
Moderate,Survival,Waning Gibbous,LEO,140,7.142857142857145,5.263157894736843,HIGH,-0.18279332370688423
Calm,Open,New Moon,LIBRA,83,-8.433734939759036,-5.2631578947368425,HIGH,0.2418148876301205
Moderate,Survival,Full Moon,VIRGO,26,15.384615384615385,5.2631578947368425,EXPLORATORY,-0.5117967132591462
Tough,Positioning,New Moon,PISCES,7,42.857142857142854,5.263157894736842,WEAK,-1.3508950597157143
Calm,Survival,First Quarter,ARIES,140,7.142857142857142,5.263157894736842,HIGH,-0.012272308728000171
Moderate,Positioning,Waning Gibbous,VIRGO,103,7.766990291262138,5.228758169934642,HIGH,-0.1869881576020719
Moderate,Open,Full Moon,LEO,84,8.333333333333332,5.223880597014925,HIGH,-0.10362978715590317
Calm,Positioning,First Quarter,SCORPIO,46,10.869565217391305,5.208333333333334,HIGH,-0.014824215856521784
Moderate,Closing,Last Quarter,VIRGO,46,-10.869565217391303,-5.208333333333333,HIGH,0.37909269267785
Calm,Positioning,Full Moon,CANCER,27,14.814814814814813,5.194805194805194,EXPLORATORY,-0.6303264296481482
Calm,Closing,Waxing Crescent,AQUARIUS,143,6.9930069930069925,5.181347150259067,HIGH,-0.040045431548251784
Tough,Survival,Waxing Gibbous,GEMINI,8,-37.5,-5.172413793103448,WEAK,2.5376720322399997
Moderate,Closing,First Quarter,CAPRICORN,8,-37.5,-5.172413793103448,WEAK,1.56908907225
Calm,Positioning,Waning Gibbous,SAGITTARIUS,163,-6.748466257668712,-5.164319248826292,HIGH,0.28232477157546015
Calm,Closing,Full Moon,CANCER,28,-14.285714285714288,-5.1282051282051295,EXPLORATORY,0.4809786882607142
Moderate,Survival,New Moon,SAGITTARIUS,28,14.285714285714285,5.128205128205128,EXPLORATORY,-0.4733583608
Calm,Open,New Moon,VIRGO,126,7.14285714285714,5.1136363636363615,HIGH,-0.15986098038174604
Tough,Open,Waxing Gibbous,SCORPIO,48,10.416666666666668,5.102040816326531,HIGH,-0.6139123562795417
Tough,Survival,Waning Gibbous,VIRGO,48,10.416666666666666,5.1020408163265305,HIGH,-0.8766652918899999
Moderate,Closing,Waning Gibbous,CANCER,147,-6.802721088435376,-5.076142131979697,HIGH,0.6474487294408162
Moderate,Positioning,Last Quarter,PISCES,29,13.793103448275865,5.0632911392405076,EXPLORATORY,-0.8884375703517241
Calm,Positioning,Waxing Crescent,LEO,247,6.072874493927127,5.050505050505052,HIGH,-0.49668300060076936
Moderate,Survival,Waning Gibbous,ARIES,150,6.666666666666668,5.000000000000001,HIGH,-0.19159788382960002
Calm,Positioning,Waxing Crescent,SCORPIO,290,5.862068965517242,5.0,HIGH,-0.19149900730551722
Tough,Positioning,Waning Crescent,AQUARIUS,30,13.33333333333333,4.999999999999999,HIGH,-0.4112223336043333
Calm,Open,Waxing Gibbous,GEMINI,332,5.7228915662650595,4.973821989528795,HIGH,-0.2340358857981928
Calm,Closing,Waning Gibbous,LIBRA,51,-9.80392156862745,-4.95049504950495,HIGH,-0.041040699425490164
Calm,Open,Waxing Crescent,ARIES,314,-5.732484076433122,-4.945054945054946,HIGH,0.21188172797305738
Calm,Closing,Waxing Crescent,SAGITTARIUS,214,6.074766355140185,4.924242424242422,HIGH,-0.20851655116401868
Tough,Positioning,Waxing Gibbous,GEMINI,11,-27.27272727272727,-4.918032786885245,WEAK,0.9148199222467273
Calm,Closing,Waning Crescent,AQUARIUS,93,-7.526881720430106,-4.895104895104894,HIGH,0.4611697471634409
Calm,Closing,Waning Gibbous,PISCES,134,6.716417910447764,4.89130434782609,HIGH,-0.13784439019925374
Calm,Open,Waxing Crescent,GEMINI,421,-5.463182897862234,-4.883227176220808,HIGH,0.267859519800475
Calm,Closing,New Moon,CAPRICORN,32,-12.5,-4.878048780487805,HIGH,0.4510072213781251
Moderate,Open,First Quarter,AQUARIUS,32,-12.5,-4.878048780487805,HIGH,0.735031362723125
Moderate,Positioning,Waxing Crescent,ARIES,94,-7.446808510638298,-4.861111111111111,HIGH,0.29640067479404253
Calm,Survival,Full Moon,TAURUS,53,9.433962264150942,4.854368932038835,HIGH,-0.4877097375199999
Tough,Survival,Waning Gibbous,GEMINI,53,9.433962264150942,4.854368932038835,HIGH,-0.6187098990203773
Moderate,Closing,Waning Crescent,TAURUS,74,8.108108108108109,4.838709677419356,HIGH,-0.44195466527972976
Tough,Positioning,New Moon,SCORPIO,12,25.0,4.838709677419355,WEAK,-1.8302670606141664
Tough,Survival,Waxing Crescent,CAPRICORN,12,-25.0,-4.838709677419355,WEAK,0.6898586277025002
Moderate,Positioning,First Quarter,TAURUS,12,25.0,4.838709677419355,WEAK,-0.5050176225866666
Calm,Closing,Last Quarter,LIBRA,12,25.0,4.838709677419355,WEAK,-1.1782212566666665
Calm,Survival,Waning Gibbous,CAPRICORN,157,-6.369426751592355,-4.8309178743961345,HIGH,0.7626736467378981
Calm,Closing,Waning Gibbous,VIRGO,95,-7.36842105263158,-4.827586206896552,HIGH,0.3404377218494737
Calm,Open,Waxing Gibbous,PISCES,324,-5.555555555555555,-4.81283422459893,HIGH,0.18704085835061732
Calm,Closing,First Quarter,SCORPIO,96,7.291666666666666,4.794520547945205,HIGH,-0.05649425311635422
Moderate,Positioning,Waning Gibbous,SCORPIO,139,-6.474820143884894,-4.761904761904763,HIGH,0.27226534123395685
Calm,Positioning,New Moon,VIRGO,56,-8.928571428571427,-4.716981132075471,HIGH,-0.20171860576428585
Moderate,Survival,New Moon,LEO,35,11.428571428571432,4.7058823529411775,HIGH,-0.31744173881873883
Moderate,Survival,Full Moon,ARIES,35,-11.428571428571432,-4.7058823529411775,HIGH,0.2711707618128572
Calm,Positioning,New Moon,GEMINI,78,7.6923076923076925,4.6875,HIGH,-0.10484873671410262
Calm,Positioning,Full Moon,GEMINI,36,11.111111111111112,4.651162790697676,HIGH,-0.951999839411111
Calm,Survival,Waxing Gibbous,CAPRICORN,230,-5.652173913043476,-4.642857142857141,HIGH,0.31274289621143486
Moderate,Open,Waxing Gibbous,PISCES,166,6.024096385542172,4.6296296296296315,HIGH,-0.3436095987879519
Calm,Positioning,Waning Gibbous,LEO,188,5.851063829787234,4.621848739495799,HIGH,-0.8704459448632977
Tough,Open,Waning Gibbous,ARIES,15,20.0,4.615384615384616,EXPLORATORY,-1.9414880860719999
Moderate,Positioning,Full Moon,SCORPIO,15,20.0,4.615384615384616,EXPLORATORY,-0.7426402634800001
Moderate,Closing,Waxing Gibbous,ARIES,80,7.500000000000001,4.615384615384616,HIGH,-0.08006572564212497
Tough,Survival,Waxing Crescent,SAGITTARIUS,15,20.0,4.615384615384616,EXPLORATORY,0.14717725524253342
Calm,Open,Full Moon,SAGITTARIUS,102,-6.8627450980392135,-4.605263157894735,HIGH,0.19304975112745099
Calm,Open,First Quarter,SAGITTARIUS,103,6.796116504854371,4.575163398692812,HIGH,-0.15688781703009708
Moderate,Positioning,Waning Gibbous,CAPRICORN,125,6.400000000000003,4.571428571428574,HIGH,0.05782835831768008
Tough,Positioning,Waxing Crescent,LEO,16,18.75,4.545454545454546,EXPLORATORY,-1.113598750069875
Tough,Positioning,Waxing Crescent,TAURUS,16,-18.75,-4.545454545454546,EXPLORATORY,1.3514770829984375
Moderate,Positioning,Last Quarter,VIRGO,16,18.75,4.545454545454546,EXPLORATORY,-0.8891431984761814
Moderate,Survival,First Quarter,GEMINI,38,10.526315789473683,4.545454545454545,HIGH,-0.316984017971579
Moderate,Survival,Last Quarter,LEO,60,8.333333333333332,4.545454545454544,HIGH,-0.40336153569506317
Calm,Positioning,First Quarter,CAPRICORN,39,-10.256410256410259,-4.494382022471911,HIGH,0.3952380112384617
Moderate,Open,Last Quarter,GEMINI,106,6.6037735849056585,4.487179487179486,HIGH,-0.12051538814471693
Calm,Survival,New Moon,VIRGO,84,-7.142857142857142,-4.477611940298507,HIGH,0.3598716214547619
Calm,Survival,New Moon,AQUARIUS,62,8.064516129032256,4.4642857142857135,HIGH,-0.48719628146129035
Tough,Closing,Waning Crescent,CANCER,40,-10.0,-4.444444444444445,HIGH,0.5818163997125
Calm,Positioning,Waxing Crescent,PISCES,288,5.208333333333331,4.437869822485205,HIGH,-0.2913736734527778
Moderate,Survival,Waxing Gibbous,SCORPIO,221,5.429864253393668,4.428044280442807,HIGH,-0.2050332365175113
Tough,Positioning,Waning Crescent,LIBRA,18,-16.666666666666664,-4.411764705882352,EXPLORATORY,0.12989828642
Moderate,Survival,New Moon,VIRGO,18,16.666666666666664,4.411764705882352,EXPLORATORY,-0.9256013851900001
Calm,Positioning,First Quarter,CANCER,41,9.75609756097561,4.395604395604396,HIGH,-0.46426917326097555
Calm,Positioning,New Moon,TAURUS,41,9.756097560975608,4.395604395604395,HIGH,-0.40795424694146337
Calm,Positioning,Waxing Gibbous,LEO,202,5.445544554455445,4.365079365079365,HIGH,-0.21240700695285156
Moderate,Closing,Waxing Crescent,SCORPIO,134,5.970149253731346,4.347826086956524,HIGH,-0.09209820709097019
Calm,Positioning,Waning Crescent,TAURUS,158,-5.69620253164557,-4.326923076923077,HIGH,-0.33296024919012635
Tough,Positioning,Waxing Gibbous,CANCER,20,-15.0,-4.285714285714286,EXPLORATORY,0.8708423834695997
Moderate,Survival,Waxing Gibbous,TAURUS,137,5.8394160583941614,4.2780748663101615,HIGH,-0.01986186229905094
Moderate,Survival,Last Quarter,GEMINI,67,7.462686567164181,4.273504273504274,HIGH,-0.29434304008149265
Moderate,Open,First Quarter,SAGITTARIUS,44,-9.090909090909093,-4.255319148936172,HIGH,1.0929319981290908
Moderate,Open,Waxing Crescent,SCORPIO,232,5.1724137931034475,4.255319148936169,HIGH,-0.05748574306124997
Calm,Survival,First Quarter,SCORPIO,139,-5.755395683453238,-4.2328042328042335,HIGH,0.32014603994194246
Calm,Open,Full Moon,VIRGO,92,-6.521739130434784,-4.225352112676058,HIGH,0.5777180201913044
Moderate,Open,Waning Gibbous,CANCER,190,-5.263157894736844,-4.166666666666668,HIGH,0.184202064848579
Calm,Positioning,Full Moon,SAGITTARIUS,22,-13.636363636363635,-4.166666666666667,EXPLORATORY,0.717670948931818
Moderate,Open,Waxing Gibbous,SCORPIO,193,5.181347150259066,4.115226337448559,HIGH,0.12412400079616577
Calm,Closing,Full Moon,GEMINI,23,-13.043478260869568,-4.109589041095891,EXPLORATORY,0.5635187353
Tough,Survival,Waning Gibbous,TAURUS,23,13.043478260869568,4.109589041095891,EXPLORATORY,-0.5294757325678262
Moderate,Positioning,Waxing Gibbous,CAPRICORN,96,6.25,4.10958904109589,HIGH,-0.013490355951562524
Moderate,Open,Waxing Crescent,LEO,171,5.263157894736842,4.072398190045249,HIGH,-0.27170166191482964
Moderate,Open,Last Quarter,SAGITTARIUS,73,-6.8493150684931505,-4.065040650406504,HIGH,0.4526311352926027
Calm,Closing,Waxing Crescent,LIBRA,73,6.8493150684931505,4.065040650406504,HIGH,-0.5146639276616438
Tough,Closing,Waning Crescent,TAURUS,24,-12.500000000000004,-4.054054054054055,EXPLORATORY,0.7725591873003333
Calm,Positioning,First Quarter,PISCES,24,-12.500000000000004,-4.054054054054055,EXPLORATORY,0.9505069902500001
Calm,Positioning,Waning Crescent,PISCES,197,-5.076142131979696,-4.048582995951418,HIGH,0.32158506181472074
Moderate,Open,First Quarter,PISCES,50,-8.000000000000002,-4.000000000000001,HIGH,0.15152413335599996
Calm,Positioning,Waxing Crescent,VIRGO,226,-4.867256637168141,-3.9855072463768106,HIGH,0.14572083769823008
Moderate,Positioning,Last Quarter,SCORPIO,26,-11.538461538461537,-3.947368421052631,EXPLORATORY,0.11065168024615381
Moderate,Positioning,Waxing Gibbous,ARIES,77,6.493506493506493,3.9370078740157477,HIGH,-0.32597777337584427
Moderate,Closing,Last Quarter,AQUARIUS,52,-7.6923076923076925,-3.9215686274509802,HIGH,-0.06007964861980766
Calm,Closing,New Moon,ARIES,27,-11.11111111111111,-3.896103896103896,EXPLORATORY,0.5953033747629627
Tough,Positioning,First Quarter,LIBRA,2,-100.0,-3.8461538461538463,WEAK,6.6629031964
Calm,Survival,Waxing Gibbous,VIRGO,211,-4.7393364928909945,-3.8314176245210723,HIGH,0.07414181580094775
Moderate,Closing,Waxing Gibbous,TAURUS,55,-7.272727272727275,-3.809523809523811,HIGH,0.4067920522345455
Calm,Positioning,New Moon,CAPRICORN,56,7.142857142857145,3.7735849056603783,HIGH,0.1646924851155358
Tough,Open,Waning Gibbous,LIBRA,3,-66.66666666666666,-3.773584905660377,WEAK,2.5754398582333335
Moderate,Survival,Waxing Gibbous,LIBRA,83,6.024096385542172,3.7593984962406033,HIGH,-0.48535309305078106
Moderate,Closing,Full Moon,LEO,30,9.999999999999998,3.749999999999999,HIGH,-0.5014930878833332
Calm,Positioning,Waning Crescent,ARIES,165,-4.848484848484846,-3.7209302325581377,HIGH,0.20703968853527274
Moderate,Open,Waxing Gibbous,VIRGO,139,-5.035971223021585,-3.7037037037037055,HIGH,0.24048575302422015
Moderate,Closing,New Moon,ARIES,31,9.677419354838712,3.703703703703704,HIGH,-0.6019171286562741
Calm,Open,Waxing Gibbous,SAGITTARIUS,247,4.453441295546559,3.703703703703704,HIGH,-0.0615591837210526
Calm,Positioning,Waxing Crescent,CANCER,301,4.318936877076412,3.703703703703704,HIGH,-0.12699084420166112
Tough,Positioning,First Quarter,AQUARIUS,4,-50.0,-3.7037037037037033,WEAK,1.414881053875
Tough,Survival,Waning Crescent,AQUARIUS,4,50.0,3.7037037037037033,WEAK,-1.1414314783
Moderate,Closing,First Quarter,PISCES,4,-50.0,-3.7037037037037033,WEAK,2.3454890967999997
Tough,Positioning,Waning Gibbous,TAURUS,4,50.0,3.7037037037037033,WEAK,-2.7918421243
Tough,Positioning,Waning Gibbous,LEO,4,-50.0,-3.7037037037037033,WEAK,1.6410206774400002
Moderate,Closing,Waxing Gibbous,PISCES,85,-5.882352941176469,-3.703703703703703,HIGH,0.48692835955176467
Moderate,Open,Last Quarter,SCORPIO,114,-5.263157894736844,-3.6585365853658547,HIGH,0.26035452142701754
Tough,Positioning,Waning Crescent,ARIES,32,9.375,3.658536585365854,HIGH,-0.7892194109899374
Calm,Positioning,Waxing Crescent,SAGITTARIUS,224,4.464285714285713,3.649635036496349,HIGH,-0.08563791535357139
Calm,Survival,Waxing Crescent,SAGITTARIUS,335,-4.179104477611942,-3.6363636363636376,HIGH,0.04099500854746273
Tough,Positioning,New Moon,VIRGO,5,40.0,3.6363636363636367,WEAK,-1.966256679826
Tough,Positioning,New Moon,SAGITTARIUS,5,40.0,3.6363636363636367,WEAK,-1.6969518549463998
Moderate,Closing,Waxing Gibbous,SAGITTARIUS,60,6.666666666666665,3.6363636363636354,HIGH,-0.4263627393353333
Calm,Open,Waxing Crescent,LIBRA,116,-5.1724137931034475,-3.614457831325301,HIGH,0.3174252446827586
Tough,Positioning,New Moon,AQUARIUS,6,33.333333333333336,3.5714285714285716,WEAK,-1.7503886312816668
Tough,Positioning,Waxing Crescent,SCORPIO,34,8.823529411764705,3.571428571428571,HIGH,-0.49019607802911774
Tough,Open,Waxing Crescent,VIRGO,6,33.33333333333333,3.5714285714285707,WEAK,-0.3144628962383333
Tough,Survival,Waxing Crescent,LIBRA,6,-33.33333333333333,-3.5714285714285707,WEAK,1.8568474032683333
Tough,Positioning,First Quarter,SCORPIO,6,-33.33333333333333,-3.5714285714285707,WEAK,1.2210970387666669
Moderate,Positioning,Last Quarter,LIBRA,6,33.33333333333333,3.5714285714285707,WEAK,-0.650407899185
Calm,Closing,Waning Crescent,VIRGO,148,-4.729729729729729,-3.535353535353535,HIGH,-0.08536795441824326
Tough,Open,Waxing Crescent,CAPRICORN,7,28.57142857142857,3.5087719298245608,WEAK,-0.7858345536242858
Tough,Positioning,Waxing Gibbous,SAGITTARIUS,7,-28.57142857142857,-3.5087719298245608,WEAK,1.408859656939143
Tough,Survival,Waxing Gibbous,PISCES,7,-28.57142857142857,-3.5087719298245608,WEAK,2.0083101776314285
Calm,Closing,Last Quarter,LEO,65,-6.153846153846154,-3.4782608695652173,HIGH,0.1256900301338461
Calm,Closing,Waxing Crescent,SCORPIO,267,4.11985018726592,3.4700315457413264,HIGH,-0.22077427709325842
Tough,Closing,Waning Gibbous,CAPRICORN,8,25.0,3.4482758620689653,WEAK,-0.3857826611525001
Tough,Positioning,First Quarter,CANCER,8,-25.0,-3.4482758620689653,WEAK,1.6993996043565
Tough,Positioning,Waning Gibbous,VIRGO,8,-25.0,-3.4482758620689653,WEAK,0.6932439019024998
Tough,Survival,Waning Crescent,VIRGO,8,-25.0,-3.4482758620689653,WEAK,2.5321227727
Tough,Open,Waxing Crescent,AQUARIUS,8,25.0,3.4482758620689653,WEAK,-0.574858937965
Tough,Positioning,Waning Gibbous,CAPRICORN,8,-25.0,-3.4482758620689653,WEAK,0.6142173388475
Tough,Open,Waxing Crescent,SAGITTARIUS,8,25.0,3.4482758620689653,WEAK,-0.7924008501290001
Tough,Positioning,Waxing Crescent,LIBRA,8,25.0,3.4482758620689653,WEAK,-0.5601551274475
Moderate,Closing,Waxing Gibbous,CANCER,95,-5.263157894736842,-3.448275862068965,HIGH,0.2649650910486314
Calm,Closing,Waning Crescent,SAGITTARIUS,125,-4.800000000000002,-3.4285714285714297,HIGH,0.2567148463104001
Moderate,Closing,Waxing Gibbous,VIRGO,67,5.970149253731344,3.4188034188034186,HIGH,0.029573400313432717
Moderate,Open,Waning Gibbous,SAGITTARIUS,184,-4.3478260869565215,-3.4188034188034186,HIGH,0.3539213071389674
Moderate,Closing,New Moon,CANCER,38,-7.894736842105263,-3.409090909090909,HIGH,0.4089263320992104
Moderate,Open,First Quarter,LEO,68,-5.882352941176472,-3.389830508474577,HIGH,0.745898786135294
Calm,Survival,New Moon,TAURUS,68,5.882352941176472,3.389830508474577,HIGH,-0.11188699364647052
Calm,Open,New Moon,SAGITTARIUS,127,4.724409448818897,3.389830508474576,HIGH,-0.211909485143307
Calm,Closing,Last Quarter,AQUARIUS,39,7.6923076923076925,3.370786516853933,HIGH,-0.17886022805128207
Moderate,Positioning,Waxing Gibbous,PISCES,99,-5.05050505050505,-3.3557046979865772,HIGH,0.03635044623535344
Calm,Survival,First Quarter,CAPRICORN,130,-4.615384615384616,-3.3333333333333335,HIGH,0.22374252455476917
Tough,Positioning,First Quarter,LEO,10,-20.0,-3.333333333333333,WEAK,0.9746115769580002
Calm,Survival,First Quarter,LIBRA,70,5.7142857142857135,3.333333333333333,HIGH,-0.25250512960000004
Moderate,Positioning,First Quarter,ARIES,10,20.0,3.333333333333333,WEAK,-0.01841083682000002
Calm,Positioning,Waxing Gibbous,LIBRA,70,-5.7142857142857135,-3.333333333333333,HIGH,0.11113565929542864
Tough,Positioning,Waning Gibbous,LIBRA,10,-20.0,-3.333333333333333,WEAK,-0.1676328976319999
Calm,Positioning,Waxing Gibbous,ARIES,190,-4.210526315789473,-3.333333333333332,HIGH,0.09096003520784214
Moderate,Survival,Full Moon,PISCES,40,7.499999999999998,3.333333333333332,HIGH,-1.0507341078674997
Calm,Survival,Waxing Gibbous,TAURUS,162,-4.320987654320985,-3.301886792452828,HIGH,-0.26725316687506157
Calm,Closing,First Quarter,LIBRA,41,7.3170731707317085,3.2967032967032974,HIGH,-0.42541236000000016
Calm,Open,Waxing Gibbous,LEO,285,-3.8596491228070184,-3.2835820895522394,HIGH,0.22944729656290525
Moderate,Open,Last Quarter,TAURUS,72,-5.555555555555553,-3.2786885245901622,HIGH,0.5755958372936111
Moderate,Closing,Last Quarter,LEO,42,-7.142857142857145,-3.260869565217392,HIGH,0.1376742844248605
Calm,Open,Waxing Crescent,CAPRICORN,319,-3.7617554858934197,-3.252032520325206,HIGH,0.4165751081243261
Calm,Closing,Waning Crescent,SCORPIO,196,-4.081632653061224,-3.2520325203252027,HIGH,0.34597772999438775
Tough,Positioning,Waning Gibbous,GEMINI,12,16.666666666666664,3.2258064516129026,WEAK,-0.2345710650995001
Tough,Survival,Waning Crescent,TAURUS,12,-16.666666666666664,-3.2258064516129026,WEAK,0.845298005035
Calm,Closing,First Quarter,AQUARIUS,75,-5.333333333333331,-3.199999999999999,HIGH,-0.12836342697066663
Calm,Positioning,Last Quarter,LIBRA,13,-15.384615384615385,-3.1746031746031744,WEAK,0.5132645866076924
Tough,Positioning,Waning Gibbous,SAGITTARIUS,14,-14.285714285714285,-3.125,WEAK,-0.08695698097571422
Calm,Positioning,Full Moon,TAURUS,14,-14.285714285714285,-3.125,WEAK,0.8456898431714287
Tough,Survival,Waning Crescent,SCORPIO,14,-14.285714285714285,-3.125,WEAK,0.19178235066142854
Moderate,Open,Waning Gibbous,ARIES,175,-3.9999999999999982,-3.11111111111111,HIGH,0.41274492102080007
Calm,Open,New Moon,TAURUS,111,4.504504504504506,3.1055900621118018,HIGH,-0.32622853055405393
Moderate,Closing,Last Quarter,ARIES,47,6.382978723404259,3.0927835051546406,HIGH,0.07987605952595754
Calm,Closing,New Moon,SCORPIO,47,6.382978723404253,3.0927835051546384,HIGH,-0.2737923632106383
Moderate,Survival,First Quarter,PISCES,47,6.382978723404253,3.0927835051546384,HIGH,-1.1667529802319145
Moderate,Survival,Waxing Crescent,CANCER,209,3.8277511961722466,3.088803088803087,HIGH,-0.28479558597971294
Calm,Survival,Last Quarter,TAURUS,15,13.333333333333336,3.0769230769230775,EXPLORATORY,-0.926333734513333
Calm,Positioning,Full Moon,AQUARIUS,15,-13.33333333333333,-3.076923076923076,EXPLORATORY,1.2554931917400003
Calm,Survival,Last Quarter,SCORPIO,48,6.250000000000003,3.0612244897959195,HIGH,-0.34393622992916667
Moderate,Closing,Last Quarter,SCORPIO,48,-6.25,-3.061224489795918,HIGH,0.049291018877083294
Calm,Survival,Full Moon,GEMINI,114,4.385964912280701,3.0487804878048776,HIGH,0.16674679255877198
Calm,Closing,Full Moon,AQUARIUS,16,12.5,3.0303030303030303,EXPLORATORY,-0.41614697740625006
Tough,Survival,Waxing Crescent,CANCER,16,-12.5,-3.0303030303030303,EXPLORATORY,0.8496400802418749
Calm,Positioning,Waxing Gibbous,VIRGO,183,-3.825136612021857,-3.004291845493561,HIGH,0.1614521834043716
Moderate,Closing,Waxing Crescent,LIBRA,50,6.0,3.0,HIGH,-0.13409523951860003
Moderate,Closing,Waning Gibbous,TAURUS,84,-4.761904761904762,-2.985074626865672,HIGH,0.22943751144761912
Tough,Open,Waxing Crescent,ARIES,17,11.76470588235294,2.9850746268656714,EXPLORATORY,-0.2466875944358824
Calm,Positioning,Full Moon,CAPRICORN,17,-11.764705882352938,-2.985074626865671,EXPLORATORY,0.8043186966941176
Calm,Open,Full Moon,CAPRICORN,85,-4.705882352941177,-2.9629629629629632,HIGH,0.5621440471165884
Moderate,Positioning,Full Moon,ARIES,18,11.11111111111111,2.941176470588235,EXPLORATORY,-0.13792385320000008
Moderate,Positioning,Last Quarter,SAGITTARIUS,18,11.11111111111111,2.941176470588235,EXPLORATORY,-1.2702562336055554
Tough,Open,Waning Gibbous,LEO,18,11.11111111111111,2.941176470588235,EXPLORATORY,-0.7679104977727778
Calm,Survival,Last Quarter,CANCER,52,-5.769230769230768,-2.9411764705882346,HIGH,0.20206307996192308
Calm,Positioning,Waxing Gibbous,GEMINI,258,-3.4883720930232567,-2.9220779220779227,HIGH,0.20525006063914727
Moderate,Positioning,Last Quarter,ARIES,19,-10.526315789473683,-2.8985507246376807,EXPLORATORY,-0.38834327479789466
Tough,Open,Waning Gibbous,CANCER,19,-10.526315789473683,-2.8985507246376807,EXPLORATORY,0.8225185655396842
Calm,Positioning,Full Moon,ARIES,19,-10.526315789473683,-2.8985507246376807,EXPLORATORY,0.5267625409473685
Tough,Open,Waxing Crescent,SCORPIO,19,10.526315789473683,2.8985507246376807,EXPLORATORY,-0.3118462309053685
Tough,Open,Waxing Gibbous,LEO,54,-5.555555555555555,-2.8846153846153846,HIGH,-0.03418954185851843
Calm,Open,First Quarter,GEMINI,161,-3.726708074534163,-2.8436018957345985,HIGH,0.22716763074596286
Calm,Survival,Waxing Crescent,SCORPIO,408,3.1862745098039214,2.838427947598253,HIGH,-0.12788827472083333
Calm,Open,First Quarter,ARIES,127,3.9370078740157464,2.8248587570621457,HIGH,-0.23582361854999995
Calm,Closing,Waning Gibbous,LEO,127,3.9370078740157464,2.8248587570621457,HIGH,-0.13228699377952763
Moderate,Open,Last Quarter,PISCES,92,-4.3478260869565215,-2.816901408450704,HIGH,0.27302531145282616
Moderate,Survival,First Quarter,TAURUS,21,9.523809523809524,2.816901408450704,EXPLORATORY,-0.4521793987033331
Calm,Open,Waning Crescent,AQUARIUS,238,-3.361344537815128,-2.777777777777779,HIGH,0.5132957339088235
Moderate,Open,Full Moon,ARIES,94,-4.255319148936171,-2.7777777777777786,HIGH,0.6042768379956382
Moderate,Open,Waxing Gibbous,AQUARIUS,130,3.8461538461538463,2.7777777777777777,HIGH,-0.15312177093276916
Calm,Survival,Last Quarter,LIBRA,22,-9.090909090909088,-2.7777777777777772,EXPLORATORY,0.8359713398909091
Moderate,Open,Full Moon,SAGITTARIUS,95,-4.210526315789473,-2.7586206896551717,HIGH,0.5235322642482105
Calm,Open,Waxing Gibbous,CANCER,313,-3.1948881789137378,-2.7548209366391183,HIGH,0.05789723587571888
Calm,Positioning,New Moon,ARIES,61,4.918032786885246,2.702702702702703,HIGH,-0.3166075577339345
Tough,Survival,Waning Crescent,GEMINI,24,-8.333333333333334,-2.702702702702703,EXPLORATORY,0.5712847115703333
Tough,Positioning,Waxing Crescent,CAPRICORN,24,-8.333333333333332,-2.7027027027027026,EXPLORATORY,-0.19021057978541664
Calm,Survival,Waxing Crescent,GEMINI,436,-2.9816513761467878,-2.674897119341563,HIGH,-0.1952642214137615
Moderate,Closing,New Moon,CAPRICORN,25,-8.000000000000002,-2.666666666666667,EXPLORATORY,1.671810389856
Calm,Survival,Full Moon,SCORPIO,100,-3.9999999999999982,-2.666666666666665,HIGH,0.26882230212329994
Calm,Positioning,Full Moon,LEO,26,-7.6923076923076925,-2.6315789473684212,EXPLORATORY,0.45749801706538473
Calm,Positioning,New Moon,CANCER,64,4.6875,2.631578947368421,HIGH,-0.2238093733875
Moderate,Positioning,Waxing Gibbous,AQUARIUS,64,-4.6875,-2.631578947368421,HIGH,0.4509916665125002
Calm,Positioning,Waning Crescent,LEO,217,-3.2258064516129004,-2.621722846441945,HIGH,0.25860678228709677
Moderate,Open,Waning Gibbous,GEMINI,219,3.1963470319634704,2.6022304832713754,HIGH,0.010467056665890385
Tough,Positioning,Waxing Crescent,GEMINI,27,-7.4074074074074066,-2.597402597402597,EXPLORATORY,0.4426461718696296
Calm,Positioning,First Quarter,AQUARIUS,27,7.4074074074074066,2.597402597402597,EXPLORATORY,0.02415801632222225
Calm,Positioning,First Quarter,ARIES,28,7.142857142857145,2.5641025641025648,EXPLORATORY,-0.06619832973821428
Calm,Closing,Waxing Crescent,VIRGO,187,-3.208556149732622,-2.5316455696202547,HIGH,0.22967947969037425
Calm,Positioning,First Quarter,SAGITTARIUS,29,6.896551724137931,2.531645569620253,EXPLORATORY,-0.40973733076896557
Moderate,Closing,Waning Gibbous,LEO,148,3.378378378378377,2.5252525252525246,HIGH,0.09650016783832481
Moderate,Open,Last Quarter,VIRGO,70,-4.285714285714287,-2.5000000000000013,HIGH,0.3026052403463328
Calm,Positioning,Waning Crescent,VIRGO,190,-3.1578947368421066,-2.500000000000001,HIGH,0.13558572524157889
Calm,Survival,Full Moon,ARIES,111,-3.603603603603606,-2.4844720496894426,HIGH,0.41188013105090093
Tough,Open,Waxing Gibbous,VIRGO,31,6.451612903225806,2.4691358024691357,HIGH,-0.5815950354970967
Tough,Closing,Waning Crescent,ARIES,31,6.451612903225806,2.4691358024691357,HIGH,0.2589024245148387
Calm,Closing,First Quarter,SAGITTARIUS,74,4.054054054054052,2.419354838709676,HIGH,-0.13915219541621626
Calm,Closing,Full Moon,SCORPIO,33,-6.0606060606060606,-2.4096385542168677,HIGH,0.38021422961818185
Moderate,Survival,First Quarter,SCORPIO,33,-6.0606060606060606,-2.4096385542168677,HIGH,0.11930070980939396
Moderate,Open,Full Moon,LIBRA,33,-6.0606060606060606,-2.4096385542168677,HIGH,0.311225319850909
Tough,Positioning,Waning Crescent,CAPRICORN,33,6.0606060606060606,2.4096385542168677,HIGH,-0.1338125239015151
Calm,Closing,Waning Crescent,TAURUS,118,-3.3898305084745757,-2.3809523809523805,HIGH,0.12057580786033907
Calm,Positioning,Waxing Gibbous,SAGITTARIUS,204,-2.941176470588236,-2.3622047244094495,HIGH,0.20134722673235295
Moderate,Closing,Waning Gibbous,ARIES,120,-3.3333333333333326,-2.352941176470588,HIGH,0.3785759109608333
Calm,Closing,First Quarter,GEMINI,120,-3.3333333333333326,-2.352941176470588,HIGH,0.30519134340500004
Moderate,Open,Waxing Gibbous,LEO,164,3.0487804878048808,2.336448598130843,HIGH,0.17220314394697858
Moderate,Survival,Full Moon,LEO,36,5.555555555555553,2.325581395348836,HIGH,-0.12720212431944442
Calm,Positioning,Waxing Gibbous,SCORPIO,211,-2.843601895734599,-2.2988505747126453,HIGH,0.10368259525938386
Calm,Closing,Last Quarter,SAGITTARIUS,37,-5.405405405405405,-2.2988505747126435,HIGH,0.26349832065945933
Moderate,Open,Waning Gibbous,LIBRA,81,-3.7037037037037033,-2.2900763358778624,HIGH,-0.1799280690926065
Moderate,Survival,Waning Gibbous,TAURUS,81,-3.7037037037037033,-2.2900763358778624,HIGH,0.2075137264061729
Calm,Open,Last Quarter,GEMINI,82,3.6585365853658542,2.272727272727273,HIGH,-0.37079980491951214
Moderate,Survival,Waxing Crescent,ARIES,170,-2.94117647058823,-2.272727272727269,HIGH,0.10823159547291472
Calm,Positioning,Waning Gibbous,SCORPIO,215,-2.7906976744186074,-2.2641509433962286,HIGH,0.3454112380610697
Calm,Closing,Waxing Gibbous,CANCER,221,2.714932126696834,2.2140221402214033,HIGH,-0.14201239807692312
Calm,Survival,Waxing Gibbous,AQUARIUS,180,-2.7777777777777732,-2.173913043478257,HIGH,-0.16758104146388897
Moderate,Open,Waxing Gibbous,CANCER,183,2.7322404371584676,2.145922746781114,HIGH,-0.17249872083934428
Calm,Open,Waxing Gibbous,TAURUS,184,2.7173913043478217,2.136752136752133,HIGH,-0.14706309254347816
Calm,Closing,Last Quarter,CANCER,44,-4.545454545454544,-2.1276595744680846,HIGH,6.528082045448302e-05
Moderate,Survival,Last Quarter,SAGITTARIUS,46,4.347826086956524,2.0833333333333344,HIGH,-0.15092627347652182
Calm,Positioning,Last Quarter,CAPRICORN,46,-4.3478260869565215,-2.0833333333333335,HIGH,0.13743142198478264
Calm,Closing,Last Quarter,VIRGO,47,-4.255319148936171,-2.061855670103093,HIGH,-0.0013712574170212939
Calm,Open,New Moon,GEMINI,193,2.590673575129532,2.0576131687242785,HIGH,-0.1941057047854922
Moderate,Open,Last Quarter,LEO,97,-3.0927835051546393,-2.0408163265306123,HIGH,0.07610415257010299
Calm,Open,Waxing Gibbous,VIRGO,246,-2.4390243902439046,-2.0270270270270285,HIGH,-0.05379431312479678
Moderate,Open,Full Moon,TAURUS,50,-4.000000000000001,-2.0000000000000004,HIGH,0.2344690042560001
Calm,Positioning,Last Quarter,GEMINI,51,-3.9215686274509802,-1.9801980198019802,HIGH,-0.08700750930392159
Calm,Positioning,Waxing Crescent,CAPRICORN,255,2.352941176470591,1.9672131147541008,HIGH,0.15374364462725493
Moderate,Survival,Waxing Gibbous,VIRGO,154,-2.5974025974025983,-1.9607843137254908,HIGH,0.3025544476080734
Calm,Open,Last Quarter,TAURUS,52,3.8461538461538463,1.9607843137254901,HIGH,-0.07333257580076921
Calm,Open,Waxing Gibbous,CAPRICORN,262,2.2900763358778606,1.9230769230769216,HIGH,0.006286268285725251
Moderate,Survival,Waxing Crescent,SAGITTARIUS,158,-2.53164556962025,-1.9230769230769205,HIGH,0.44975716771968355
Calm,Survival,Waxing Crescent,ARIES,374,2.1390374331550803,1.8867924528301887,HIGH,-0.10870566591371657
Moderate,Closing,First Quarter,LEO,3,-33.33333333333333,-1.8867924528301885,WEAK,2.100770998033333
Tough,Survival,Waxing Gibbous,LIBRA,3,-33.33333333333333,-1.8867924528301885,WEAK,2.277253193266666
Tough,Survival,Waxing Gibbous,SCORPIO,3,-33.33333333333333,-1.8867924528301885,WEAK,4.985749183756666
Moderate,Closing,First Quarter,TAURUS,3,33.33333333333333,1.8867924528301885,WEAK,-2.468710693233333
Moderate,Open,Waning Gibbous,VIRGO,163,2.4539877300613524,1.8779342723004717,HIGH,0.10530521611565705
Moderate,Open,First Quarter,CAPRICORN,58,3.448275862068967,1.851851851851853,HIGH,-0.9603155125103447
Calm,Open,New Moon,AQUARIUS,112,2.67857142857143,1.8518518518518527,HIGH,0.11411585261874994
Moderate,Closing,First Quarter,VIRGO,4,-25.0,-1.8518518518518516,WEAK,1.2386036005999999
Calm,Closing,Waxing Gibbous,SCORPIO,220,2.2727272727272707,1.85185185185185,HIGH,-0.05599141327045457
Calm,Open,Full Moon,CANCER,113,-2.654867256637167,-1.8404907975460114,HIGH,-0.1407561623460177
Moderate,Open,Waning Gibbous,LEO,170,-2.352941176470591,-1.8181818181818203,HIGH,0.4093079134886369
Moderate,Positioning,Full Moon,LIBRA,5,20.0,1.8181818181818183,WEAK,-1.132200782606
Calm,Survival,Full Moon,PISCES,116,2.5862068965517238,1.8072289156626504,HIGH,-0.181019113362931
Tough,Open,Waxing Crescent,LIBRA,6,16.666666666666668,1.7857142857142858,WEAK,-0.13119700901166664
Tough,Survival,Waxing Gibbous,VIRGO,6,-16.666666666666664,-1.7857142857142854,WEAK,1.4639340490116666
Tough,Open,Waning Gibbous,TAURUS,7,14.285714285714285,1.7543859649122804,WEAK,-0.49663045301571423
Moderate,Positioning,First Quarter,VIRGO,7,14.285714285714285,1.7543859649122804,WEAK,-0.17449542807142887
Calm,Closing,Last Quarter,GEMINI,65,-3.076923076923077,-1.7391304347826086,HIGH,-0.07510527072153847
Tough,Positioning,Waxing Crescent,AQUARIUS,8,12.5,1.7241379310344827,WEAK,-0.9249576086737499
Tough,Survival,Waxing Crescent,TAURUS,8,12.5,1.7241379310344827,WEAK,-0.960426242881125
Moderate,Positioning,Waning Gibbous,PISCES,126,2.380952380952381,1.7045454545454546,HIGH,-0.10514900001190482
Tough,Open,Waxing Crescent,LEO,9,-11.11111111111111,-1.6949152542372883,WEAK,0.5231648442433334
Moderate,Closing,New Moon,LIBRA,9,11.11111111111111,1.6949152542372883,WEAK,-0.14350342756888881
Calm,Open,New Moon,CANCER,188,-2.1276595744680824,-1.6806722689075608,HIGH,-0.0552077215574468
Moderate,Survival,Waxing Gibbous,GEMINI,248,2.0161290322580685,1.677852348993292,HIGH,-0.1041851664431856
Tough,Open,Waxing Gibbous,LIBRA,10,10.000000000000004,1.6666666666666672,WEAK,0.02928854887800003
Moderate,Positioning,Last Quarter,TAURUS,10,10.0,1.6666666666666665,WEAK,-0.07371954367999997
Tough,Open,Waxing Crescent,GEMINI,10,9.999999999999998,1.6666666666666663,WEAK,-0.4743636292066
Calm,Survival,Waxing Crescent,AQUARIUS,255,1.9607843137254917,1.6393442622950833,HIGH,-0.2579879174878431
Calm,Closing,Full Moon,LIBRA,11,-9.090909090909092,-1.6393442622950822,WEAK,0.5239592463
Tough,Open,Waning Gibbous,VIRGO,11,9.090909090909088,1.6393442622950816,WEAK,-0.41096875025636365
Calm,Survival,New Moon,SAGITTARIUS,73,2.73972602739726,1.6260162601626016,HIGH,-0.9818819731575344
Calm,Closing,New Moon,LIBRA,12,8.333333333333332,1.6129032258064513,WEAK,0.23828542643333342
Tough,Positioning,Waxing Crescent,VIRGO,13,-7.6923076923076925,-1.5873015873015872,WEAK,0.7563710461676922
Tough,Positioning,Waxing Gibbous,TAURUS,13,7.6923076923076925,1.5873015873015872,WEAK,-0.9301552766187692
Tough,Survival,Waxing Crescent,AQUARIUS,13,7.6923076923076925,1.5873015873015872,WEAK,0.26198681194692314
Moderate,Positioning,First Quarter,PISCES,14,7.14285714285714,1.5624999999999993,WEAK,-0.45037332670000013
Moderate,Positioning,Waxing Gibbous,VIRGO,80,-2.500000000000002,-1.5384615384615399,HIGH,0.035619128834527516
Tough,Positioning,Waning Crescent,TAURUS,15,-6.666666666666668,-1.5384615384615388,EXPLORATORY,0.5335046763524001
Moderate,Closing,New Moon,AQUARIUS,15,6.666666666666665,1.538461538461538,EXPLORATORY,0.004602191866666683
Tough,Open,Waning Gibbous,SCORPIO,15,-6.666666666666665,-1.538461538461538,EXPLORATORY,0.6709309818168
Moderate,Positioning,First Quarter,SCORPIO,16,6.25,1.5151515151515151,EXPLORATORY,0.23136459643937501
Calm,Survival,Full Moon,CAPRICORN,82,-2.439024390243902,-1.515151515151515,HIGH,0.09757731085170732
Calm,Open,Waxing Gibbous,ARIES,281,-1.779359430604985,-1.5105740181268905,HIGH,-0.05868627208647684
Calm,Open,Waxing Gibbous,AQUARIUS,215,1.8604651162790697,1.509433962264151,HIGH,0.1020481705148837
Calm,Closing,Waning Gibbous,SCORPIO,152,-1.9736842105263164,-1.4851485148514856,HIGH,0.21772775722671053
Moderate,Open,Waxing Crescent,VIRGO,153,1.9607843137254917,1.477832512315272,HIGH,-0.15220922823103925
Tough,Positioning,Waxing Crescent,PISCES,18,-5.555555555555555,-1.4705882352941175,EXPLORATORY,0.7928097816999999
Moderate,Survival,Full Moon,LIBRA,18,5.555555555555553,1.4705882352941169,EXPLORATORY,0.18023654501499997
Moderate,Closing,Full Moon,VIRGO,19,-5.263157894736842,-1.4492753623188404,EXPLORATORY,0.4774648319157895
Moderate,Closing,Last Quarter,LIBRA,20,-5.000000000000002,-1.428571428571429,EXPLORATORY,0.2772747712311291
Tough,Survival,Waxing Crescent,GEMINI,20,4.999999999999999,1.4285714285714282,EXPLORATORY,-0.2641310035504
Tough,Open,Waning Gibbous,GEMINI,20,-4.999999999999999,-1.4285714285714282,EXPLORATORY,0.22907954077249987
Calm,Closing,Waning Gibbous,TAURUS,92,-2.1739130434782594,-1.4084507042253511,HIGH,-0.1433617005558696
Moderate,Survival,Waxing Crescent,CAPRICORN,164,1.8292682926829258,1.4018691588785037,HIGH,-0.28544562737286594
Calm,Positioning,Full Moon,VIRGO,22,4.545454545454544,1.3888888888888886,EXPLORATORY,0.36869143353636374
Moderate,Positioning,Last Quarter,AQUARIUS,22,4.545454545454544,1.3888888888888886,EXPLORATORY,0.2814067117713636
Calm,Survival,Waxing Crescent,VIRGO,315,1.5873015873015872,1.36986301369863,HIGH,-0.35161219852857156
Moderate,Closing,Full Moon,SCORPIO,23,-4.3478260869565215,-1.36986301369863,EXPLORATORY,0.20969538476956515
Moderate,Closing,New Moon,VIRGO,24,-4.166666666666669,-1.3513513513513522,EXPLORATORY,0.1445967372375915
Calm,Closing,Full Moon,SAGITTARIUS,24,-4.166666666666666,-1.3513513513513513,EXPLORATORY,0.55386454695
Calm,Closing,Waxing Gibbous,VIRGO,174,-1.7241379310344835,-1.3392857142857149,HIGH,0.2928975278373563
Calm,Positioning,Waxing Crescent,TAURUS,176,-1.704545454545453,-1.3274336283185828,HIGH,0.2252053459244319
Calm,Positioning,First Quarter,TAURUS,26,-3.8461538461538436,-1.3157894736842097,EXPLORATORY,0.14314991916923075
Moderate,Closing,Waxing Gibbous,GEMINI,102,1.9607843137254888,1.3157894736842095,HIGH,0.6645319610308823
Moderate,Positioning,Waning Crescent,GEMINI,103,-1.9417475728155331,-1.3071895424836597,HIGH,0.281857707027767
Moderate,Positioning,Last Quarter,CAPRICORN,27,3.7037037037037033,1.2987012987012985,EXPLORATORY,-0.3183364068896296
Moderate,Closing,New Moon,LEO,27,-3.7037037037037033,-1.2987012987012985,EXPLORATORY,0.5437656086407406
Calm,Closing,Waxing Gibbous,CAPRICORN,183,1.6393442622950811,1.287553648068669,HIGH,0.10365849141158473
Calm,Positioning,First Quarter,VIRGO,28,-3.5714285714285756,-1.2820512820512835,EXPLORATORY,0.04283887103928558
Moderate,Survival,First Quarter,SAGITTARIUS,28,3.57142857142857,1.2820512820512815,EXPLORATORY,0.04887408306357133
Calm,Open,New Moon,LEO,184,1.6304347826086945,1.282051282051281,HIGH,0.0002575080869565125
Moderate,Positioning,Last Quarter,GEMINI,29,3.448275862068964,1.265822784810126,EXPLORATORY,0.5436931039489656
Calm,Positioning,Last Quarter,TAURUS,30,3.3333333333333326,1.2499999999999998,HIGH,-0.17335911656466668
Tough,Open,Waxing Gibbous,TAURUS,31,3.225806451612903,1.2345679012345678,HIGH,-0.09501565971996782
Moderate,Open,Waning Gibbous,TAURUS,113,1.7699115044247788,1.2269938650306749,HIGH,0.04501224670088502
Calm,Survival,Full Moon,CANCER,114,-1.7543859649122806,-1.219512195121951,HIGH,0.14574733349035085
Calm,Open,Full Moon,ARIES,115,1.739130434782607,1.212121212121211,HIGH,-0.27954423009747825
Calm,Survival,Last Quarter,CAPRICORN,35,-2.857142857142858,-1.1764705882352944,HIGH,0.24488786082485714
Tough,Closing,Waning Crescent,GEMINI,37,2.7027027027027026,1.1494252873563218,HIGH,-0.13404903501351353
Moderate,Positioning,Waning Gibbous,LIBRA,37,2.7027027027027026,1.1494252873563218,HIGH,-0.29214759901614645
Moderate,Closing,Waning Crescent,CANCER,125,-1.6000000000000014,-1.142857142857144,HIGH,-0.2356402682427201
Moderate,Positioning,Waning Gibbous,CANCER,126,1.5873015873015872,1.1363636363636362,HIGH,-0.15254267707222233
Tough,Survival,Waning Gibbous,AQUARIUS,39,2.564102564102566,1.1235955056179785,HIGH,-0.19869209988358977
Tough,Open,Waxing Gibbous,ARIES,40,2.4999999999999996,1.111111111111111,HIGH,0.11754722174024998
Moderate,Survival,Last Quarter,AQUARIUS,42,2.3809523809523836,1.0869565217391315,HIGH,0.10076035448500005
Calm,Positioning,First Quarter,LEO,43,2.325581395348836,1.0752688172043006,HIGH,-0.21328543089767443
Calm,Closing,Last Quarter,CAPRICORN,44,-2.272727272727272,-1.0638297872340423,HIGH,0.06605326178954546
Moderate,Closing,Last Quarter,SAGITTARIUS,44,2.2727272727272707,1.0638297872340416,HIGH,0.20712949618181817
Calm,Open,New Moon,CAPRICORN,138,1.4492753623188386,1.063829787234041,HIGH,0.25910979371594206
Calm,Positioning,Waxing Gibbous,TAURUS,140,-1.428571428571429,-1.0526315789473688,HIGH,-0.003379632814999946
Moderate,Closing,Last Quarter,PISCES,46,2.1739130434782594,1.041666666666666,HIGH,-0.5834668130108696
Calm,Survival,Last Quarter,ARIES,48,2.0833333333333313,1.020408163265305,HIGH,0.4044894005122918
Moderate,Open,Waxing Gibbous,CAPRICORN,147,-1.3605442176870763,-1.0152284263959401,HIGH,0.31336377123346926
Calm,Closing,New Moon,PISCES,49,-2.040816326530612,-1.01010101010101,HIGH,0.5040111083918367
Moderate,Open,Last Quarter,AQUARIUS,50,2.0000000000000018,1.0000000000000009,HIGH,-0.3773260225806
Calm,Survival,First Quarter,CANCER,150,-1.3333333333333335,-1.0,HIGH,0.04941859742200004
Calm,Survival,Last Quarter,GEMINI,55,-1.8181818181818188,-0.9523809523809528,HIGH,-0.03669909493636361
Calm,Closing,New Moon,CANCER,56,1.785714285714285,0.9433962264150939,HIGH,0.6545525385750001
Moderate,Survival,Waxing Gibbous,SAGITTARIUS,164,1.2195121951219523,0.9345794392523372,HIGH,-0.11537933034768287
Moderate,Open,Waxing Crescent,CAPRICORN,168,1.1904761904761918,0.9174311926605515,HIGH,0.07864545116994053
Calm,Positioning,Waning Gibbous,PISCES,172,-1.1627906976744207,-0.9009009009009025,HIGH,0.157822604966279
Moderate,Positioning,Waning Gibbous,TAURUS,63,1.5873015873015872,0.8849557522123893,HIGH,-0.032380598607936434
Moderate,Survival,Last Quarter,PISCES,66,1.5151515151515138,0.8620689655172407,HIGH,-0.1821537902203031
Calm,Open,Last Quarter,LEO,70,1.428571428571429,0.8333333333333337,HIGH,-0.246607379
Calm,Positioning,Waxing Crescent,GEMINI,312,-0.9615384615384609,-0.8287292817679552,HIGH,-0.03348725655673078
Moderate,Positioning,Waxing Gibbous,SAGITTARIUS,73,-1.36986301369863,-0.8130081300813008,HIGH,0.24430890796136998
Calm,Survival,New Moon,CAPRICORN,76,-1.315789473684209,-0.7936507936507927,HIGH,0.19256100488473676
Calm,Positioning,New Moon,LEO,76,-1.315789473684209,-0.7936507936507927,HIGH,0.2499295986578948
Moderate,Survival,Waxing Gibbous,PISCES,204,0.9803921568627416,0.7874015748031469,HIGH,-0.2249058673691178
Moderate,Open,Full Moon,CAPRICORN,78,1.282051282051283,0.7812500000000006,HIGH,0.2574563698826922
Moderate,Closing,Waning Crescent,AQUARIUS,79,-1.2658227848101222,-0.7751937984496097,HIGH,-0.06905464762898733
Calm,Open,First Quarter,TAURUS,82,1.2195121951219523,0.7575757575757582,HIGH,-0.4211496683836587
Moderate,Open,Full Moon,PISCES,89,-1.1235955056179747,-0.7194244604316529,HIGH,0.04818026922808985
Calm,Survival,Waxing Crescent,TAURUS,235,-0.8510638297872325,-0.701754385964911,HIGH,-0.0027077352523403996
Moderate,Positioning,Waxing Crescent,TAURUS,96,1.0416666666666685,0.6849315068493163,HIGH,-0.2576200444710417
Moderate,Closing,Waxing Crescent,VIRGO,99,1.010101010101011,0.6711409395973161,HIGH,-0.0690088692846132
Calm,Survival,Waxing Crescent,PISCES,418,0.7177033492822948,0.6410256410256394,HIGH,-0.14449522133995218
Moderate,Positioning,Waxing Gibbous,SCORPIO,108,0.92592592592593,0.6329113924050661,HIGH,0.15981030882
Moderate,Open,Waxing Gibbous,TAURUS,113,-0.8849557522123908,-0.6134969325153383,HIGH,0.2997190169714159
Calm,Survival,New Moon,CANCER,115,0.8695652173913049,0.6060606060606065,HIGH,-0.14925418046260866
Moderate,Open,Full Moon,GEMINI,116,0.8620689655172376,0.6024096385542143,HIGH,-0.22845226697051726
Calm,Survival,First Quarter,LEO,117,-0.8547008547008517,-0.5988023952095787,HIGH,0.11182341550194866
Moderate,Positioning,Waning Gibbous,LEO,127,0.7874015748031538,0.5649717514124324,HIGH,-0.09601891493587289
Calm,Survival,Waxing Crescent,LEO,312,-0.6410256410256443,-0.5524861878453067,HIGH,-0.08302720842161539
Calm,Closing,Waning Gibbous,SAGITTARIUS,136,-0.735294117647059,-0.5376344086021506,HIGH,-0.24628500326470584
Calm,Positioning,Waning Gibbous,VIRGO,136,0.735294117647059,0.5376344086021506,HIGH,0.15846955477499994
Calm,Closing,Waning Gibbous,ARIES,139,0.719424460431653,0.5291005291005278,HIGH,0.04682662722467629
Calm,Open,New Moon,ARIES,155,0.6451612903225795,0.48780487804877964,HIGH,-0.021016361359741918
Calm,Closing,Waxing Gibbous,LEO,213,0.4694835680751186,0.3802281368821303,HIGH,0.08781087748086383
Moderate,Open,Waxing Crescent,GEMINI,223,-0.44843049327353834,-0.36630036630036283,HIGH,0.011336303806995534
Calm,Positioning,Full Moon,PISCES,29,0.0,0.0,EXPLORATORY,-0.5621782694
Calm,Positioning,Waxing Gibbous,PISCES,255,0.0,0.0,HIGH,-0.12161735927058825
Tough,Open,Waxing Crescent,PISCES,8,0.0,0.0,WEAK,0.31677799815625
Moderate,Positioning,First Quarter,AQUARIUS,8,0.0,0.0,WEAK,-0.45305016224124994
Tough,Open,Waxing Gibbous,CAPRICORN,47,0.0,0.0,HIGH,-0.18544759293421273
Moderate,Open,First Quarter,LIBRA,22,0.0,0.0,EXPLORATORY,0.9255417342472728
Tough,Open,Waxing Crescent,TAURUS,5,0.0,0.0,WEAK,-0.002073807308199993
Tough,Survival,Waning Crescent,CANCER,16,0.0,0.0,EXPLORATORY,0.018895849442499946
Moderate,Closing,Full Moon,GEMINI,24,0.0,0.0,EXPLORATORY,0.11492746105416667
Moderate,Closing,Full Moon,ARIES,18,0.0,0.0,EXPLORATORY,-0.20609653662000005
Moderate,Closing,Full Moon,PISCES,30,0.0,0.0,HIGH,-0.39509108862000003
Moderate,Open,Waxing Gibbous,SAGITTARIUS,150,0.0,0.0,HIGH,0.16457354229853338
Tough,Survival,Waning Crescent,CAPRICORN,12,0.0,0.0,WEAK,-0.07564424215233327
Tough,Closing,Waning Gibbous,LEO,4,0.0,0.0,WEAK,0.14102067744000002
Tough,Closing,Waning Gibbous,TAURUS,4,0.0,0.0,WEAK,1.2081578757
Tough,Open,Waning Gibbous,AQUARIUS,10,0.0,0.0,WEAK,-0.21561137737300004
Tough,Positioning,Waxing Gibbous,VIRGO,10,0.0,0.0,WEAK,0.43657906766300003
Tough,Positioning,Waxing Gibbous,PISCES,20,0.0,0.0,EXPLORATORY,1.0380979134435002
Tough,Open,Waning Gibbous,SAGITTARIUS,12,0.0,0.0,WEAK,0.5002334793708334
Moderate,Closing,Full Moon,LIBRA,2,0.0,0.0,WEAK,0.8754847916
Moderate,Closing,New Moon,TAURUS,29,0.0,0.0,EXPLORATORY,0.44776669372
Moderate,Closing,Waxing Crescent,CAPRICORN,115,0.0,0.0,HIGH,0.17463540632173907
Moderate,Closing,Last Quarter,TAURUS,23,0.0,0.0,EXPLORATORY,-0.5499830708695651
Tough,Positioning,Waxing Gibbous,LEO,9,0.0,0.0,WEAK,0.6410312256811111
Moderate,Positioning,First Quarter,LIBRA,3,0.0,0.0,WEAK,2.2135167213
Moderate,Positioning,Waxing Gibbous,LEO,107,0.0,0.0,HIGH,0.16617871947368357
Moderate,Positioning,First Quarter,LEO,15,0.0,0.0,EXPLORATORY,-0.36727802840666673
Calm,Positioning,New Moon,AQUARIUS,27,0.0,0.0,EXPLORATORY,0.6912290821481484
Calm,Open,Full Moon,LEO,101,0.0,0.0,HIGH,0.2694702325873663
Calm,Positioning,Waning Gibbous,CANCER,181,0.0,0.0,HIGH,0.20909886531104976
Calm,Survival,New Moon,LIBRA,45,0.0,0.0,HIGH,-2.3729471455177777
Calm,Positioning,Last Quarter,SAGITTARIUS,54,0.0,0.0,HIGH,0.05296096437962964
Tough,Positioning,Waning Gibbous,CANCER,16,0.0,0.0,EXPLORATORY,0.07478060421475008
Tough,Positioning,Waxing Crescent,SAGITTARIUS,14,0.0,0.0,WEAK,-2.400127212132143
Tough,Positioning,Waning Gibbous,ARIES,12,0.0,0.0,WEAK,-0.5288364339786666
Moderate,Open,Waning Gibbous,SCORPIO,185,0.0,0.0,HIGH,-0.1835048428436757
Tough,Positioning,Waning Gibbous,SCORPIO,12,0.0,0.0,WEAK,-0.7507680444866666
Moderate,Positioning,Waxing Crescent,VIRGO,87,0.0,0.0,HIGH,0.06221783215658962
Calm,Positioning,New Moon,LIBRA,18,0.0,0.0,EXPLORATORY,0.035353550966666654
Moderate,Open,Last Quarter,ARIES,89,0.0,0.0,HIGH,-0.28746607179955047
Moderate,Closing,First Quarter,LIBRA,3,0.0,0.0,WEAK,0.4441497055966668
Moderate,Closing,Waxing Gibbous,LIBRA,38,0.0,0.0,HIGH,0.43241421497306026
Moderate,Closing,First Quarter,ARIES,6,0.0,0.0,WEAK,1.1290390826333334
Moderate,Closing,First Quarter,SCORPIO,8,0.0,0.0,WEAK,0.1487500759999999
Calm,Closing,Full Moon,PISCES,19,0.0,0.0,EXPLORATORY,0.01950344869473684
Moderate,Positioning,Full Moon,VIRGO,21,0.0,0.0,EXPLORATORY,-0.42632245566666666
Calm,Closing,Full Moon,CAPRICORN,20,0.0,0.0,EXPLORATORY,0.15056864873500006
Calm,Survival,First Quarter,VIRGO,104,0.0,0.0,HIGH,-0.19896317262980767
Moderate,Survival,New Moon,GEMINI,36,0.0,0.0,HIGH,0.4663007258144445
Moderate,Survival,Full Moon,SCORPIO,46,0.0,0.0,HIGH,-0.24255013247543475
Calm,Closing,New Moon,VIRGO,43,0.0,0.0,HIGH,-0.09633982378837218
Calm,Closing,Waxing Crescent,ARIES,236,0.0,0.0,HIGH,0.07681947190686443
