condition,round_type,moon,life_path,n,good,bad,edge,roi,conf
Calm,Open,Krishna Jaya,7.0,170,30,55,-14.705882352941178,-11.363636363636363,HIGH
Calm,Open,Krishna Jaya,2.0,203,39,66,-13.30049261083744,-10.671936758893281,HIGH
Calm,Open,Krishna Jaya,4.0,157,29,59,-19.108280254777075,-14.49275362318841,HIGH
Calm,Open,Krishna Jaya,1.0,173,20,68,-27.745664739884397,-21.52466367713005,HIGH
Calm,Open,Krishna Jaya,6.0,142,27,49,-15.492957746478872,-11.458333333333334,HIGH
Calm,Open,Krishna Jaya,9.0,179,18,70,-29.050279329608937,-22.707423580786028,HIGH
Calm,Open,Krishna Jaya,5.0,144,30,60,-20.833333333333336,-15.463917525773198,HIGH
Calm,Open,Krishna Jaya,8.0,166,26,45,-11.445783132530119,-8.796296296296294,HIGH
Calm,Open,Krishna Jaya,3.0,226,39,78,-17.25663716814159,-14.130434782608694,HIGH
Calm,Open,Krishna Bhadra,7.0,90,13,36,-25.55555555555556,-16.428571428571434,HIGH
Calm,Open,Krishna Bhadra,2.0,112,22,30,-7.142857142857142,-4.938271604938271,HIGH
Calm,Open,Krishna Bhadra,4.0,77,12,31,-24.675324675324678,-14.960629921259844,HIGH
Calm,Open,Krishna Bhadra,1.0,75,18,30,-16.000000000000004,-9.600000000000001,HIGH
Calm,Open,Krishna Bhadra,6.0,66,12,26,-21.21212121212121,-12.068965517241379,HIGH
Calm,Open,Krishna Bhadra,9.0,101,12,37,-24.752475247524753,-16.556291390728475,HIGH
Calm,Open,Krishna Bhadra,5.0,58,11,21,-17.24137931034483,-9.259259259259261,HIGH
Calm,Open,Krishna Bhadra,8.0,66,12,27,-22.72727272727273,-12.931034482758623,HIGH
Calm,Open,Krishna Bhadra,3.0,100,17,34,-17.0,-11.333333333333332,HIGH
Calm,Open,Krishna Nanda,7.0,289,79,65,4.844290657439449,4.129793510324486,HIGH
Calm,Open,Krishna Nanda,2.0,392,67,115,-12.244897959183676,-10.859728506787333,HIGH
Calm,Open,Krishna Nanda,4.0,222,51,48,1.3513513513513513,1.102941176470588,HIGH
Calm,Open,Krishna Nanda,1.0,296,59,72,-4.391891891891894,-3.7572254335260133,HIGH
Calm,Open,Krishna Nanda,6.0,248,54,83,-11.693548387096772,-9.731543624161073,HIGH
Calm,Open,Krishna Nanda,9.0,310,41,92,-16.451612903225804,-14.166666666666666,HIGH
Calm,Open,Krishna Nanda,5.0,236,46,69,-9.745762711864407,-8.041958041958042,HIGH
Calm,Open,Krishna Nanda,8.0,246,61,62,-0.40650406504064984,-0.33783783783783733,HIGH
Calm,Open,Krishna Nanda,3.0,322,61,83,-6.832298136645962,-5.913978494623655,HIGH
Calm,Open,Krishna Purna,7.0,163,35,50,-9.202453987730062,-7.042253521126761,HIGH
Calm,Open,Krishna Purna,2.0,218,39,86,-21.55963302752294,-17.537313432835823,HIGH
Calm,Open,Krishna Purna,4.0,151,29,36,-4.635761589403972,-3.482587064676616,HIGH
Calm,Open,Krishna Purna,1.0,176,28,57,-16.477272727272727,-12.831858407079645,HIGH
Calm,Open,Krishna Purna,6.0,157,24,56,-20.38216560509554,-15.458937198067632,HIGH
Calm,Open,Krishna Purna,9.0,166,25,60,-21.08433734939759,-16.203703703703702,HIGH
Calm,Open,Krishna Purna,5.0,117,18,39,-17.948717948717945,-12.574850299401195,HIGH
Calm,Open,Krishna Purna,8.0,161,38,31,4.3478260869565215,3.3175355450236963,HIGH
Calm,Open,Krishna Purna,3.0,232,41,66,-10.77586206896552,-8.865248226950357,HIGH
Calm,Open,Shukla Purna,7.0,231,59,53,2.5974025974025983,2.1352313167259793,HIGH
Calm,Open,Shukla Purna,2.0,318,60,104,-13.83647798742138,-11.956521739130432,HIGH
Calm,Open,Shukla Purna,4.0,213,58,59,-0.4694835680751186,-0.3802281368821303,HIGH
Calm,Open,Shukla Purna,1.0,241,45,75,-12.448132780082988,-10.309278350515465,HIGH
Calm,Open,Shukla Purna,6.0,233,39,74,-15.02145922746781,-12.367491166077738,HIGH
Calm,Open,Shukla Purna,9.0,250,55,74,-7.599999999999999,-6.333333333333332,HIGH
Calm,Open,Shukla Purna,5.0,196,31,57,-13.265306122448978,-10.56910569105691,HIGH
Calm,Open,Shukla Purna,8.0,234,62,52,4.273504273504275,3.521126760563382,HIGH
Calm,Open,Shukla Purna,3.0,306,61,92,-10.130718954248364,-8.707865168539325,HIGH
Calm,Open,Shukla Rikta,7.0,253,63,60,1.1857707509881439,0.9900990099009914,HIGH
Calm,Open,Shukla Rikta,2.0,340,92,86,1.7647058823529405,1.5384615384615379,HIGH
Calm,Open,Shukla Rikta,4.0,226,51,68,-7.522123893805313,-6.159420289855075,HIGH
Calm,Open,Shukla Rikta,1.0,292,64,72,-2.73972602739726,-2.3391812865497075,HIGH
Calm,Open,Shukla Rikta,6.0,228,66,62,1.7543859649122806,1.4388489208633093,HIGH
Calm,Open,Shukla Rikta,9.0,304,61,69,-2.631578947368421,-2.259887005649717,HIGH
Calm,Open,Shukla Rikta,5.0,222,61,59,0.9009009009009028,0.7352941176470603,HIGH
Calm,Open,Shukla Rikta,8.0,237,57,53,1.6877637130801704,1.3937282229965169,HIGH
Calm,Open,Shukla Rikta,3.0,327,85,81,1.2232415902140636,1.0610079575596787,HIGH
Calm,Open,Shukla Nanda,7.0,313,85,78,2.236421725239615,1.9283746556473818,HIGH
Calm,Open,Shukla Nanda,2.0,415,102,91,2.6506024096385556,2.365591397849464,HIGH
Calm,Open,Shukla Nanda,4.0,281,83,76,2.491103202846973,2.114803625377642,HIGH
Calm,Open,Shukla Nanda,1.0,347,93,74,5.47550432276657,4.785894206549118,HIGH
Calm,Open,Shukla Nanda,6.0,277,92,70,7.942238267148016,6.727828746177371,HIGH
Calm,Open,Shukla Nanda,9.0,335,97,85,3.582089552238804,3.116883116883115,HIGH
Calm,Open,Shukla Nanda,5.0,306,57,87,-9.80392156862745,-8.42696629213483,HIGH
Calm,Open,Shukla Nanda,8.0,313,80,96,-5.111821086261981,-4.40771349862259,HIGH
Calm,Open,Shukla Nanda,3.0,381,91,84,1.8372703412073506,1.6241299303944328,HIGH
Calm,Open,Shukla Jaya,7.0,138,39,43,-2.898550724637683,-2.1276595744680864,HIGH
Calm,Open,Shukla Jaya,2.0,159,54,37,10.691823899371066,8.133971291866025,HIGH
Calm,Open,Shukla Jaya,4.0,107,29,33,-3.738317757009346,-2.547770700636943,HIGH
Calm,Open,Shukla Jaya,1.0,134,43,50,-5.223880597014929,-3.8043478260869596,HIGH
Calm,Open,Shukla Jaya,6.0,104,22,34,-11.538461538461538,-7.792207792207792,HIGH
Calm,Open,Shukla Jaya,9.0,143,45,43,1.3986013986014012,1.0362694300518154,HIGH
Calm,Open,Shukla Jaya,5.0,94,25,34,-9.574468085106385,-6.250000000000002,HIGH
Calm,Open,Shukla Jaya,8.0,109,30,26,3.669724770642202,2.5157232704402515,HIGH
Calm,Open,Shukla Jaya,3.0,135,26,48,-16.296296296296298,-11.891891891891893,HIGH
Calm,Open,Shukla Bhadra,7.0,191,42,56,-7.329842931937169,-5.809128630705391,HIGH
Calm,Open,Shukla Bhadra,2.0,246,42,77,-14.227642276422761,-11.824324324324321,HIGH
Calm,Open,Shukla Bhadra,4.0,159,31,44,-8.176100628930815,-6.220095693779902,HIGH
Calm,Open,Shukla Bhadra,1.0,224,49,54,-2.2321428571428577,-1.8248175182481756,HIGH
Calm,Open,Shukla Bhadra,6.0,185,49,62,-7.027027027027027,-5.531914893617022,HIGH
Calm,Open,Shukla Bhadra,9.0,210,45,65,-9.523809523809526,-7.692307692307693,HIGH
Calm,Open,Shukla Bhadra,5.0,171,35,49,-8.187134502923977,-6.334841628959277,HIGH
Calm,Open,Shukla Bhadra,8.0,198,34,50,-8.080808080808083,-6.451612903225808,HIGH
Calm,Open,Shukla Bhadra,3.0,227,38,66,-12.334801762114536,-10.108303249097471,HIGH
Calm,Open,Krishna Rikta,7.0,119,32,39,-5.882352941176472,-4.142011834319528,HIGH
Calm,Open,Krishna Rikta,2.0,148,31,44,-8.783783783783786,-6.5656565656565675,HIGH
Calm,Open,Krishna Rikta,4.0,98,17,44,-27.55102040816326,-18.243243243243242,HIGH
Calm,Open,Krishna Rikta,1.0,127,24,52,-22.04724409448819,-15.819209039548024,HIGH
Calm,Open,Krishna Rikta,6.0,106,20,43,-21.69811320754717,-14.743589743589745,HIGH
Calm,Open,Krishna Rikta,9.0,121,28,43,-12.39669421487603,-8.771929824561402,HIGH
Calm,Open,Krishna Rikta,5.0,101,21,43,-21.782178217821784,-14.56953642384106,HIGH
Calm,Open,Krishna Rikta,8.0,112,13,47,-30.35714285714286,-20.987654320987655,HIGH
Calm,Open,Krishna Rikta,3.0,146,22,54,-21.91780821917808,-16.3265306122449,HIGH
Calm,Survival,Krishna Jaya,7.0,145,26,55,-20.0,-14.871794871794872,HIGH
Calm,Survival,Krishna Jaya,2.0,175,34,75,-23.428571428571427,-18.22222222222222,HIGH
Calm,Survival,Krishna Jaya,4.0,128,16,49,-25.78125,-18.539325842696627,HIGH
Calm,Survival,Krishna Jaya,1.0,155,27,74,-30.32258064516129,-22.926829268292682,HIGH
Calm,Survival,Krishna Jaya,6.0,146,23,54,-21.232876712328768,-15.816326530612246,HIGH
Calm,Survival,Krishna Jaya,9.0,155,38,54,-10.322580645161292,-7.804878048780489,HIGH
Calm,Survival,Krishna Jaya,5.0,114,34,40,-5.263157894736842,-3.658536585365853,HIGH
Calm,Survival,Krishna Jaya,8.0,122,18,40,-18.032786885245898,-12.790697674418603,HIGH
Calm,Survival,Krishna Jaya,3.0,183,36,71,-19.12568306010929,-15.02145922746781,HIGH
Calm,Survival,Krishna Bhadra,7.0,154,24,56,-20.77922077922078,-15.686274509803921,HIGH
Calm,Survival,Krishna Bhadra,2.0,169,36,53,-10.059171597633135,-7.76255707762557,HIGH
Calm,Survival,Krishna Bhadra,4.0,139,29,38,-6.474820143884894,-4.761904761904763,HIGH
Calm,Survival,Krishna Bhadra,1.0,149,23,40,-11.409395973154362,-8.542713567839197,HIGH
Calm,Survival,Krishna Bhadra,6.0,109,25,43,-16.51376146788991,-11.320754716981133,HIGH
Calm,Survival,Krishna Bhadra,9.0,151,36,50,-9.27152317880795,-6.965174129353236,HIGH
Calm,Survival,Krishna Bhadra,5.0,128,14,49,-27.34375,-19.662921348314605,HIGH
Calm,Survival,Krishna Bhadra,8.0,139,28,44,-11.510791366906473,-8.465608465608463,HIGH
Calm,Survival,Krishna Bhadra,3.0,169,34,50,-9.467455621301776,-7.305936073059361,HIGH
Calm,Survival,Krishna Nanda,7.0,104,31,28,2.8846153846153855,1.9480519480519487,HIGH
Calm,Survival,Krishna Nanda,2.0,136,31,38,-5.147058823529413,-3.763440860215055,HIGH
Calm,Survival,Krishna Nanda,4.0,83,22,29,-8.433734939759036,-5.2631578947368425,HIGH
Calm,Survival,Krishna Nanda,1.0,103,20,34,-13.59223300970874,-9.150326797385624,HIGH
Calm,Survival,Krishna Nanda,6.0,91,15,14,1.0989010989010977,0.7092198581560276,HIGH
Calm,Survival,Krishna Nanda,9.0,103,13,40,-26.21359223300971,-17.647058823529413,HIGH
Calm,Survival,Krishna Nanda,5.0,78,10,23,-16.666666666666668,-10.15625,HIGH
Calm,Survival,Krishna Nanda,8.0,95,21,26,-5.263157894736844,-3.4482758620689666,HIGH
Calm,Survival,Krishna Nanda,3.0,120,24,30,-4.999999999999999,-3.529411764705882,HIGH
Calm,Survival,Krishna Purna,7.0,158,42,38,2.53164556962025,1.9230769230769205,HIGH
Calm,Survival,Krishna Purna,2.0,204,56,62,-2.94117647058823,-2.3622047244094446,HIGH
Calm,Survival,Krishna Purna,4.0,138,32,30,1.4492753623188415,1.0638297872340432,HIGH
Calm,Survival,Krishna Purna,1.0,156,36,46,-6.41025641025641,-4.854368932038835,HIGH
Calm,Survival,Krishna Purna,6.0,134,28,44,-11.940298507462687,-8.695652173913045,HIGH
Calm,Survival,Krishna Purna,9.0,172,42,46,-2.325581395348836,-1.8018018018018007,HIGH
Calm,Survival,Krishna Purna,5.0,148,38,36,1.3513513513513487,1.0101010101010082,HIGH
Calm,Survival,Krishna Purna,8.0,130,18,40,-16.923076923076923,-12.222222222222221,HIGH
Calm,Survival,Krishna Purna,3.0,168,44,56,-7.14285714285714,-5.504587155963301,HIGH
Calm,Survival,Shukla Purna,7.0,291,59,97,-13.058419243986252,-11.143695014662756,HIGH
Calm,Survival,Shukla Purna,2.0,351,77,90,-3.7037037037037006,-3.241895261845384,HIGH
Calm,Survival,Shukla Purna,4.0,215,36,49,-6.046511627906978,-4.905660377358491,HIGH
Calm,Survival,Shukla Purna,1.0,262,57,84,-10.30534351145038,-8.653846153846152,HIGH
Calm,Survival,Shukla Purna,6.0,218,36,55,-8.715596330275227,-7.089552238805968,HIGH
Calm,Survival,Shukla Purna,9.0,309,74,97,-7.443365695792881,-6.406685236768803,HIGH
Calm,Survival,Shukla Purna,5.0,236,45,61,-6.779661016949151,-5.594405594405593,HIGH
Calm,Survival,Shukla Purna,8.0,268,76,84,-2.985074626865675,-2.5157232704402546,HIGH
Calm,Survival,Shukla Purna,3.0,309,58,88,-9.708737864077671,-8.356545961002785,HIGH
Calm,Survival,Shukla Rikta,7.0,213,43,58,-7.042253521126759,-5.703422053231939,HIGH
Calm,Survival,Shukla Rikta,2.0,330,91,106,-4.545454545454547,-3.9473684210526327,HIGH
Calm,Survival,Shukla Rikta,4.0,197,47,40,3.5532994923857864,2.8340080971659916,HIGH
Calm,Survival,Shukla Rikta,1.0,230,47,60,-5.652173913043476,-4.642857142857141,HIGH
Calm,Survival,Shukla Rikta,6.0,219,57,50,3.1963470319634704,2.6022304832713754,HIGH
Calm,Survival,Shukla Rikta,9.0,244,64,70,-2.45901639344262,-2.0408163265306096,HIGH
Calm,Survival,Shukla Rikta,5.0,190,46,49,-1.5789473684210549,-1.2500000000000018,HIGH
Calm,Survival,Shukla Rikta,8.0,214,59,56,1.4018691588785048,1.1363636363636365,HIGH
Calm,Survival,Shukla Rikta,3.0,283,76,89,-4.59363957597173,-3.9039039039039034,HIGH
Calm,Survival,Shukla Nanda,7.0,208,51,57,-2.884615384615388,-2.32558139534884,HIGH
Calm,Survival,Shukla Nanda,2.0,286,77,62,5.244755244755245,4.464285714285714,HIGH
Calm,Survival,Shukla Nanda,4.0,176,52,45,3.9772727272727293,3.0973451327433645,HIGH
Calm,Survival,Shukla Nanda,1.0,221,58,43,6.787330316742082,5.535055350553506,HIGH
Calm,Survival,Shukla Nanda,6.0,193,37,57,-10.362694300518136,-8.230452674897121,HIGH
Calm,Survival,Shukla Nanda,9.0,235,72,42,12.76595744680851,10.526315789473685,HIGH
Calm,Survival,Shukla Nanda,5.0,183,43,35,4.371584699453554,3.4334763948497873,HIGH
Calm,Survival,Shukla Nanda,8.0,224,63,48,6.696428571428573,5.474452554744527,HIGH
Calm,Survival,Shukla Nanda,3.0,241,63,58,2.074688796680499,1.718213058419245,HIGH
Calm,Survival,Shukla Jaya,7.0,196,46,61,-7.653061224489796,-6.097560975609756,HIGH
Calm,Survival,Shukla Jaya,2.0,253,46,64,-7.114624505928852,-5.940594059405939,HIGH
Calm,Survival,Shukla Jaya,4.0,150,32,48,-10.666666666666666,-8.0,HIGH
Calm,Survival,Shukla Jaya,1.0,208,46,62,-7.6923076923076925,-6.2015503875969,HIGH
Calm,Survival,Shukla Jaya,6.0,161,22,52,-18.633540372670808,-14.218009478672986,HIGH
Calm,Survival,Shukla Jaya,9.0,220,50,61,-5.000000000000002,-4.074074074074075,HIGH
Calm,Survival,Shukla Jaya,5.0,162,28,43,-9.259259259259261,-7.075471698113209,HIGH
Calm,Survival,Shukla Jaya,8.0,176,36,60,-13.636363636363633,-10.61946902654867,HIGH
Calm,Survival,Shukla Jaya,3.0,232,37,92,-23.70689655172414,-19.50354609929078,HIGH
Calm,Survival,Shukla Bhadra,7.0,99,26,30,-4.040404040404039,-2.684563758389261,HIGH
Calm,Survival,Shukla Bhadra,2.0,122,40,36,3.2786885245901622,2.325581395348836,HIGH
Calm,Survival,Shukla Bhadra,4.0,76,13,17,-5.263157894736842,-3.174603174603174,HIGH
Calm,Survival,Shukla Bhadra,1.0,96,21,33,-12.5,-8.21917808219178,HIGH
Calm,Survival,Shukla Bhadra,6.0,91,31,20,12.08791208791209,7.801418439716313,HIGH
Calm,Survival,Shukla Bhadra,9.0,105,37,25,11.428571428571432,7.74193548387097,HIGH
Calm,Survival,Shukla Bhadra,5.0,70,13,18,-7.14285714285714,-4.166666666666665,HIGH
Calm,Survival,Shukla Bhadra,8.0,82,19,23,-4.8780487804878065,-3.030303030303031,HIGH
Calm,Survival,Shukla Bhadra,3.0,110,19,44,-22.72727272727273,-15.625000000000002,HIGH
Calm,Survival,Krishna Rikta,7.0,73,11,25,-19.17808219178082,-11.38211382113821,HIGH
Calm,Survival,Krishna Rikta,2.0,96,18,32,-14.583333333333332,-9.58904109589041,HIGH
Calm,Survival,Krishna Rikta,4.0,59,12,11,1.6949152542372892,0.917431192660551,HIGH
Calm,Survival,Krishna Rikta,1.0,73,14,21,-9.58904109589041,-5.691056910569105,HIGH
Calm,Survival,Krishna Rikta,6.0,65,16,18,-3.076923076923077,-1.7391304347826086,HIGH
Calm,Survival,Krishna Rikta,9.0,78,15,38,-29.487179487179482,-17.968749999999996,HIGH
Calm,Survival,Krishna Rikta,5.0,75,15,22,-9.333333333333332,-5.599999999999999,HIGH
Calm,Survival,Krishna Rikta,8.0,89,14,30,-17.97752808988764,-11.510791366906476,HIGH
Calm,Survival,Krishna Rikta,3.0,103,18,38,-19.41747572815534,-13.071895424836601,HIGH
Calm,Positioning,Krishna Jaya,7.0,90,21,16,5.555555555555555,3.5714285714285716,HIGH
Calm,Positioning,Krishna Jaya,2.0,114,19,35,-14.035087719298248,-9.756097560975611,HIGH
Calm,Positioning,Krishna Jaya,4.0,82,19,26,-8.536585365853657,-5.303030303030302,HIGH
Calm,Positioning,Krishna Jaya,1.0,97,17,13,4.123711340206185,2.721088435374149,HIGH
Calm,Positioning,Krishna Jaya,6.0,79,18,19,-1.2658227848101278,-0.7751937984496131,HIGH
Calm,Positioning,Krishna Jaya,9.0,76,13,18,-6.578947368421051,-3.968253968253967,HIGH
Calm,Positioning,Krishna Jaya,5.0,68,11,23,-17.647058823529413,-10.16949152542373,HIGH
Calm,Positioning,Krishna Jaya,8.0,79,14,14,0.0,0.0,HIGH
Calm,Positioning,Krishna Jaya,3.0,120,18,51,-27.500000000000004,-19.411764705882355,HIGH
Calm,Positioning,Krishna Bhadra,7.0,112,33,26,6.25,4.320987654320987,HIGH
Calm,Positioning,Krishna Bhadra,2.0,144,38,41,-2.0833333333333313,-1.546391752577318,HIGH
Calm,Positioning,Krishna Bhadra,4.0,113,28,30,-1.7699115044247815,-1.2269938650306766,HIGH
Calm,Positioning,Krishna Bhadra,1.0,123,25,29,-3.252032520325204,-2.3121387283237,HIGH
Calm,Positioning,Krishna Bhadra,6.0,102,19,31,-11.764705882352938,-7.894736842105261,HIGH
Calm,Positioning,Krishna Bhadra,9.0,121,31,40,-7.438016528925623,-5.263157894736844,HIGH
Calm,Positioning,Krishna Bhadra,5.0,92,22,22,0.0,0.0,HIGH
Calm,Positioning,Krishna Bhadra,8.0,104,21,27,-5.769230769230771,-3.8961038961038974,HIGH
Calm,Positioning,Krishna Bhadra,3.0,148,35,42,-4.729729729729729,-3.535353535353535,HIGH
Calm,Positioning,Krishna Nanda,7.0,97,26,24,2.061855670103091,1.3605442176870735,HIGH
Calm,Positioning,Krishna Nanda,2.0,134,33,40,-5.223880597014924,-3.8043478260869557,HIGH
Calm,Positioning,Krishna Nanda,4.0,99,27,29,-2.020202020202022,-1.3422818791946323,HIGH
Calm,Positioning,Krishna Nanda,1.0,109,36,25,10.091743119266056,6.918238993710692,HIGH
Calm,Positioning,Krishna Nanda,6.0,87,30,18,13.793103448275865,8.759124087591243,HIGH
Calm,Positioning,Krishna Nanda,9.0,96,19,27,-8.333333333333334,-5.47945205479452,HIGH
Calm,Positioning,Krishna Nanda,5.0,84,13,25,-14.285714285714285,-8.955223880597014,HIGH
Calm,Positioning,Krishna Nanda,8.0,115,31,21,8.695652173913043,6.0606060606060606,HIGH
Calm,Positioning,Krishna Nanda,3.0,116,26,20,5.1724137931034475,3.614457831325301,HIGH
Calm,Positioning,Krishna Purna,7.0,149,28,37,-6.040268456375839,-4.522613065326633,HIGH
Calm,Positioning,Krishna Purna,2.0,161,24,53,-18.012422360248447,-13.744075829383887,HIGH
Calm,Positioning,Krishna Purna,4.0,133,36,29,5.263157894736842,3.8251366120218577,HIGH
Calm,Positioning,Krishna Purna,1.0,179,49,37,6.703910614525138,5.240174672489082,HIGH
Calm,Positioning,Krishna Purna,6.0,122,34,28,4.918032786885243,3.488372093023254,HIGH
Calm,Positioning,Krishna Purna,9.0,136,36,32,2.941176470588236,2.1505376344086025,HIGH
Calm,Positioning,Krishna Purna,5.0,102,23,30,-6.862745098039216,-4.605263157894737,HIGH
Calm,Positioning,Krishna Purna,8.0,110,24,26,-1.8181818181818188,-1.2500000000000004,HIGH
Calm,Positioning,Krishna Purna,3.0,167,27,46,-11.377245508982037,-8.755760368663596,HIGH
Calm,Positioning,Shukla Purna,7.0,101,21,18,2.9702970297029703,1.9867549668874172,HIGH
Calm,Positioning,Shukla Purna,2.0,136,28,23,3.676470588235292,2.688172043010751,HIGH
Calm,Positioning,Shukla Purna,4.0,79,21,12,11.392405063291136,6.97674418604651,HIGH
Calm,Positioning,Shukla Purna,1.0,129,28,34,-4.651162790697677,-3.3519553072625716,HIGH
Calm,Positioning,Shukla Purna,6.0,88,33,17,18.181818181818183,11.594202898550725,HIGH
Calm,Positioning,Shukla Purna,9.0,139,35,27,5.755395683453235,4.232804232804232,HIGH
Calm,Positioning,Shukla Purna,5.0,77,12,21,-11.688311688311687,-7.086614173228346,HIGH
Calm,Positioning,Shukla Purna,8.0,126,33,21,9.523809523809526,6.81818181818182,HIGH
Calm,Positioning,Shukla Purna,3.0,132,35,20,11.363636363636362,8.24175824175824,HIGH
Calm,Positioning,Shukla Rikta,7.0,121,40,16,19.834710743801654,14.035087719298247,HIGH
Calm,Positioning,Shukla Rikta,2.0,164,47,30,10.365853658536583,7.943925233644857,HIGH
Calm,Positioning,Shukla Rikta,4.0,120,32,13,15.833333333333332,11.176470588235293,HIGH
Calm,Positioning,Shukla Rikta,1.0,148,68,22,31.081081081081084,23.232323232323235,HIGH
Calm,Positioning,Shukla Rikta,6.0,101,35,22,12.871287128712869,8.609271523178807,HIGH
Calm,Positioning,Shukla Rikta,9.0,165,43,31,7.272727272727275,5.581395348837211,HIGH
Calm,Positioning,Shukla Rikta,5.0,122,37,16,17.21311475409836,12.209302325581396,HIGH
Calm,Positioning,Shukla Rikta,8.0,138,38,23,10.869565217391305,7.9787234042553195,HIGH
Calm,Positioning,Shukla Rikta,3.0,166,52,34,10.843373493975905,8.333333333333334,HIGH
Calm,Positioning,Shukla Nanda,7.0,102,29,29,0.0,0.0,HIGH
Calm,Positioning,Shukla Nanda,2.0,119,26,39,-10.92436974789916,-7.692307692307693,HIGH
Calm,Positioning,Shukla Nanda,4.0,88,20,23,-3.4090909090909087,-2.1739130434782603,HIGH
Calm,Positioning,Shukla Nanda,1.0,105,18,37,-18.0952380952381,-12.258064516129034,HIGH
Calm,Positioning,Shukla Nanda,6.0,92,24,30,-6.521739130434784,-4.225352112676058,HIGH
Calm,Positioning,Shukla Nanda,9.0,107,25,35,-9.345794392523363,-6.369426751592355,HIGH
Calm,Positioning,Shukla Nanda,5.0,68,25,18,10.294117647058826,5.93220338983051,HIGH
Calm,Positioning,Shukla Nanda,8.0,74,12,25,-17.567567567567565,-10.483870967741934,HIGH
Calm,Positioning,Shukla Nanda,3.0,108,31,24,6.481481481481483,4.4303797468354436,HIGH
Calm,Positioning,Shukla Jaya,7.0,119,20,24,-3.361344537815125,-2.3668639053254434,HIGH
Calm,Positioning,Shukla Jaya,2.0,154,53,26,17.532467532467532,13.235294117647058,HIGH
Calm,Positioning,Shukla Jaya,4.0,97,27,19,8.247422680412372,5.442176870748299,HIGH
Calm,Positioning,Shukla Jaya,1.0,123,32,33,-0.8130081300812997,-0.5780346820809241,HIGH
Calm,Positioning,Shukla Jaya,6.0,81,23,14,11.11111111111111,6.870229007633588,HIGH
Calm,Positioning,Shukla Jaya,9.0,127,26,38,-9.448818897637798,-6.779661016949155,HIGH
Calm,Positioning,Shukla Jaya,5.0,81,26,21,6.172839506172839,3.816793893129771,HIGH
Calm,Positioning,Shukla Jaya,8.0,124,43,36,5.645161290322581,4.022988505747127,HIGH
Calm,Positioning,Shukla Jaya,3.0,134,35,35,0.0,0.0,HIGH
Calm,Positioning,Shukla Bhadra,7.0,173,29,50,-12.138728323699425,-9.417040358744398,HIGH
Calm,Positioning,Shukla Bhadra,2.0,218,47,52,-2.293577981651376,-1.8656716417910448,HIGH
Calm,Positioning,Shukla Bhadra,4.0,156,29,41,-7.6923076923076925,-5.825242718446602,HIGH
Calm,Positioning,Shukla Bhadra,1.0,201,57,54,1.4925373134328346,1.195219123505975,HIGH
Calm,Positioning,Shukla Bhadra,6.0,140,31,46,-10.714285714285715,-7.894736842105264,HIGH
Calm,Positioning,Shukla Bhadra,9.0,196,31,66,-17.857142857142854,-14.227642276422761,HIGH
Calm,Positioning,Shukla Bhadra,5.0,148,35,47,-8.108108108108105,-6.060606060606059,HIGH
Calm,Positioning,Shukla Bhadra,8.0,174,37,58,-12.068965517241379,-9.375,HIGH
Calm,Positioning,Shukla Bhadra,3.0,221,48,76,-12.669683257918551,-10.332103321033209,HIGH
Calm,Positioning,Krishna Rikta,7.0,138,32,33,-0.7246376811594207,-0.5319148936170216,HIGH
Calm,Positioning,Krishna Rikta,2.0,174,27,62,-20.114942528735632,-15.625,HIGH
Calm,Positioning,Krishna Rikta,4.0,126,29,32,-2.380952380952381,-1.7045454545454546,HIGH
Calm,Positioning,Krishna Rikta,1.0,142,17,44,-19.01408450704225,-14.062499999999996,HIGH
Calm,Positioning,Krishna Rikta,6.0,110,20,26,-5.454545454545453,-3.749999999999999,HIGH
Calm,Positioning,Krishna Rikta,9.0,127,28,37,-7.0866141732283445,-5.084745762711863,HIGH
Calm,Positioning,Krishna Rikta,5.0,104,21,25,-3.8461538461538463,-2.5974025974025974,HIGH
Calm,Positioning,Krishna Rikta,8.0,119,12,45,-27.73109243697479,-19.526627218934912,HIGH
Calm,Positioning,Krishna Rikta,3.0,152,18,45,-17.763157894736842,-13.366336633663366,HIGH
Calm,Closing,Krishna Jaya,7.0,114,21,33,-10.526315789473687,-7.3170731707317085,HIGH
Calm,Closing,Krishna Jaya,2.0,145,26,50,-16.551724137931036,-12.307692307692308,HIGH
Calm,Closing,Krishna Jaya,4.0,111,12,30,-16.216216216216218,-11.180124223602485,HIGH
Calm,Closing,Krishna Jaya,1.0,126,36,42,-4.761904761904762,-3.409090909090909,HIGH
Calm,Closing,Krishna Jaya,6.0,97,20,27,-7.216494845360827,-4.761904761904763,HIGH
Calm,Closing,Krishna Jaya,9.0,101,31,26,4.95049504950495,3.3112582781456945,HIGH
Calm,Closing,Krishna Jaya,5.0,93,12,28,-17.20430107526882,-11.18881118881119,HIGH
Calm,Closing,Krishna Jaya,8.0,88,17,16,1.1363636363636354,0.7246376811594196,HIGH
Calm,Closing,Krishna Jaya,3.0,137,18,42,-17.51824817518248,-12.834224598930483,HIGH
Calm,Closing,Krishna Bhadra,7.0,82,19,24,-6.0975609756097535,-3.7878787878787863,HIGH
Calm,Closing,Krishna Bhadra,2.0,86,11,28,-19.76744186046512,-12.500000000000002,HIGH
Calm,Closing,Krishna Bhadra,4.0,78,14,20,-7.69230769230769,-4.687499999999998,HIGH
Calm,Closing,Krishna Bhadra,1.0,73,14,19,-6.8493150684931505,-4.065040650406504,HIGH
Calm,Closing,Krishna Bhadra,6.0,65,17,15,3.076923076923077,1.7391304347826086,HIGH
Calm,Closing,Krishna Bhadra,9.0,71,14,24,-14.084507042253522,-8.264462809917356,HIGH
Calm,Closing,Krishna Bhadra,5.0,75,9,24,-20.0,-12.0,HIGH
Calm,Closing,Krishna Bhadra,8.0,70,13,13,0.0,0.0,HIGH
Calm,Closing,Krishna Bhadra,3.0,94,12,28,-17.02127659574468,-11.11111111111111,HIGH
Calm,Closing,Krishna Nanda,7.0,87,18,31,-14.942528735632186,-9.489051094890511,HIGH
Calm,Closing,Krishna Nanda,2.0,109,22,34,-11.009174311926607,-7.547169811320756,HIGH
Calm,Closing,Krishna Nanda,4.0,97,19,33,-14.432989690721651,-9.523809523809524,HIGH
Calm,Closing,Krishna Nanda,1.0,89,13,39,-29.21348314606742,-18.705035971223026,HIGH
Calm,Closing,Krishna Nanda,6.0,74,20,25,-6.756756756756754,-4.032258064516128,HIGH
Calm,Closing,Krishna Nanda,9.0,102,10,33,-22.54901960784314,-15.131578947368421,HIGH
Calm,Closing,Krishna Nanda,5.0,77,14,27,-16.883116883116884,-10.236220472440946,HIGH
Calm,Closing,Krishna Nanda,8.0,86,9,29,-23.25581395348837,-14.705882352941176,HIGH
Calm,Closing,Krishna Nanda,3.0,113,23,35,-10.61946902654867,-7.3619631901840465,HIGH
Calm,Closing,Krishna Purna,7.0,91,26,23,3.296703296703296,2.127659574468085,HIGH
Calm,Closing,Krishna Purna,2.0,117,33,30,2.564102564102566,1.7964071856287438,HIGH
Calm,Closing,Krishna Purna,4.0,101,28,30,-1.9801980198019764,-1.3245033112582756,HIGH
Calm,Closing,Krishna Purna,1.0,113,45,21,21.238938053097346,14.723926380368098,HIGH
Calm,Closing,Krishna Purna,6.0,93,24,21,3.225806451612903,2.0979020979020975,HIGH
Calm,Closing,Krishna Purna,9.0,97,31,24,7.216494845360821,4.761904761904759,HIGH
Calm,Closing,Krishna Purna,5.0,84,29,15,16.666666666666664,10.44776119402985,HIGH
Calm,Closing,Krishna Purna,8.0,111,34,35,-0.9009009009009028,-0.6211180124223615,HIGH
Calm,Closing,Krishna Purna,3.0,123,35,26,7.317073170731706,5.202312138728323,HIGH
Calm,Closing,Shukla Purna,7.0,115,30,33,-2.608695652173915,-1.8181818181818197,HIGH
Calm,Closing,Shukla Purna,2.0,158,45,47,-1.2658227848101222,-0.9615384615384582,HIGH
Calm,Closing,Shukla Purna,4.0,119,29,30,-0.8403361344537813,-0.5917159763313609,HIGH
Calm,Closing,Shukla Purna,1.0,127,40,36,3.149606299212598,2.2598870056497176,HIGH
Calm,Closing,Shukla Purna,6.0,101,28,13,14.851485148514854,9.933774834437088,HIGH
Calm,Closing,Shukla Purna,9.0,138,36,30,4.3478260869565215,3.1914893617021276,HIGH
Calm,Closing,Shukla Purna,5.0,87,21,27,-6.896551724137931,-4.37956204379562,HIGH
Calm,Closing,Shukla Purna,8.0,87,12,32,-22.988505747126435,-14.598540145985401,HIGH
Calm,Closing,Shukla Purna,3.0,120,24,35,-9.166666666666668,-6.470588235294119,HIGH
Calm,Closing,Shukla Rikta,7.0,127,42,22,15.748031496062994,11.29943502824859,HIGH
Calm,Closing,Shukla Rikta,2.0,175,52,35,9.714285714285714,7.555555555555555,HIGH
Calm,Closing,Shukla Rikta,4.0,119,36,22,11.764705882352938,8.284023668639051,HIGH
Calm,Closing,Shukla Rikta,1.0,156,58,29,18.58974358974359,14.077669902912623,HIGH
Calm,Closing,Shukla Rikta,6.0,118,39,27,10.16949152542373,7.142857142857143,HIGH
Calm,Closing,Shukla Rikta,9.0,151,52,29,15.231788079470196,11.442786069651739,HIGH
Calm,Closing,Shukla Rikta,5.0,115,42,17,21.73913043478261,15.151515151515152,HIGH
Calm,Closing,Shukla Rikta,8.0,133,39,32,5.263157894736842,3.8251366120218577,HIGH
Calm,Closing,Shukla Rikta,3.0,160,56,27,18.124999999999996,13.809523809523807,HIGH
Calm,Closing,Shukla Nanda,7.0,147,34,59,-17.006802721088434,-12.690355329949238,HIGH
Calm,Closing,Shukla Nanda,2.0,193,54,54,0.0,0.0,HIGH
Calm,Closing,Shukla Nanda,4.0,116,35,29,5.1724137931034475,3.614457831325301,HIGH
Calm,Closing,Shukla Nanda,1.0,157,33,39,-3.821656050955413,-2.8985507246376807,HIGH
Calm,Closing,Shukla Nanda,6.0,102,25,22,2.9411764705882333,1.9736842105263144,HIGH
Calm,Closing,Shukla Nanda,9.0,155,33,48,-9.677419354838712,-7.3170731707317085,HIGH
Calm,Closing,Shukla Nanda,5.0,131,26,33,-5.343511450381677,-3.8674033149171256,HIGH
Calm,Closing,Shukla Nanda,8.0,152,46,46,0.0,0.0,HIGH
Calm,Closing,Shukla Nanda,3.0,168,42,35,4.166666666666666,3.2110091743119265,HIGH
Calm,Closing,Shukla Jaya,7.0,163,46,37,5.521472392638035,4.225352112676055,HIGH
Calm,Closing,Shukla Jaya,2.0,219,56,57,-0.45662100456621,-0.37174721189591076,HIGH
Calm,Closing,Shukla Jaya,4.0,137,45,35,7.299270072992697,5.347593582887698,HIGH
Calm,Closing,Shukla Jaya,1.0,180,63,49,7.777777777777778,6.086956521739131,HIGH
Calm,Closing,Shukla Jaya,6.0,140,45,39,4.285714285714287,3.157894736842106,HIGH
Calm,Closing,Shukla Jaya,9.0,214,53,40,6.074766355140188,4.924242424242425,HIGH
Calm,Closing,Shukla Jaya,5.0,147,33,29,2.72108843537415,2.0304568527918785,HIGH
Calm,Closing,Shukla Jaya,8.0,189,45,40,2.6455026455026456,2.092050209205021,HIGH
Calm,Closing,Shukla Jaya,3.0,231,67,52,6.493506493506493,5.338078291814946,HIGH
Calm,Closing,Shukla Bhadra,7.0,125,42,28,11.200000000000001,8.000000000000002,HIGH
Calm,Closing,Shukla Bhadra,2.0,162,47,27,12.34567901234568,9.433962264150946,HIGH
Calm,Closing,Shukla Bhadra,4.0,106,33,28,4.716981132075471,3.205128205128205,HIGH
Calm,Closing,Shukla Bhadra,1.0,128,36,25,8.59375,6.179775280898876,HIGH
Calm,Closing,Shukla Bhadra,6.0,94,25,21,4.255319148936171,2.7777777777777786,HIGH
Calm,Closing,Shukla Bhadra,9.0,136,40,29,8.088235294117649,5.913978494623657,HIGH
Calm,Closing,Shukla Bhadra,5.0,86,21,16,5.813953488372093,3.676470588235294,HIGH
Calm,Closing,Shukla Bhadra,8.0,120,26,26,0.0,0.0,HIGH
Calm,Closing,Shukla Bhadra,3.0,146,47,40,4.794520547945208,3.5714285714285734,HIGH
Calm,Closing,Krishna Rikta,7.0,61,11,15,-6.557377049180327,-3.6036036036036037,HIGH
Calm,Closing,Krishna Rikta,2.0,69,16,15,1.4492753623188415,0.8403361344537821,HIGH
Calm,Closing,Krishna Rikta,4.0,54,8,15,-12.962962962962965,-6.730769230769233,HIGH
Calm,Closing,Krishna Rikta,1.0,58,18,11,12.06896551724138,6.481481481481483,HIGH
Calm,Closing,Krishna Rikta,6.0,47,11,12,-2.1276595744680824,-1.0309278350515452,HIGH
Calm,Closing,Krishna Rikta,9.0,53,3,12,-16.9811320754717,-8.737864077669903,HIGH
Calm,Closing,Krishna Rikta,5.0,33,3,9,-18.18181818181818,-7.228915662650602,HIGH
Calm,Closing,Krishna Rikta,8.0,37,5,8,-8.108108108108109,-3.4482758620689657,HIGH
Calm,Closing,Krishna Rikta,3.0,63,12,23,-17.46031746031746,-9.734513274336281,HIGH
Moderate,Positioning,Krishna Bhadra,7.0,69,14,19,-7.246376811594201,-4.201680672268907,HIGH
Moderate,Positioning,Krishna Bhadra,2.0,82,15,20,-6.097560975609756,-3.787878787878788,HIGH
Moderate,Positioning,Krishna Bhadra,4.0,67,11,21,-14.92537313432836,-8.547008547008549,HIGH
Moderate,Positioning,Krishna Bhadra,1.0,62,18,14,6.451612903225809,3.571428571428573,HIGH
Moderate,Positioning,Krishna Bhadra,6.0,52,13,9,7.6923076923076925,3.9215686274509802,HIGH
Moderate,Positioning,Krishna Bhadra,9.0,61,18,17,1.6393442622950838,0.900900900900902,HIGH
Moderate,Positioning,Krishna Bhadra,5.0,55,12,19,-12.727272727272728,-6.666666666666668,HIGH
Moderate,Positioning,Krishna Bhadra,8.0,64,13,19,-9.375,-5.263157894736842,HIGH
Moderate,Positioning,Krishna Bhadra,3.0,75,16,19,-4.000000000000001,-2.4000000000000004,HIGH
Moderate,Positioning,Krishna Nanda,7.0,51,9,26,-33.33333333333333,-16.83168316831683,HIGH
Moderate,Positioning,Krishna Nanda,2.0,40,8,14,-14.999999999999996,-6.666666666666664,HIGH
Moderate,Positioning,Krishna Nanda,4.0,41,7,21,-34.14634146341463,-15.384615384615383,HIGH
Moderate,Positioning,Krishna Nanda,1.0,42,7,28,-50.0,-22.82608695652174,HIGH
Moderate,Positioning,Krishna Nanda,6.0,25,5,7,-8.000000000000002,-2.666666666666667,EXPLORATORY
Moderate,Positioning,Krishna Nanda,9.0,47,8,29,-44.680851063829785,-21.649484536082472,HIGH
Moderate,Positioning,Krishna Nanda,5.0,26,4,8,-15.384615384615385,-5.2631578947368425,EXPLORATORY
Moderate,Positioning,Krishna Nanda,8.0,34,10,17,-20.588235294117645,-8.333333333333332,HIGH
Moderate,Positioning,Krishna Nanda,3.0,48,11,21,-20.833333333333336,-10.204081632653063,HIGH
Moderate,Positioning,Krishna Purna,7.0,59,13,13,0.0,0.0,HIGH
Moderate,Positioning,Krishna Purna,2.0,89,23,18,5.61797752808989,3.597122302158275,HIGH
Moderate,Positioning,Krishna Purna,4.0,42,18,4,33.33333333333333,15.217391304347823,HIGH
Moderate,Positioning,Krishna Purna,1.0,49,21,5,32.6530612244898,16.161616161616163,HIGH
Moderate,Positioning,Krishna Purna,6.0,53,17,18,-1.8867924528301883,-0.9708737864077668,HIGH
Moderate,Positioning,Krishna Purna,9.0,52,12,9,5.769230769230771,2.941176470588236,HIGH
Moderate,Positioning,Krishna Purna,5.0,53,21,6,28.301886792452834,14.563106796116507,HIGH
Moderate,Positioning,Krishna Purna,8.0,57,26,9,29.82456140350877,15.887850467289717,HIGH
Moderate,Positioning,Krishna Purna,3.0,73,19,9,13.698630136986301,8.130081300813009,HIGH
Moderate,Positioning,Shukla Bhadra,7.0,16,2,6,-25.0,-6.0606060606060606,EXPLORATORY
Moderate,Positioning,Shukla Bhadra,2.0,26,4,6,-7.6923076923076925,-2.6315789473684212,EXPLORATORY
Moderate,Positioning,Shukla Bhadra,4.0,8,2,2,0.0,0.0,WEAK
Moderate,Positioning,Shukla Bhadra,1.0,16,2,8,-37.5,-9.090909090909092,EXPLORATORY
Moderate,Positioning,Shukla Bhadra,6.0,8,2,4,-25.0,-3.4482758620689653,WEAK
Moderate,Positioning,Shukla Bhadra,9.0,18,4,0,22.22222222222222,5.88235294117647,EXPLORATORY
Moderate,Positioning,Shukla Bhadra,5.0,16,2,4,-12.5,-3.0303030303030303,EXPLORATORY
Moderate,Positioning,Shukla Bhadra,8.0,14,0,8,-57.14285714285714,-12.5,WEAK
Moderate,Positioning,Shukla Bhadra,3.0,24,2,6,-16.666666666666668,-5.405405405405406,EXPLORATORY
Moderate,Positioning,Shukla Nanda,7.0,47,12,14,-4.255319148936171,-2.061855670103093,HIGH
Moderate,Positioning,Shukla Nanda,2.0,62,15,13,3.225806451612903,1.7857142857142858,HIGH
Moderate,Positioning,Shukla Nanda,4.0,63,18,13,7.936507936507936,4.424778761061947,HIGH
Moderate,Positioning,Shukla Nanda,1.0,60,10,15,-8.333333333333334,-4.545454545454546,HIGH
Moderate,Positioning,Shukla Nanda,6.0,46,15,11,8.695652173913043,4.166666666666667,HIGH
Moderate,Positioning,Shukla Nanda,9.0,57,12,19,-12.280701754385964,-6.542056074766354,HIGH
Moderate,Positioning,Shukla Nanda,5.0,48,10,5,10.416666666666668,5.102040816326531,HIGH
Moderate,Positioning,Shukla Nanda,8.0,59,15,16,-1.6949152542372892,-0.917431192660551,HIGH
Moderate,Positioning,Shukla Nanda,3.0,56,13,13,0.0,0.0,HIGH
Moderate,Positioning,Krishna Rikta,7.0,81,15,39,-29.629629629629626,-18.3206106870229,HIGH
Moderate,Positioning,Krishna Rikta,2.0,100,27,18,9.000000000000002,6.000000000000001,HIGH
Moderate,Positioning,Krishna Rikta,4.0,76,14,26,-15.789473684210527,-9.523809523809524,HIGH
Moderate,Positioning,Krishna Rikta,1.0,88,11,25,-15.909090909090912,-10.144927536231885,HIGH
Moderate,Positioning,Krishna Rikta,6.0,61,18,20,-3.2786885245901622,-1.801801801801801,HIGH
Moderate,Positioning,Krishna Rikta,9.0,78,17,26,-11.538461538461537,-7.031249999999999,HIGH
Moderate,Positioning,Krishna Rikta,5.0,63,12,19,-11.11111111111111,-6.1946902654867255,HIGH
Moderate,Positioning,Krishna Rikta,8.0,63,13,23,-15.873015873015872,-8.849557522123893,HIGH
Moderate,Positioning,Krishna Rikta,3.0,97,15,29,-14.432989690721648,-9.523809523809522,HIGH
Moderate,Positioning,Shukla Purna,7.0,76,43,8,46.05263157894737,27.77777777777778,HIGH
Moderate,Positioning,Shukla Purna,2.0,101,38,22,15.841584158415841,10.596026490066224,HIGH
Moderate,Positioning,Shukla Purna,4.0,66,22,12,15.151515151515149,8.620689655172413,HIGH
Moderate,Positioning,Shukla Purna,1.0,89,38,23,16.85393258426966,10.791366906474819,HIGH
Moderate,Positioning,Shukla Purna,6.0,68,30,14,23.52941176470588,13.559322033898304,HIGH
Moderate,Positioning,Shukla Purna,9.0,73,29,10,26.027397260273972,15.447154471544716,HIGH
Moderate,Positioning,Shukla Purna,5.0,64,26,12,21.875,12.280701754385964,HIGH
Moderate,Positioning,Shukla Purna,8.0,68,22,12,14.705882352941178,8.474576271186441,HIGH
Moderate,Positioning,Shukla Purna,3.0,88,39,13,29.54545454545454,18.840579710144922,HIGH
Moderate,Positioning,Shukla Rikta,7.0,60,28,11,28.333333333333332,15.454545454545453,HIGH
Moderate,Positioning,Shukla Rikta,2.0,74,17,15,2.7027027027027026,1.6129032258064517,HIGH
Moderate,Positioning,Shukla Rikta,4.0,53,20,6,26.415094339622648,13.59223300970874,HIGH
Moderate,Positioning,Shukla Rikta,1.0,54,19,9,18.51851851851852,9.615384615384617,HIGH
Moderate,Positioning,Shukla Rikta,6.0,43,25,3,51.162790697674424,23.655913978494624,HIGH
Moderate,Positioning,Shukla Rikta,9.0,63,35,9,41.26984126984127,23.008849557522126,HIGH
Moderate,Positioning,Shukla Rikta,5.0,52,20,13,13.461538461538463,6.862745098039216,HIGH
Moderate,Positioning,Shukla Rikta,8.0,60,22,7,24.999999999999996,13.636363636363633,HIGH
Moderate,Positioning,Shukla Rikta,3.0,68,24,12,17.647058823529413,10.16949152542373,HIGH
Moderate,Positioning,Shukla Jaya,7.0,95,16,31,-15.789473684210527,-10.344827586206897,HIGH
Moderate,Positioning,Shukla Jaya,2.0,96,18,35,-17.708333333333332,-11.643835616438354,HIGH
Moderate,Positioning,Shukla Jaya,4.0,83,19,17,2.409638554216867,1.5037593984962403,HIGH
Moderate,Positioning,Shukla Jaya,1.0,98,25,21,4.081632653061226,2.702702702702704,HIGH
Moderate,Positioning,Shukla Jaya,6.0,61,10,19,-14.75409836065574,-8.10810810810811,HIGH
Moderate,Positioning,Shukla Jaya,9.0,86,22,24,-2.325581395348836,-1.4705882352941169,HIGH
Moderate,Positioning,Shukla Jaya,5.0,53,6,19,-24.528301886792452,-12.62135922330097,HIGH
Moderate,Positioning,Shukla Jaya,8.0,90,28,17,12.222222222222223,7.8571428571428585,HIGH
Moderate,Positioning,Shukla Jaya,3.0,113,22,43,-18.584070796460175,-12.883435582822084,HIGH
Moderate,Positioning,Krishna Jaya,7.0,60,5,19,-23.333333333333332,-12.727272727272725,HIGH
Moderate,Positioning,Krishna Jaya,2.0,49,20,13,14.285714285714285,7.070707070707071,HIGH
Moderate,Positioning,Krishna Jaya,4.0,63,17,18,-1.5873015873015872,-0.8849557522123893,HIGH
Moderate,Positioning,Krishna Jaya,1.0,50,11,19,-16.0,-8.0,HIGH
Moderate,Positioning,Krishna Jaya,6.0,41,5,13,-19.51219512195122,-8.791208791208792,HIGH
Moderate,Positioning,Krishna Jaya,9.0,58,12,21,-15.517241379310345,-8.333333333333334,HIGH
Moderate,Positioning,Krishna Jaya,5.0,57,12,13,-1.7543859649122806,-0.9345794392523363,HIGH
Moderate,Positioning,Krishna Jaya,8.0,42,13,10,7.142857142857145,3.260869565217392,HIGH
Moderate,Positioning,Krishna Jaya,3.0,58,13,28,-25.862068965517242,-13.888888888888891,HIGH
Moderate,Closing,Krishna Bhadra,7.0,52,13,14,-1.9230769230769218,-0.9803921568627444,HIGH
Moderate,Closing,Krishna Bhadra,2.0,64,12,18,-9.375,-5.263157894736842,HIGH
Moderate,Closing,Krishna Bhadra,4.0,38,3,13,-26.315789473684216,-11.363636363636367,HIGH
Moderate,Closing,Krishna Bhadra,1.0,53,10,18,-15.094339622641506,-7.766990291262134,HIGH
Moderate,Closing,Krishna Bhadra,6.0,38,7,10,-7.894736842105263,-3.409090909090909,HIGH
Moderate,Closing,Krishna Bhadra,9.0,45,7,20,-28.888888888888886,-13.684210526315788,HIGH
Moderate,Closing,Krishna Bhadra,5.0,35,2,16,-40.0,-16.470588235294116,HIGH
Moderate,Closing,Krishna Bhadra,8.0,55,11,13,-3.636363636363635,-1.904761904761904,HIGH
Moderate,Closing,Krishna Bhadra,3.0,63,13,19,-9.523809523809524,-5.309734513274336,HIGH
Moderate,Closing,Krishna Nanda,7.0,107,33,24,8.411214953271026,5.732484076433119,HIGH
Moderate,Closing,Krishna Nanda,2.0,134,43,37,4.4776119402985035,3.2608695652173885,HIGH
Moderate,Closing,Krishna Nanda,4.0,94,32,17,15.957446808510637,10.416666666666666,HIGH
Moderate,Closing,Krishna Nanda,1.0,98,44,21,23.46938775510204,15.54054054054054,HIGH
Moderate,Closing,Krishna Nanda,6.0,88,27,21,6.8181818181818175,4.347826086956521,HIGH
Moderate,Closing,Krishna Nanda,9.0,95,30,18,12.63157894736842,8.275862068965516,HIGH
Moderate,Closing,Krishna Nanda,5.0,94,37,13,25.531914893617024,16.666666666666668,HIGH
Moderate,Closing,Krishna Nanda,8.0,88,40,22,20.454545454545453,13.043478260869563,HIGH
Moderate,Closing,Krishna Nanda,3.0,126,44,29,11.904761904761903,8.522727272727272,HIGH
Moderate,Closing,Krishna Purna,7.0,82,17,32,-18.292682926829272,-11.363636363636367,HIGH
Moderate,Closing,Krishna Purna,2.0,86,13,34,-24.418604651162788,-15.441176470588234,HIGH
Moderate,Closing,Krishna Purna,4.0,61,9,28,-31.147540983606557,-17.117117117117118,HIGH
Moderate,Closing,Krishna Purna,1.0,69,16,28,-17.39130434782609,-10.084033613445381,HIGH
Moderate,Closing,Krishna Purna,6.0,56,15,19,-7.142857142857145,-3.7735849056603783,HIGH
Moderate,Closing,Krishna Purna,9.0,74,18,33,-20.27027027027027,-12.096774193548388,HIGH
Moderate,Closing,Krishna Purna,5.0,50,6,16,-20.0,-10.0,HIGH
Moderate,Closing,Krishna Purna,8.0,58,11,25,-24.137931034482758,-12.962962962962964,HIGH
Moderate,Closing,Krishna Purna,3.0,90,17,38,-23.333333333333332,-15.0,HIGH
Moderate,Closing,Shukla Bhadra,7.0,95,25,39,-14.73684210526316,-9.655172413793103,HIGH
Moderate,Closing,Shukla Bhadra,2.0,123,28,38,-8.13008130081301,-5.7803468208092506,HIGH
Moderate,Closing,Shukla Bhadra,4.0,88,10,42,-36.36363636363637,-23.18840579710145,HIGH
Moderate,Closing,Shukla Bhadra,1.0,117,31,38,-5.982905982905984,-4.1916167664670665,HIGH
Moderate,Closing,Shukla Bhadra,6.0,69,18,28,-14.49275362318841,-8.403361344537819,HIGH
Moderate,Closing,Shukla Bhadra,9.0,112,34,41,-6.25,-4.320987654320987,HIGH
Moderate,Closing,Shukla Bhadra,5.0,63,13,25,-19.047619047619047,-10.619469026548671,HIGH
Moderate,Closing,Shukla Bhadra,8.0,94,34,22,12.765957446808512,8.333333333333334,HIGH
Moderate,Closing,Shukla Bhadra,3.0,114,22,39,-14.912280701754387,-10.365853658536585,HIGH
Moderate,Closing,Shukla Nanda,7.0,33,10,7,9.090909090909092,3.6144578313253017,HIGH
Moderate,Closing,Shukla Nanda,2.0,33,9,10,-3.030303030303033,-1.2048192771084347,HIGH
Moderate,Closing,Shukla Nanda,4.0,37,9,11,-5.405405405405405,-2.2988505747126435,HIGH
Moderate,Closing,Shukla Nanda,1.0,44,13,6,15.909090909090912,7.4468085106382995,HIGH
Moderate,Closing,Shukla Nanda,6.0,33,7,9,-6.060606060606058,-2.4096385542168663,HIGH
Moderate,Closing,Shukla Nanda,9.0,37,8,14,-16.216216216216218,-6.8965517241379315,HIGH
Moderate,Closing,Shukla Nanda,5.0,25,5,13,-32.0,-10.666666666666666,EXPLORATORY
Moderate,Closing,Shukla Nanda,8.0,43,11,9,4.651162790697675,2.150537634408602,HIGH
Moderate,Closing,Shukla Nanda,3.0,60,21,15,9.999999999999998,5.454545454545453,HIGH
Moderate,Closing,Krishna Rikta,7.0,101,22,34,-11.881188118811883,-7.9470198675496695,HIGH
Moderate,Closing,Krishna Rikta,2.0,111,29,27,1.8018018018018,1.2422360248447193,HIGH
Moderate,Closing,Krishna Rikta,4.0,72,20,21,-1.3888888888888895,-0.8196721311475413,HIGH
Moderate,Closing,Krishna Rikta,1.0,107,30,31,-0.9345794392523366,-0.6369426751592357,HIGH
Moderate,Closing,Krishna Rikta,6.0,79,17,27,-12.658227848101264,-7.751937984496123,HIGH
Moderate,Closing,Krishna Rikta,9.0,76,23,21,2.631578947368418,1.5873015873015854,HIGH
Moderate,Closing,Krishna Rikta,5.0,76,16,25,-11.842105263157897,-7.142857142857144,HIGH
Moderate,Closing,Krishna Rikta,8.0,83,22,29,-8.433734939759036,-5.2631578947368425,HIGH
Moderate,Closing,Krishna Rikta,3.0,98,25,28,-3.061224489795916,-2.0270270270270254,HIGH
Moderate,Closing,Shukla Purna,7.0,60,17,20,-4.999999999999999,-2.7272727272727266,HIGH
Moderate,Closing,Shukla Purna,2.0,67,20,19,1.4925373134328346,0.8547008547008539,HIGH
Moderate,Closing,Shukla Purna,4.0,63,20,10,15.873015873015872,8.849557522123893,HIGH
Moderate,Closing,Shukla Purna,1.0,62,16,17,-1.6129032258064502,-0.8928571428571421,HIGH
Moderate,Closing,Shukla Purna,6.0,53,7,14,-13.20754716981132,-6.796116504854369,HIGH
Moderate,Closing,Shukla Purna,9.0,67,21,19,2.985074626865675,1.709401709401711,HIGH
Moderate,Closing,Shukla Purna,5.0,65,16,17,-1.5384615384615385,-0.8695652173913043,HIGH
Moderate,Closing,Shukla Purna,8.0,73,16,16,0.0,0.0,HIGH
Moderate,Closing,Shukla Purna,3.0,78,17,16,1.282051282051283,0.7812500000000006,HIGH
Moderate,Closing,Shukla Rikta,7.0,9,2,4,-22.22222222222222,-3.3898305084745766,WEAK
Moderate,Closing,Shukla Rikta,2.0,6,2,2,0.0,0.0,WEAK
Moderate,Closing,Shukla Rikta,4.0,5,3,0,60.0,5.454545454545455,WEAK
Moderate,Closing,Shukla Rikta,1.0,9,4,3,11.11111111111111,1.6949152542372883,WEAK
Moderate,Closing,Shukla Rikta,6.0,3,2,0,66.66666666666666,3.773584905660377,WEAK
Moderate,Closing,Shukla Rikta,9.0,10,3,3,0.0,0.0,WEAK
Moderate,Closing,Shukla Rikta,5.0,2,2,0,100.0,3.8461538461538463,WEAK
Moderate,Closing,Shukla Rikta,8.0,11,3,2,9.090909090909088,1.6393442622950816,WEAK
Moderate,Closing,Shukla Rikta,3.0,11,2,3,-9.090909090909088,-1.6393442622950816,WEAK
Moderate,Closing,Shukla Jaya,7.0,70,29,15,20.000000000000004,11.66666666666667,HIGH
Moderate,Closing,Shukla Jaya,2.0,90,32,10,24.444444444444446,15.714285714285717,HIGH
Moderate,Closing,Shukla Jaya,4.0,70,23,12,15.714285714285714,9.166666666666666,HIGH
Moderate,Closing,Shukla Jaya,1.0,90,33,8,27.777777777777775,17.857142857142858,HIGH
Moderate,Closing,Shukla Jaya,6.0,52,21,8,25.0,12.745098039215685,HIGH
Moderate,Closing,Shukla Jaya,9.0,78,35,13,28.205128205128204,17.1875,HIGH
Moderate,Closing,Shukla Jaya,5.0,60,17,8,15.0,8.181818181818182,HIGH
Moderate,Closing,Shukla Jaya,8.0,74,22,14,10.81081081081081,6.451612903225807,HIGH
Moderate,Closing,Shukla Jaya,3.0,70,19,13,8.57142857142857,4.999999999999999,HIGH
Moderate,Closing,Krishna Jaya,7.0,51,21,12,17.64705882352941,8.91089108910891,HIGH
Moderate,Closing,Krishna Jaya,2.0,72,19,16,4.166666666666669,2.4590163934426243,HIGH
Moderate,Closing,Krishna Jaya,4.0,50,18,4,27.999999999999996,13.999999999999998,HIGH
Moderate,Closing,Krishna Jaya,1.0,60,23,8,25.0,13.636363636363635,HIGH
Moderate,Closing,Krishna Jaya,6.0,48,20,6,29.166666666666668,14.285714285714286,HIGH
Moderate,Closing,Krishna Jaya,9.0,61,26,6,32.78688524590164,18.01801801801802,HIGH
Moderate,Closing,Krishna Jaya,5.0,49,15,8,14.285714285714288,7.070707070707073,HIGH
Moderate,Closing,Krishna Jaya,8.0,51,24,6,35.29411764705882,17.82178217821782,HIGH
Moderate,Closing,Krishna Jaya,3.0,70,21,7,20.0,11.666666666666668,HIGH
Moderate,Survival,Krishna Bhadra,7.0,106,44,19,23.584905660377363,16.02564102564103,HIGH
Moderate,Survival,Krishna Bhadra,2.0,128,46,29,13.28125,9.550561797752808,HIGH
Moderate,Survival,Krishna Bhadra,4.0,90,25,25,0.0,0.0,HIGH
Moderate,Survival,Krishna Bhadra,1.0,105,31,32,-0.9523809523809545,-0.6451612903225821,HIGH
Moderate,Survival,Krishna Bhadra,6.0,104,32,29,2.8846153846153855,1.9480519480519487,HIGH
Moderate,Survival,Krishna Bhadra,9.0,107,39,18,19.626168224299064,13.375796178343947,HIGH
Moderate,Survival,Krishna Bhadra,5.0,93,32,27,5.376344086021506,3.4965034965034967,HIGH
Moderate,Survival,Krishna Bhadra,8.0,81,38,16,27.160493827160494,16.793893129770993,HIGH
Moderate,Survival,Krishna Bhadra,3.0,139,42,47,-3.597122302158273,-2.6455026455026456,HIGH
Moderate,Survival,Krishna Nanda,7.0,142,39,20,13.380281690140846,9.895833333333334,HIGH
Moderate,Survival,Krishna Nanda,2.0,187,63,35,14.973262032085563,11.814345991561183,HIGH
Moderate,Survival,Krishna Nanda,4.0,121,35,27,6.611570247933882,4.678362573099413,HIGH
Moderate,Survival,Krishna Nanda,1.0,136,34,37,-2.205882352941174,-1.6129032258064497,HIGH
Moderate,Survival,Krishna Nanda,6.0,129,42,28,10.852713178294577,7.821229050279332,HIGH
Moderate,Survival,Krishna Nanda,9.0,161,38,46,-4.968944099378881,-3.7914691943127954,HIGH
Moderate,Survival,Krishna Nanda,5.0,116,28,36,-6.896551724137931,-4.8192771084337345,HIGH
Moderate,Survival,Krishna Nanda,8.0,126,30,29,0.7936507936507936,0.5681818181818181,HIGH
Moderate,Survival,Krishna Nanda,3.0,181,36,57,-11.60220994475138,-9.09090909090909,HIGH
Moderate,Survival,Krishna Purna,7.0,140,23,36,-9.285714285714283,-6.842105263157892,HIGH
Moderate,Survival,Krishna Purna,2.0,207,34,63,-14.009661835748794,-11.284046692607006,HIGH
Moderate,Survival,Krishna Purna,4.0,142,32,33,-0.7042253521126751,-0.5208333333333327,HIGH
Moderate,Survival,Krishna Purna,1.0,160,42,37,3.125,2.380952380952381,HIGH
Moderate,Survival,Krishna Purna,6.0,140,35,43,-5.714285714285716,-4.210526315789475,HIGH
Moderate,Survival,Krishna Purna,9.0,164,38,48,-6.0975609756097535,-4.6728971962616805,HIGH
Moderate,Survival,Krishna Purna,5.0,122,24,25,-0.8196721311475419,-0.58139534883721,HIGH
Moderate,Survival,Krishna Purna,8.0,151,32,44,-7.947019867549668,-5.970149253731343,HIGH
Moderate,Survival,Krishna Purna,3.0,184,32,58,-14.130434782608697,-11.111111111111112,HIGH
Moderate,Survival,Shukla Bhadra,7.0,214,61,63,-0.9345794392523366,-0.7575757575757576,HIGH
Moderate,Survival,Shukla Bhadra,2.0,200,44,71,-13.499999999999998,-10.799999999999999,HIGH
Moderate,Survival,Shukla Bhadra,4.0,199,42,63,-10.552763819095476,-8.433734939759034,HIGH
Moderate,Survival,Shukla Bhadra,1.0,200,45,65,-10.0,-8.0,HIGH
Moderate,Survival,Shukla Bhadra,6.0,171,40,65,-14.619883040935672,-11.312217194570136,HIGH
Moderate,Survival,Shukla Bhadra,9.0,210,55,77,-10.476190476190473,-8.461538461538458,HIGH
Moderate,Survival,Shukla Bhadra,5.0,163,49,40,5.521472392638035,4.225352112676055,HIGH
Moderate,Survival,Shukla Bhadra,8.0,173,36,58,-12.716763005780345,-9.865470852017935,HIGH
Moderate,Survival,Shukla Bhadra,3.0,229,49,85,-15.720524017467246,-12.90322580645161,HIGH
Moderate,Survival,Shukla Nanda,7.0,60,22,13,14.999999999999996,8.18181818181818,HIGH
Moderate,Survival,Shukla Nanda,2.0,83,25,18,8.433734939759038,5.263157894736843,HIGH
Moderate,Survival,Shukla Nanda,4.0,58,12,20,-13.793103448275865,-7.407407407407409,HIGH
Moderate,Survival,Shukla Nanda,1.0,70,16,19,-4.285714285714285,-2.4999999999999996,HIGH
Moderate,Survival,Shukla Nanda,6.0,57,15,22,-12.280701754385964,-6.542056074766354,HIGH
Moderate,Survival,Shukla Nanda,9.0,75,27,15,15.999999999999998,9.599999999999998,HIGH
Moderate,Survival,Shukla Nanda,5.0,51,7,16,-17.64705882352941,-8.91089108910891,HIGH
Moderate,Survival,Shukla Nanda,8.0,69,18,13,7.246376811594201,4.201680672268907,HIGH
Moderate,Survival,Shukla Nanda,3.0,80,21,21,0.0,0.0,HIGH
Moderate,Survival,Krishna Rikta,7.0,140,18,48,-21.42857142857143,-15.789473684210527,HIGH
Moderate,Survival,Krishna Rikta,2.0,175,23,65,-24.000000000000004,-18.66666666666667,HIGH
Moderate,Survival,Krishna Rikta,4.0,126,26,32,-4.761904761904762,-3.409090909090909,HIGH
Moderate,Survival,Krishna Rikta,1.0,148,23,53,-20.27027027027027,-15.151515151515152,HIGH
Moderate,Survival,Krishna Rikta,6.0,100,21,41,-20.0,-13.333333333333332,HIGH
Moderate,Survival,Krishna Rikta,9.0,128,19,49,-23.4375,-16.853932584269664,HIGH
Moderate,Survival,Krishna Rikta,5.0,117,20,46,-22.22222222222222,-15.568862275449101,HIGH
Moderate,Survival,Krishna Rikta,8.0,111,29,43,-12.612612612612612,-8.695652173913043,HIGH
Moderate,Survival,Krishna Rikta,3.0,154,19,54,-22.72727272727273,-17.156862745098042,HIGH
Moderate,Survival,Shukla Purna,7.0,76,26,18,10.526315789473687,6.349206349206351,HIGH
Moderate,Survival,Shukla Purna,2.0,102,29,24,4.901960784313725,3.2894736842105257,HIGH
Moderate,Survival,Shukla Purna,4.0,54,11,7,7.4074074074074066,3.846153846153846,HIGH
Moderate,Survival,Shukla Purna,1.0,76,25,14,14.473684210526319,8.730158730158731,HIGH
Moderate,Survival,Shukla Purna,6.0,60,20,15,8.333333333333332,4.545454545454544,HIGH
Moderate,Survival,Shukla Purna,9.0,82,17,16,1.2195121951219496,0.7575757575757566,HIGH
Moderate,Survival,Shukla Purna,5.0,64,17,10,10.9375,6.140350877192982,HIGH
Moderate,Survival,Shukla Purna,8.0,73,16,19,-4.10958904109589,-2.4390243902439024,HIGH
Moderate,Survival,Shukla Purna,3.0,85,32,22,11.764705882352938,7.407407407407406,HIGH
Moderate,Survival,Shukla Rikta,7.0,76,14,27,-17.105263157894736,-10.317460317460316,HIGH
Moderate,Survival,Shukla Rikta,2.0,68,21,16,7.35294117647059,4.2372881355932215,HIGH
Moderate,Survival,Shukla Rikta,4.0,63,13,19,-9.523809523809524,-5.309734513274336,HIGH
Moderate,Survival,Shukla Rikta,1.0,90,30,23,7.777777777777778,5.0,HIGH
Moderate,Survival,Shukla Rikta,6.0,51,14,15,-1.9607843137254888,-0.9900990099009894,HIGH
Moderate,Survival,Shukla Rikta,9.0,64,18,18,0.0,0.0,HIGH
Moderate,Survival,Shukla Rikta,5.0,48,10,16,-12.499999999999996,-6.122448979591835,HIGH
Moderate,Survival,Shukla Rikta,8.0,65,21,22,-1.5384615384615385,-0.8695652173913043,HIGH
Moderate,Survival,Shukla Rikta,3.0,87,15,32,-19.54022988505747,-12.408759124087592,HIGH
Moderate,Survival,Shukla Jaya,7.0,117,36,21,12.820512820512823,8.982035928143715,HIGH
Moderate,Survival,Shukla Jaya,2.0,150,59,28,20.666666666666664,15.499999999999998,HIGH
Moderate,Survival,Shukla Jaya,4.0,113,30,24,5.309734513274339,3.6809815950920264,HIGH
Moderate,Survival,Shukla Jaya,1.0,113,35,27,7.079646017699112,4.907975460122697,HIGH
Moderate,Survival,Shukla Jaya,6.0,97,30,19,11.34020618556701,7.482993197278911,HIGH
Moderate,Survival,Shukla Jaya,9.0,140,39,23,11.428571428571429,8.421052631578947,HIGH
Moderate,Survival,Shukla Jaya,5.0,108,27,35,-7.4074074074074066,-5.063291139240506,HIGH
Moderate,Survival,Shukla Jaya,8.0,129,37,36,0.7751937984496138,0.5586592178770959,HIGH
Moderate,Survival,Shukla Jaya,3.0,151,53,43,6.622516556291391,4.975124378109453,HIGH
Moderate,Survival,Krishna Jaya,7.0,127,45,33,9.448818897637794,6.779661016949152,HIGH
Moderate,Survival,Krishna Jaya,2.0,153,52,28,15.686274509803924,11.822660098522169,HIGH
Moderate,Survival,Krishna Jaya,4.0,106,26,21,4.716981132075471,3.205128205128205,HIGH
Moderate,Survival,Krishna Jaya,1.0,129,49,19,23.25581395348837,16.75977653631285,HIGH
Moderate,Survival,Krishna Jaya,6.0,122,34,32,1.6393442622950782,1.162790697674416,HIGH
Moderate,Survival,Krishna Jaya,9.0,146,51,28,15.753424657534248,11.734693877551022,HIGH
Moderate,Survival,Krishna Jaya,5.0,126,43,37,4.761904761904762,3.409090909090909,HIGH
Moderate,Survival,Krishna Jaya,8.0,145,41,36,3.448275862068967,2.564102564102565,HIGH
Moderate,Survival,Krishna Jaya,3.0,153,32,31,0.6535947712418305,0.492610837438424,HIGH
Moderate,Open,Krishna Bhadra,7.0,224,40,83,-19.196428571428573,-15.693430656934307,HIGH
Moderate,Open,Krishna Bhadra,2.0,288,73,87,-4.861111111111111,-4.1420118343195265,HIGH
Moderate,Open,Krishna Bhadra,4.0,208,43,74,-14.903846153846157,-12.015503875968994,HIGH
Moderate,Open,Krishna Bhadra,1.0,257,65,71,-2.3346303501945553,-1.9543973941368102,HIGH
Moderate,Open,Krishna Bhadra,6.0,234,57,68,-4.700854700854704,-3.8732394366197207,HIGH
Moderate,Open,Krishna Bhadra,9.0,236,61,91,-12.711864406779666,-10.489510489510494,HIGH
Moderate,Open,Krishna Bhadra,5.0,199,37,66,-14.572864321608039,-11.646586345381523,HIGH
Moderate,Open,Krishna Bhadra,8.0,214,49,69,-9.345794392523363,-7.575757575757574,HIGH
Moderate,Open,Krishna Bhadra,3.0,288,68,70,-0.6944444444444448,-0.5917159763313612,HIGH
Moderate,Open,Krishna Nanda,7.0,88,25,24,1.136363636363641,0.7246376811594232,HIGH
Moderate,Open,Krishna Nanda,2.0,123,34,32,1.6260162601625994,1.1560693641618482,HIGH
Moderate,Open,Krishna Nanda,4.0,78,30,12,23.076923076923077,14.0625,HIGH
Moderate,Open,Krishna Nanda,1.0,102,29,31,-1.9607843137254888,-1.3157894736842095,HIGH
Moderate,Open,Krishna Nanda,6.0,69,19,22,-4.347826086956519,-2.521008403361343,HIGH
Moderate,Open,Krishna Nanda,9.0,104,31,24,6.730769230769229,4.545454545454544,HIGH
Moderate,Open,Krishna Nanda,5.0,73,21,12,12.32876712328767,7.317073170731707,HIGH
Moderate,Open,Krishna Nanda,8.0,91,30,22,8.79120879120879,5.673758865248226,HIGH
Moderate,Open,Krishna Nanda,3.0,121,35,22,10.743801652892559,7.602339181286548,HIGH
Moderate,Open,Krishna Purna,7.0,115,13,37,-20.8695652173913,-14.545454545454545,HIGH
Moderate,Open,Krishna Purna,2.0,128,19,51,-25.0,-17.97752808988764,HIGH
Moderate,Open,Krishna Purna,4.0,101,8,44,-35.64356435643564,-23.841059602649004,HIGH
Moderate,Open,Krishna Purna,1.0,122,12,67,-45.08196721311476,-31.976744186046517,HIGH
Moderate,Open,Krishna Purna,6.0,74,8,32,-32.432432432432435,-19.354838709677423,HIGH
Moderate,Open,Krishna Purna,9.0,103,17,41,-23.300970873786405,-15.686274509803921,HIGH
Moderate,Open,Krishna Purna,5.0,102,13,33,-19.607843137254903,-13.157894736842106,HIGH
Moderate,Open,Krishna Purna,8.0,90,12,39,-30.000000000000004,-19.28571428571429,HIGH
Moderate,Open,Krishna Purna,3.0,113,18,48,-26.54867256637168,-18.40490797546012,HIGH
Moderate,Open,Shukla Bhadra,7.0,52,10,13,-5.769230769230768,-2.9411764705882346,HIGH
Moderate,Open,Shukla Bhadra,2.0,66,11,21,-15.151515151515152,-8.620689655172415,HIGH
Moderate,Open,Shukla Bhadra,4.0,40,12,6,15.0,6.666666666666666,HIGH
Moderate,Open,Shukla Bhadra,1.0,55,11,11,0.0,0.0,HIGH
Moderate,Open,Shukla Bhadra,6.0,42,9,9,0.0,0.0,HIGH
Moderate,Open,Shukla Bhadra,9.0,64,11,16,-7.8125,-4.385964912280701,HIGH
Moderate,Open,Shukla Bhadra,5.0,38,6,13,-18.42105263157895,-7.954545454545455,HIGH
Moderate,Open,Shukla Bhadra,8.0,56,14,15,-1.785714285714285,-0.9433962264150939,HIGH
Moderate,Open,Shukla Bhadra,3.0,64,16,16,0.0,0.0,HIGH
Moderate,Open,Shukla Nanda,7.0,159,48,34,8.805031446540879,6.698564593301434,HIGH
Moderate,Open,Shukla Nanda,2.0,194,63,33,15.463917525773196,12.295081967213115,HIGH
Moderate,Open,Shukla Nanda,4.0,110,26,28,-1.8181818181818161,-1.2499999999999987,HIGH
Moderate,Open,Shukla Nanda,1.0,130,29,27,1.5384615384615385,1.1111111111111112,HIGH
Moderate,Open,Shukla Nanda,6.0,116,37,23,12.06896551724138,8.433734939759038,HIGH
Moderate,Open,Shukla Nanda,9.0,172,58,30,16.279069767441857,12.61261261261261,HIGH
Moderate,Open,Shukla Nanda,5.0,118,33,27,5.0847457627118615,3.571428571428569,HIGH
Moderate,Open,Shukla Nanda,8.0,159,56,29,16.9811320754717,12.91866028708134,HIGH
Moderate,Open,Shukla Nanda,3.0,170,45,40,2.941176470588236,2.2727272727272734,HIGH
Moderate,Open,Krishna Rikta,7.0,113,29,31,-1.769911504424776,-1.2269938650306729,HIGH
Moderate,Open,Krishna Rikta,2.0,122,21,29,-6.557377049180327,-4.651162790697674,HIGH
Moderate,Open,Krishna Rikta,4.0,97,13,28,-15.463917525773194,-10.20408163265306,HIGH
Moderate,Open,Krishna Rikta,1.0,109,19,40,-19.26605504587156,-13.20754716981132,HIGH
Moderate,Open,Krishna Rikta,6.0,117,21,42,-17.94871794871795,-12.574850299401197,HIGH
Moderate,Open,Krishna Rikta,9.0,130,28,41,-9.999999999999998,-7.2222222222222205,HIGH
Moderate,Open,Krishna Rikta,5.0,115,14,39,-21.739130434782606,-15.15151515151515,HIGH
Moderate,Open,Krishna Rikta,8.0,110,28,34,-5.454545454545457,-3.7500000000000018,HIGH
Moderate,Open,Krishna Rikta,3.0,125,31,51,-15.999999999999998,-11.428571428571427,HIGH
Moderate,Open,Shukla Purna,7.0,77,21,17,5.194805194805194,3.149606299212598,HIGH
Moderate,Open,Shukla Purna,2.0,93,24,16,8.602150537634406,5.594405594405592,HIGH
Moderate,Open,Shukla Purna,4.0,65,12,9,4.615384615384616,2.608695652173913,HIGH
Moderate,Open,Shukla Purna,1.0,83,17,26,-10.843373493975905,-6.766917293233084,HIGH
Moderate,Open,Shukla Purna,6.0,57,6,13,-12.280701754385964,-6.542056074766354,HIGH
Moderate,Open,Shukla Purna,9.0,68,22,10,17.647058823529413,10.16949152542373,HIGH
Moderate,Open,Shukla Purna,5.0,55,13,12,1.8181818181818188,0.9523809523809528,HIGH
Moderate,Open,Shukla Purna,8.0,66,18,10,12.12121212121212,6.896551724137931,HIGH
Moderate,Open,Shukla Purna,3.0,93,24,19,5.376344086021503,3.496503496503495,HIGH
Moderate,Open,Shukla Rikta,7.0,104,24,30,-5.769230769230766,-3.896103896103894,HIGH
Moderate,Open,Shukla Rikta,2.0,137,40,44,-2.919708029197082,-2.1390374331550817,HIGH
Moderate,Open,Shukla Rikta,4.0,93,17,33,-17.20430107526882,-11.18881118881119,HIGH
Moderate,Open,Shukla Rikta,1.0,108,24,31,-6.481481481481483,-4.4303797468354436,HIGH
Moderate,Open,Shukla Rikta,6.0,91,24,31,-7.6923076923076925,-4.964539007092199,HIGH
Moderate,Open,Shukla Rikta,9.0,116,36,37,-0.8620689655172431,-0.6024096385542181,HIGH
Moderate,Open,Shukla Rikta,5.0,98,12,32,-20.40816326530612,-13.51351351351351,HIGH
Moderate,Open,Shukla Rikta,8.0,119,18,37,-15.96638655462185,-11.24260355029586,HIGH
Moderate,Open,Shukla Rikta,3.0,133,29,34,-3.7593984962406015,-2.73224043715847,HIGH
Moderate,Open,Shukla Jaya,7.0,173,35,49,-8.092485549132949,-6.278026905829598,HIGH
Moderate,Open,Shukla Jaya,2.0,161,39,44,-3.1055900621118013,-2.3696682464454977,HIGH
Moderate,Open,Shukla Jaya,4.0,159,58,51,4.402515723270439,3.349282296650717,HIGH
Moderate,Open,Shukla Jaya,1.0,156,54,35,12.179487179487177,9.223300970873785,HIGH
Moderate,Open,Shukla Jaya,6.0,156,40,61,-13.461538461538463,-10.194174757281555,HIGH
Moderate,Open,Shukla Jaya,9.0,174,53,47,3.448275862068967,2.6785714285714297,HIGH
Moderate,Open,Shukla Jaya,5.0,140,40,37,2.1428571428571406,1.5789473684210509,HIGH
Moderate,Open,Shukla Jaya,8.0,152,51,42,5.921052631578943,4.455445544554452,HIGH
Moderate,Open,Shukla Jaya,3.0,199,52,74,-11.055276381909545,-8.835341365461845,HIGH
Moderate,Open,Krishna Jaya,7.0,145,26,42,-11.034482758620692,-8.205128205128208,HIGH
Moderate,Open,Krishna Jaya,2.0,158,36,51,-9.49367088607595,-7.211538461538462,HIGH
Moderate,Open,Krishna Jaya,4.0,121,17,47,-24.793388429752063,-17.543859649122805,HIGH
Moderate,Open,Krishna Jaya,1.0,145,29,48,-13.103448275862068,-9.743589743589743,HIGH
Moderate,Open,Krishna Jaya,6.0,126,23,43,-15.873015873015875,-11.363636363636365,HIGH
Moderate,Open,Krishna Jaya,9.0,124,34,32,1.6129032258064502,1.1494252873563209,HIGH
Moderate,Open,Krishna Jaya,5.0,119,23,37,-11.76470588235294,-8.284023668639053,HIGH
Moderate,Open,Krishna Jaya,8.0,98,24,31,-7.142857142857145,-4.729729729729732,HIGH
Moderate,Open,Krishna Jaya,3.0,156,19,51,-20.51282051282051,-15.53398058252427,HIGH
Tough,Open,Shukla Bhadra,7.0,39,17,4,33.333333333333336,14.606741573033709,HIGH
Tough,Open,Shukla Bhadra,2.0,64,14,16,-3.125,-1.7543859649122806,HIGH
Tough,Open,Shukla Bhadra,4.0,51,13,12,1.9607843137254888,0.9900990099009894,HIGH
Tough,Open,Shukla Bhadra,1.0,50,12,8,7.999999999999999,3.9999999999999996,HIGH
Tough,Open,Shukla Bhadra,6.0,42,9,8,2.380952380952381,1.0869565217391304,HIGH
Tough,Open,Shukla Bhadra,9.0,51,10,8,3.9215686274509802,1.9801980198019802,HIGH
Tough,Open,Shukla Bhadra,8.0,54,17,7,18.51851851851852,9.615384615384617,HIGH
Tough,Open,Shukla Bhadra,5.0,31,9,8,3.2258064516129057,1.2345679012345687,HIGH
Tough,Open,Shukla Bhadra,3.0,53,18,9,16.9811320754717,8.737864077669903,HIGH
Tough,Open,Krishna Bhadra,7.0,18,2,6,-22.22222222222222,-5.88235294117647,EXPLORATORY
Tough,Open,Krishna Bhadra,2.0,28,6,6,0.0,0.0,EXPLORATORY
Tough,Open,Krishna Bhadra,4.0,16,7,5,12.5,3.0303030303030303,EXPLORATORY
Tough,Open,Krishna Bhadra,1.0,23,7,2,21.73913043478261,6.8493150684931505,EXPLORATORY
Tough,Open,Krishna Bhadra,6.0,15,4,1,20.0,4.615384615384616,EXPLORATORY
Tough,Open,Krishna Bhadra,9.0,14,2,3,-7.142857142857142,-1.5625,WEAK
Tough,Open,Krishna Bhadra,8.0,19,6,3,15.789473684210526,4.3478260869565215,EXPLORATORY
Tough,Open,Krishna Bhadra,5.0,13,2,4,-15.384615384615385,-3.1746031746031744,WEAK
Tough,Open,Krishna Bhadra,3.0,24,6,7,-4.166666666666669,-1.3513513513513522,EXPLORATORY
Tough,Open,Shukla Jaya,7.0,16,6,8,-12.5,-3.0303030303030303,EXPLORATORY
Tough,Open,Shukla Jaya,2.0,14,2,2,0.0,0.0,WEAK
Tough,Open,Shukla Jaya,4.0,24,2,2,0.0,0.0,EXPLORATORY
Tough,Open,Shukla Jaya,1.0,26,6,6,0.0,0.0,EXPLORATORY
Tough,Open,Shukla Jaya,6.0,14,2,0,14.285714285714285,3.125,WEAK
Tough,Open,Shukla Jaya,9.0,14,4,6,-14.285714285714285,-3.125,WEAK
Tough,Open,Shukla Jaya,8.0,4,0,0,0.0,0.0,WEAK
Tough,Open,Shukla Jaya,5.0,12,0,2,-16.666666666666664,-3.2258064516129026,WEAK
Tough,Open,Shukla Jaya,3.0,20,6,6,0.0,0.0,EXPLORATORY
Tough,Positioning,Shukla Bhadra,7.0,10,0,0,0.0,0.0,WEAK
Tough,Positioning,Shukla Bhadra,2.0,11,6,0,54.54545454545454,9.83606557377049,WEAK
Tough,Positioning,Shukla Bhadra,4.0,10,0,3,-30.0,-5.0,WEAK
Tough,Positioning,Shukla Bhadra,1.0,13,2,6,-30.76923076923077,-6.349206349206349,WEAK
Tough,Positioning,Shukla Bhadra,6.0,7,0,3,-42.857142857142854,-5.263157894736842,WEAK
Tough,Positioning,Shukla Bhadra,9.0,11,1,2,-9.090909090909092,-1.6393442622950822,WEAK
Tough,Positioning,Shukla Bhadra,8.0,13,5,3,15.384615384615385,3.1746031746031744,WEAK
Tough,Positioning,Shukla Bhadra,5.0,6,2,2,0.0,0.0,WEAK
Tough,Positioning,Shukla Bhadra,3.0,10,1,1,0.0,0.0,WEAK
Tough,Positioning,Krishna Jaya,7.0,16,9,2,43.75,10.606060606060606,EXPLORATORY
Tough,Positioning,Krishna Jaya,2.0,21,11,4,33.333333333333336,9.859154929577466,EXPLORATORY
Tough,Positioning,Krishna Jaya,4.0,12,3,1,16.666666666666668,3.2258064516129035,WEAK
Tough,Positioning,Krishna Jaya,1.0,18,6,3,16.666666666666664,4.411764705882352,EXPLORATORY
Tough,Positioning,Krishna Jaya,6.0,15,6,2,26.66666666666667,6.153846153846155,EXPLORATORY
Tough,Positioning,Krishna Jaya,9.0,8,3,1,25.0,3.4482758620689653,WEAK
Tough,Positioning,Krishna Jaya,8.0,11,2,1,9.090909090909092,1.6393442622950822,WEAK
Tough,Positioning,Krishna Jaya,5.0,11,5,2,27.27272727272727,4.918032786885245,WEAK
Tough,Positioning,Krishna Jaya,3.0,23,10,6,17.391304347826086,5.47945205479452,EXPLORATORY
Tough,Positioning,Krishna Purna,7.0,25,7,4,12.000000000000002,4.0,EXPLORATORY
Tough,Positioning,Krishna Purna,2.0,31,9,8,3.2258064516129057,1.2345679012345687,HIGH
Tough,Positioning,Krishna Purna,4.0,19,7,2,26.31578947368421,7.246376811594202,EXPLORATORY
Tough,Positioning,Krishna Purna,1.0,26,11,3,30.76923076923077,10.526315789473685,EXPLORATORY
Tough,Positioning,Krishna Purna,6.0,25,7,5,8.000000000000002,2.666666666666667,EXPLORATORY
Tough,Positioning,Krishna Purna,9.0,24,9,4,20.833333333333336,6.756756756756758,EXPLORATORY
Tough,Positioning,Krishna Purna,8.0,15,4,0,26.666666666666668,6.153846153846154,EXPLORATORY
Tough,Positioning,Krishna Purna,5.0,26,13,3,38.46153846153846,13.157894736842104,EXPLORATORY
Tough,Positioning,Krishna Purna,3.0,23,12,0,52.17391304347826,16.43835616438356,EXPLORATORY
Tough,Positioning,Krishna Bhadra,7.0,26,10,2,30.76923076923077,10.526315789473685,EXPLORATORY
Tough,Positioning,Krishna Bhadra,2.0,42,8,0,19.047619047619047,8.695652173913043,HIGH
Tough,Positioning,Krishna Bhadra,4.0,22,0,4,-18.181818181818183,-5.555555555555556,EXPLORATORY
Tough,Positioning,Krishna Bhadra,1.0,26,10,8,7.6923076923076925,2.6315789473684212,EXPLORATORY
Tough,Positioning,Krishna Bhadra,6.0,28,6,6,0.0,0.0,EXPLORATORY
Tough,Positioning,Krishna Bhadra,9.0,30,6,2,13.333333333333336,5.000000000000001,HIGH
Tough,Positioning,Krishna Bhadra,8.0,24,4,6,-8.333333333333334,-2.702702702702703,EXPLORATORY
Tough,Positioning,Krishna Bhadra,5.0,22,6,6,0.0,0.0,EXPLORATORY
Tough,Positioning,Krishna Bhadra,3.0,40,18,6,30.000000000000004,13.333333333333334,HIGH
Tough,Positioning,Shukla Jaya,7.0,6,0,0,0.0,0.0,WEAK
Tough,Positioning,Shukla Jaya,2.0,24,0,8,-33.33333333333333,-10.81081081081081,EXPLORATORY
Tough,Positioning,Shukla Jaya,4.0,12,2,2,0.0,0.0,WEAK
Tough,Positioning,Shukla Jaya,1.0,18,0,10,-55.55555555555556,-14.705882352941178,EXPLORATORY
Tough,Positioning,Shukla Jaya,6.0,14,0,6,-42.857142857142854,-9.375,WEAK
Tough,Positioning,Shukla Jaya,9.0,16,0,12,-75.0,-18.181818181818183,EXPLORATORY
Tough,Positioning,Shukla Jaya,8.0,12,0,8,-66.66666666666666,-12.90322580645161,WEAK
Tough,Positioning,Shukla Jaya,5.0,10,0,6,-60.0,-10.0,WEAK
Tough,Positioning,Shukla Jaya,3.0,14,2,8,-42.857142857142854,-9.375,WEAK
Tough,Positioning,Shukla Nanda,7.0,30,10,6,13.33333333333333,4.999999999999999,HIGH
Tough,Positioning,Shukla Nanda,2.0,26,0,6,-23.076923076923077,-7.894736842105263,EXPLORATORY
Tough,Positioning,Shukla Nanda,4.0,24,6,6,0.0,0.0,EXPLORATORY
Tough,Positioning,Shukla Nanda,1.0,26,4,6,-7.6923076923076925,-2.6315789473684212,EXPLORATORY
Tough,Positioning,Shukla Nanda,6.0,22,8,2,27.27272727272727,8.333333333333334,EXPLORATORY
Tough,Positioning,Shukla Nanda,9.0,30,8,6,6.666666666666665,2.4999999999999996,HIGH
Tough,Positioning,Shukla Nanda,8.0,22,4,4,0.0,0.0,EXPLORATORY
Tough,Positioning,Shukla Nanda,5.0,32,12,8,12.5,4.878048780487805,HIGH
Tough,Positioning,Shukla Nanda,3.0,30,10,4,20.0,7.5,HIGH
Tough,Positioning,Shukla Rikta,7.0,8,0,6,-75.0,-10.344827586206897,WEAK
Tough,Positioning,Shukla Rikta,2.0,8,0,4,-50.0,-6.896551724137931,WEAK
Tough,Positioning,Shukla Rikta,4.0,6,0,2,-33.33333333333333,-3.5714285714285707,WEAK
Tough,Positioning,Shukla Rikta,1.0,6,1,4,-50.0,-5.357142857142857,WEAK
Tough,Positioning,Shukla Rikta,6.0,6,0,3,-50.0,-5.357142857142857,WEAK
Tough,Positioning,Shukla Rikta,9.0,3,1,1,0.0,0.0,WEAK
Tough,Positioning,Shukla Rikta,8.0,7,0,4,-57.14285714285714,-7.0175438596491215,WEAK
Tough,Positioning,Shukla Rikta,5.0,5,0,3,-60.0,-5.454545454545455,WEAK
Tough,Positioning,Shukla Rikta,3.0,6,0,5,-83.33333333333334,-8.928571428571429,WEAK
Tough,Closing,Krishna Jaya,7.0,22,6,2,18.18181818181818,5.555555555555555,EXPLORATORY
Tough,Closing,Krishna Jaya,2.0,22,2,14,-54.54545454545454,-16.666666666666668,EXPLORATORY
Tough,Closing,Krishna Jaya,4.0,16,4,2,12.5,3.0303030303030303,EXPLORATORY
Tough,Closing,Krishna Jaya,1.0,20,4,6,-9.999999999999998,-2.8571428571428563,EXPLORATORY
Tough,Closing,Krishna Jaya,6.0,12,0,8,-66.66666666666666,-12.90322580645161,WEAK
Tough,Closing,Krishna Jaya,9.0,14,4,4,0.0,0.0,WEAK
Tough,Closing,Krishna Jaya,8.0,8,0,2,-25.0,-3.4482758620689653,WEAK
Tough,Closing,Krishna Jaya,5.0,10,0,6,-60.0,-10.0,WEAK
Tough,Closing,Krishna Jaya,3.0,18,4,6,-11.11111111111111,-2.941176470588235,EXPLORATORY
Tough,Closing,Krishna Rikta,7.0,25,3,4,-4.000000000000001,-1.3333333333333335,EXPLORATORY
Tough,Closing,Krishna Rikta,2.0,31,10,10,0.0,0.0,HIGH
Tough,Closing,Krishna Rikta,4.0,19,1,14,-68.42105263157893,-18.840579710144922,EXPLORATORY
Tough,Closing,Krishna Rikta,1.0,26,2,14,-46.15384615384615,-15.789473684210526,EXPLORATORY
Tough,Closing,Krishna Rikta,6.0,25,2,10,-32.0,-10.666666666666666,EXPLORATORY
Tough,Closing,Krishna Rikta,9.0,24,4,12,-33.333333333333336,-10.810810810810812,EXPLORATORY
Tough,Closing,Krishna Rikta,8.0,15,0,6,-40.0,-9.230769230769232,EXPLORATORY
Tough,Closing,Krishna Rikta,5.0,26,2,17,-57.692307692307686,-19.736842105263158,EXPLORATORY
Tough,Closing,Krishna Rikta,3.0,23,0,8,-34.78260869565217,-10.95890410958904,EXPLORATORY
Tough,Closing,Krishna Bhadra,7.0,18,1,9,-44.44444444444444,-11.76470588235294,EXPLORATORY
Tough,Closing,Krishna Bhadra,2.0,23,4,13,-39.13043478260869,-12.328767123287669,EXPLORATORY
Tough,Closing,Krishna Bhadra,4.0,19,3,10,-36.84210526315789,-10.144927536231883,EXPLORATORY
Tough,Closing,Krishna Bhadra,1.0,16,2,7,-31.25,-7.575757575757576,EXPLORATORY
Tough,Closing,Krishna Bhadra,6.0,13,2,3,-7.6923076923076925,-1.5873015873015872,WEAK
Tough,Closing,Krishna Bhadra,9.0,10,0,4,-40.0,-6.666666666666666,WEAK
Tough,Closing,Krishna Bhadra,8.0,13,3,4,-7.6923076923076925,-1.5873015873015872,WEAK
Tough,Closing,Krishna Bhadra,5.0,12,1,6,-41.66666666666667,-8.064516129032258,WEAK
Tough,Closing,Krishna Bhadra,3.0,24,3,16,-54.166666666666664,-17.56756756756757,EXPLORATORY
Tough,Survival,Krishna Rikta,7.0,29,7,8,-3.448275862068964,-1.265822784810126,EXPLORATORY
Tough,Survival,Krishna Rikta,2.0,24,5,7,-8.333333333333334,-2.702702702702703,EXPLORATORY
Tough,Survival,Krishna Rikta,4.0,27,9,8,3.7037037037037033,1.2987012987012985,EXPLORATORY
Tough,Survival,Krishna Rikta,1.0,30,3,12,-30.000000000000004,-11.250000000000002,HIGH
Tough,Survival,Krishna Rikta,6.0,26,10,5,19.230769230769234,6.578947368421054,EXPLORATORY
Tough,Survival,Krishna Rikta,9.0,29,11,7,13.79310344827586,5.063291139240506,EXPLORATORY
Tough,Survival,Krishna Rikta,8.0,21,5,5,0.0,0.0,EXPLORATORY
Tough,Survival,Krishna Rikta,5.0,20,7,2,24.999999999999996,7.1428571428571415,EXPLORATORY
Tough,Survival,Krishna Rikta,3.0,29,7,3,13.793103448275861,5.063291139240506,EXPLORATORY
Tough,Survival,Krishna Bhadra,7.0,26,2,4,-7.6923076923076925,-2.6315789473684212,EXPLORATORY
Tough,Survival,Krishna Bhadra,2.0,32,8,10,-6.25,-2.4390243902439024,HIGH
Tough,Survival,Krishna Bhadra,4.0,22,6,2,18.18181818181818,5.555555555555555,EXPLORATORY
Tough,Survival,Krishna Bhadra,1.0,26,6,2,15.384615384615385,5.2631578947368425,EXPLORATORY
Tough,Survival,Krishna Bhadra,6.0,28,8,8,0.0,0.0,EXPLORATORY
Tough,Survival,Krishna Bhadra,9.0,20,6,0,30.0,8.571428571428571,EXPLORATORY
Tough,Survival,Krishna Bhadra,8.0,18,6,6,0.0,0.0,EXPLORATORY
Tough,Survival,Krishna Bhadra,5.0,26,2,12,-38.46153846153847,-13.157894736842108,EXPLORATORY
Tough,Survival,Krishna Bhadra,3.0,30,4,10,-20.0,-7.5,HIGH
Tough,Survival,Shukla Jaya,7.0,17,4,4,0.0,0.0,EXPLORATORY
Tough,Survival,Shukla Jaya,2.0,25,3,9,-24.0,-8.0,EXPLORATORY
Tough,Survival,Shukla Jaya,4.0,16,4,4,0.0,0.0,EXPLORATORY
Tough,Survival,Shukla Jaya,1.0,24,4,4,0.0,0.0,EXPLORATORY
Tough,Survival,Shukla Jaya,6.0,18,0,10,-55.55555555555556,-14.705882352941178,EXPLORATORY
Tough,Survival,Shukla Jaya,9.0,22,2,8,-27.27272727272727,-8.333333333333334,EXPLORATORY
Tough,Survival,Shukla Jaya,8.0,17,4,3,5.882352941176469,1.4925373134328355,EXPLORATORY
Tough,Survival,Shukla Jaya,5.0,12,1,6,-41.66666666666667,-8.064516129032258,WEAK
Tough,Survival,Shukla Jaya,3.0,24,1,7,-25.0,-8.108108108108109,EXPLORATORY
Tough,Survival,Krishna Nanda,7.0,24,12,2,41.66666666666667,13.513513513513516,EXPLORATORY
Tough,Survival,Krishna Nanda,2.0,32,10,2,25.0,9.75609756097561,HIGH
Tough,Survival,Krishna Nanda,4.0,10,8,2,60.00000000000001,10.0,WEAK
Tough,Survival,Krishna Nanda,1.0,24,8,0,33.33333333333333,10.81081081081081,EXPLORATORY
Tough,Survival,Krishna Nanda,6.0,24,8,0,33.33333333333333,10.81081081081081,EXPLORATORY
Tough,Survival,Krishna Nanda,9.0,28,12,4,28.57142857142857,10.256410256410255,EXPLORATORY
Tough,Survival,Krishna Nanda,8.0,18,2,4,-11.11111111111111,-2.941176470588235,EXPLORATORY
Tough,Survival,Krishna Nanda,5.0,24,10,2,33.333333333333336,10.810810810810812,EXPLORATORY
Tough,Survival,Krishna Nanda,3.0,22,10,2,36.36363636363637,11.111111111111112,EXPLORATORY
Tough,Survival,Shukla Purna,7.0,7,1,5,-57.14285714285714,-7.0175438596491215,WEAK
Tough,Survival,Shukla Purna,2.0,10,0,5,-50.0,-8.333333333333332,WEAK
Tough,Survival,Shukla Purna,4.0,4,0,2,-50.0,-3.7037037037037033,WEAK
Tough,Survival,Shukla Purna,1.0,5,0,3,-60.0,-5.454545454545455,WEAK
Tough,Survival,Shukla Purna,6.0,5,0,3,-60.0,-5.454545454545455,WEAK
Tough,Survival,Shukla Purna,9.0,9,0,6,-66.66666666666666,-10.169491525423728,WEAK
Tough,Survival,Shukla Purna,8.0,11,1,4,-27.27272727272727,-4.918032786885245,WEAK
Tough,Survival,Shukla Purna,5.0,4,0,4,-100.0,-7.4074074074074066,WEAK
Tough,Survival,Shukla Purna,3.0,11,0,5,-45.45454545454545,-8.19672131147541,WEAK
